prompt,response,confidence,correct,model
normal,normal,0.09814453125,0,medgemma-4b-it
normal,normal,0.09814453125,0,medgemma-4b-it
normal,cardiomegaly,0.10205078125,0,medgemma-4b-it
normal,cardiomegaly,0.1240234375,0,medgemma-4b-it
normal,cardiomegaly,0.9921875,1,medgemma-4b-it
normal,normal,0.09814453125,0,medgemma-4b-it
focal left lateral base,focal abnormality in airspace disease,0.8203125,0,medgemma-4b-it
focal left lateral base,focal abnormality in airspace disease,0.96875,1,medgemma-4b-it
focal left lateral base,focal abnormality in airspace disease,0.890625,0,medgemma-4b-it
focal left lateral base,focal abnormality in airspace disease,0.1865234375,1,medgemma-4b-it
focal left lateral base,focal abnormality in airspace disease,0.9375,0,medgemma-4b-it
focal left lateral base,focal abnormality in airspace disease,0.1650390625,0,medgemma-4b-it
aorto-iliac aneurysm,pleural effusion,0.212890625,0,medgemma-4b-it
aorto-iliac aneurysm,pleural effusion,0.94140625,1,medgemma-4b-it
aorto-iliac aneurysm,pleural effusion,0.96875,1,medgemma-4b-it
normal,normal,0.09814453125,0,medgemma-4b-it
left lower lobe ate,pulmonary atelectasis,1.0,0,medgemma-4b-it
left lower lobe ate,pulmonary atelectasis,0.55859375,1,medgemma-4b-it
left lower lobe ate,pulmonary atelectasis,0.10400390625,0,medgemma-4b-it
left lower lobe ate,pulmonary atelectasis,0.427734375,1,medgemma-4b-it
left lower lobe ate,pulmonary atelectasis,0.98828125,1,medgemma-4b-it
normal,normal,0.09814453125,0,medgemma-4b-it
left lower lobe opacity,cardiomegaly,0.16796875,0,medgemma-4b-it
left lower lobe opacity,cardiomegaly,0.703125,1,medgemma-4b-it
left lower lobe opacity,cardiomegaly,0.8984375,1,medgemma-4b-it
left upper lobe airspace,pneumonia,0.4453125,0,medgemma-4b-it
left upper lobe airspace,pneumonia,0.95703125,1,medgemma-4b-it
normal,normal,0.09814453125,0,medgemma-4b-it
normal,normal,0.09814453125,0,medgemma-4b-it
normal,normal,0.09814453125,0,medgemma-4b-it
normal,"bone diseases, metabolic",0.10205078125,0,medgemma-4b-it
normal,"bone diseases, metabolic",0.08544921875,0,medgemma-4b-it
normal,"bone diseases, metabolic",0.2314453125,0,medgemma-4b-it
normal,"bone diseases, metabolic",0.28125,0,medgemma-4b-it
normal,normal,0.09814453125,0,medgemma-4b-it
normal,pulmonary atelectasis,0.10205078125,0,medgemma-4b-it
normal,pulmonary atelectasis,0.166015625,0,medgemma-4b-it
normal,pulmonary atelectasis,0.146484375,0,medgemma-4b-it
normal,pulmonary atelectasis,0.9921875,1,medgemma-4b-it
normal,pulmonary atelectasis,0.9921875,1,medgemma-4b-it
normal,normal,0.09814453125,0,medgemma-4b-it
normal,tortuous vessel in aorta,0.10205078125,0,medgemma-4b-it
normal,tortuous vessel in aorta,0.515625,0,medgemma-4b-it
normal,tortuous vessel in aorta,0.08349609375,0,medgemma-4b-it
normal,tortuous vessel in aorta,0.14453125,0,medgemma-4b-it
normal,tortuous vessel in aorta,0.609375,0,medgemma-4b-it
central left lung mass,granuloma,0.166015625,0,medgemma-4b-it
central left lung mass,granuloma,0.83203125,1,medgemma-4b-it
central left lung mass,granuloma,0.451171875,0,medgemma-4b-it
normal,cardiomegaly,0.10205078125,0,medgemma-4b-it
normal,cardiomegaly,0.1240234375,0,medgemma-4b-it
normal,cardiomegaly,0.9921875,1,medgemma-4b-it
normal,normal,0.09814453125,0,medgemma-4b-it
normal ``` normal ```,normal,0.28515625,0,medgemma-4b-it
normal,lung hypoinflation in lung,0.1748046875,0,medgemma-4b-it
normal,lung hypoinflation in lung,0.2373046875,0,medgemma-4b-it
normal,lung hypoinflation in lung,0.083984375,0,medgemma-4b-it
normal,lung hypoinflation in lung,0.162109375,0,medgemma-4b-it
normal,lung hypoinflation in lung,0.9296875,0,medgemma-4b-it
normal,lung hypoinflation in lung,0.76171875,0,medgemma-4b-it
normal,lung hypoinflation in lung,0.20703125,0,medgemma-4b-it
normal ``` normal ```,normal,0.28515625,0,medgemma-4b-it
normal,cardiomegaly,0.10205078125,0,medgemma-4b-it
normal,cardiomegaly,0.1240234375,0,medgemma-4b-it
normal,cardiomegaly,0.9921875,1,medgemma-4b-it
normal,normal,0.09814453125,0,medgemma-4b-it
normal,normal,0.09814453125,0,medgemma-4b-it
cardiomegaly,cardiomegaly,0.18359375,0,medgemma-4b-it
cardiomegaly,cardiomegaly,0.92578125,1,medgemma-4b-it
cardiomegaly,cardiomegaly,0.9921875,1,medgemma-4b-it
normal,normal,0.09814453125,0,medgemma-4b-it
interstitial lung disease,calcified granuloma,0.51171875,0,medgemma-4b-it
interstitial lung disease,calcified granuloma,0.46484375,0,medgemma-4b-it
interstitial lung disease,calcified granuloma,0.1982421875,0,medgemma-4b-it
interstitial lung disease,calcified granuloma,0.93359375,0,medgemma-4b-it
normal,pulmonary atelectasis,0.10205078125,0,medgemma-4b-it
normal,pulmonary atelectasis,0.166015625,0,medgemma-4b-it
normal,pulmonary atelectasis,0.146484375,0,medgemma-4b-it
normal,pulmonary atelectasis,0.9921875,1,medgemma-4b-it
normal,pulmonary atelectasis,0.9921875,1,medgemma-4b-it
normal,normal,0.09814453125,0,medgemma-4b-it
normal,cicatrix,0.09814453125,0,medgemma-4b-it
normal,cicatrix,0.29296875,0,medgemma-4b-it
mask ``` mask ```,calcified granuloma,0.53125,0,medgemma-4b-it
mask ``` mask ```,calcified granuloma,0.31640625,0,medgemma-4b-it
mask ``` mask ```,calcified granuloma,0.09375,0,medgemma-4b-it
mask ``` mask ```,calcified granuloma,0.890625,0,medgemma-4b-it
normal,normal,0.09814453125,0,medgemma-4b-it
left lower lobe opacity,cicatrix,0.1630859375,0,medgemma-4b-it
left lower lobe opacity,cicatrix,0.77734375,0,medgemma-4b-it
left lower lobe consolidation,atherosclerosis,0.1875,0,medgemma-4b-it
left lower lobe consolidation,atherosclerosis,0.98828125,1,medgemma-4b-it
left lower lobe consolidation,atherosclerosis,0.73828125,1,medgemma-4b-it
normal,lung hypoinflation in lung,0.1748046875,0,medgemma-4b-it
normal,lung hypoinflation in lung,0.2373046875,0,medgemma-4b-it
normal,lung hypoinflation in lung,0.083984375,0,medgemma-4b-it
normal,lung hypoinflation in lung,0.162109375,0,medgemma-4b-it
normal,lung hypoinflation in lung,0.9296875,0,medgemma-4b-it
normal,lung hypoinflation in lung,0.76171875,0,medgemma-4b-it
normal,lung hypoinflation in lung,0.20703125,0,medgemma-4b-it
calcified lymph nodes,calcinosis,0.138671875,0,medgemma-4b-it
calcified lymph nodes,calcinosis,0.271484375,0,medgemma-4b-it
calcified lymph nodes,calcinosis,0.875,0,medgemma-4b-it
normal,foreign bodies,0.09814453125,0,medgemma-4b-it
normal,foreign bodies,0.330078125,0,medgemma-4b-it
normal,normal,0.09814453125,0,medgemma-4b-it
copd,bronchiectasis,0.11962890625,0,medgemma-4b-it
copd,bronchiectasis,0.296875,0,medgemma-4b-it
copd,bronchiectasis,0.482421875,1,medgemma-4b-it
aortic aneurysm,calcinosis,0.271484375,0,medgemma-4b-it
aortic aneurysm,calcinosis,0.6015625,0,medgemma-4b-it
aortic aneurysm,calcinosis,0.94921875,1,medgemma-4b-it
normal,normal,0.09814453125,0,medgemma-4b-it
normal,normal,0.09814453125,0,medgemma-4b-it
normal,normal,0.09814453125,0,medgemma-4b-it
chronic lymphadenopathy,calcinosis,0.1904296875,0,medgemma-4b-it
chronic lymphadenopathy,calcinosis,0.404296875,1,medgemma-4b-it
chronic lymphadenopathy,calcinosis,0.98046875,1,medgemma-4b-it
normal,calcinosis,0.10205078125,0,medgemma-4b-it
normal,calcinosis,0.078125,0,medgemma-4b-it
normal,calcinosis,0.06640625,0,medgemma-4b-it
left suprahilar opacity,pulmonary opacity,0.140625,0,medgemma-4b-it
left suprahilar opacity,pulmonary opacity,0.921875,1,medgemma-4b-it
left suprahilar opacity,pulmonary opacity,0.0986328125,0,medgemma-4b-it
normal,normal,0.09814453125,0,medgemma-4b-it
normal,elevated diaphragm in diaphragm,0.1748046875,0,medgemma-4b-it
normal,elevated diaphragm in diaphragm,0.158203125,0,medgemma-4b-it
normal,elevated diaphragm in diaphragm,0.337890625,0,medgemma-4b-it
normal,elevated diaphragm in diaphragm,0.66796875,0,medgemma-4b-it
normal,elevated diaphragm in diaphragm,0.19921875,0,medgemma-4b-it
pleural effusions,atherosclerosis,0.1953125,0,medgemma-4b-it
pleural effusions,atherosclerosis,0.98828125,1,medgemma-4b-it
pleural effusions,atherosclerosis,0.71875,1,medgemma-4b-it
normal,normal,0.09814453125,0,medgemma-4b-it
normal,normal,0.09814453125,0,medgemma-4b-it
cardiomegaly,streaky opacity in opacity,0.1171875,0,medgemma-4b-it
cardiomegaly,streaky opacity in opacity,0.224609375,0,medgemma-4b-it
cardiomegaly,streaky opacity in opacity,0.111328125,0,medgemma-4b-it
cardiomegaly,streaky opacity in opacity,0.4296875,1,medgemma-4b-it
cardiomegaly,streaky opacity in opacity,0.87109375,0,medgemma-4b-it
normal,elevated diaphragm in diaphragm,0.1748046875,0,medgemma-4b-it
normal,elevated diaphragm in diaphragm,0.158203125,0,medgemma-4b-it
normal,elevated diaphragm in diaphragm,0.337890625,0,medgemma-4b-it
normal,elevated diaphragm in diaphragm,0.66796875,0,medgemma-4b-it
normal,elevated diaphragm in diaphragm,0.19921875,0,medgemma-4b-it
normal,normal,0.09814453125,0,medgemma-4b-it
normal,lung hyperdistention in lung,0.1748046875,0,medgemma-4b-it
normal,lung hyperdistention in lung,0.2373046875,0,medgemma-4b-it
normal,lung hyperdistention in lung,0.083984375,0,medgemma-4b-it
normal,lung hyperdistention in lung,0.039306640625,0,medgemma-4b-it
normal,lung hyperdistention in lung,0.248046875,0,medgemma-4b-it
normal,lung hyperdistention in lung,0.39453125,0,medgemma-4b-it
normal,cardiomegaly,0.10205078125,0,medgemma-4b-it
normal,cardiomegaly,0.1240234375,0,medgemma-4b-it
normal,cardiomegaly,0.9921875,1,medgemma-4b-it
lung mass,calcinosis,0.138671875,0,medgemma-4b-it
lung mass,calcinosis,0.040283203125,0,medgemma-4b-it
lung mass,calcinosis,0.6328125,1,medgemma-4b-it
normal,normal,0.09814453125,0,medgemma-4b-it
normal,lung hypoinflation in lung,0.1748046875,0,medgemma-4b-it
normal,lung hypoinflation in lung,0.2373046875,0,medgemma-4b-it
normal,lung hypoinflation in lung,0.083984375,0,medgemma-4b-it
normal,lung hypoinflation in lung,0.162109375,0,medgemma-4b-it
normal,lung hypoinflation in lung,0.9296875,0,medgemma-4b-it
normal,lung hypoinflation in lung,0.76171875,0,medgemma-4b-it
normal,lung hypoinflation in lung,0.20703125,0,medgemma-4b-it
patchy opacity ``` patch,patchy opacity in opacity,0.189453125,0,medgemma-4b-it
patchy opacity ``` patch,patchy opacity in opacity,0.380859375,1,medgemma-4b-it
patchy opacity ``` patch,patchy opacity in opacity,0.79296875,1,medgemma-4b-it
patchy opacity ``` patch,patchy opacity in opacity,0.515625,0,medgemma-4b-it
patchy opacity ``` patch,patchy opacity in opacity,0.8671875,0,medgemma-4b-it
normal,calcinosis,0.10205078125,0,medgemma-4b-it
normal,calcinosis,0.078125,0,medgemma-4b-it
normal,calcinosis,0.06640625,0,medgemma-4b-it
normal,normal,0.09814453125,0,medgemma-4b-it
normal,normal,0.09814453125,0,medgemma-4b-it
**hypertension**,calcinosis,0.427734375,0,medgemma-4b-it
**hypertension**,calcinosis,0.96875,0,medgemma-4b-it
**hypertension**,calcinosis,0.10986328125,0,medgemma-4b-it
normal,normal,0.09814453125,0,medgemma-4b-it
cardiomegaly,normal,0.107421875,0,medgemma-4b-it
calcified hilar lymph node,calcinosis,0.1513671875,0,medgemma-4b-it
calcified hilar lymph node,calcinosis,0.25390625,1,medgemma-4b-it
calcified hilar lymph node,calcinosis,0.455078125,0,medgemma-4b-it
normal,normal,0.09814453125,0,medgemma-4b-it
right pleural effusion,pleural effusion,0.208984375,0,medgemma-4b-it
right pleural effusion,pleural effusion,0.8515625,1,medgemma-4b-it
right pleural effusion,pleural effusion,0.546875,1,medgemma-4b-it
normal,cardiomegaly,0.10205078125,0,medgemma-4b-it
normal,cardiomegaly,0.1240234375,0,medgemma-4b-it
normal,cardiomegaly,0.9921875,1,medgemma-4b-it
right lower lobe opacity,"pulmonary disease, chronic obstructive",0.16015625,0,medgemma-4b-it
right lower lobe opacity,"pulmonary disease, chronic obstructive",0.94921875,1,medgemma-4b-it
right lower lobe opacity,"pulmonary disease, chronic obstructive",0.234375,0,medgemma-4b-it
right lower lobe opacity,"pulmonary disease, chronic obstructive",0.33984375,0,medgemma-4b-it
right lower lobe opacity,"pulmonary disease, chronic obstructive",0.130859375,0,medgemma-4b-it
right lower lobe opacity,"pulmonary disease, chronic obstructive",0.224609375,1,medgemma-4b-it
pulmonary nodules,bilateral abnormality in nodule,0.248046875,0,medgemma-4b-it
pulmonary nodules,bilateral abnormality in nodule,0.98828125,1,medgemma-4b-it
pulmonary nodules,bilateral abnormality in nodule,0.22265625,0,medgemma-4b-it
pulmonary nodules,bilateral abnormality in nodule,0.2314453125,0,medgemma-4b-it
pulmonary nodules,bilateral abnormality in nodule,0.703125,0,medgemma-4b-it
pulmonary nodules,bilateral abnormality in nodule,0.7109375,1,medgemma-4b-it
cardiomegaly,cardiomegaly,0.18359375,0,medgemma-4b-it
cardiomegaly,cardiomegaly,0.92578125,1,medgemma-4b-it
cardiomegaly,cardiomegaly,0.9921875,1,medgemma-4b-it
pulmonary edema,pulmonary atelectasis,0.87109375,0,medgemma-4b-it
pulmonary edema,pulmonary atelectasis,0.2451171875,0,medgemma-4b-it
pulmonary edema,pulmonary atelectasis,0.86328125,0,medgemma-4b-it
pulmonary edema,pulmonary atelectasis,0.98828125,1,medgemma-4b-it
pulmonary edema,pulmonary atelectasis,0.91796875,1,medgemma-4b-it
fracture,degenerative change in thoracic vertebrae,0.345703125,0,medgemma-4b-it
fracture,degenerative change in thoracic vertebrae,0.1015625,0,medgemma-4b-it
fracture,degenerative change in thoracic vertebrae,0.2109375,0,medgemma-4b-it
fracture,degenerative change in thoracic vertebrae,0.67578125,0,medgemma-4b-it
fracture,degenerative change in thoracic vertebrae,0.78125,0,medgemma-4b-it
normal,normal,0.09814453125,0,medgemma-4b-it
normal,deformity,0.10205078125,0,medgemma-4b-it
normal,deformity,0.09033203125,0,medgemma-4b-it
normal,deformity,0.5234375,1,medgemma-4b-it
right hilar nodule,pulmonary nodule,0.1376953125,0,medgemma-4b-it
right hilar nodule,pulmonary nodule,0.7421875,1,medgemma-4b-it
right hilar nodule,pulmonary nodule,0.259765625,0,medgemma-4b-it
right hilar nodule,pulmonary nodule,0.99609375,1,medgemma-4b-it
normal,normal,0.09814453125,0,medgemma-4b-it
normal,normal,0.09814453125,0,medgemma-4b-it
normal,normal,0.09814453125,0,medgemma-4b-it
calcified granuloma,bilateral abnormality in calcified granuloma,0.2373046875,0,medgemma-4b-it
calcified granuloma,bilateral abnormality in calcified granuloma,0.10205078125,0,medgemma-4b-it
calcified granuloma,bilateral abnormality in calcified granuloma,0.1630859375,0,medgemma-4b-it
calcified granuloma,bilateral abnormality in calcified granuloma,0.1572265625,1,medgemma-4b-it
calcified granuloma,bilateral abnormality in calcified granuloma,0.77734375,0,medgemma-4b-it
calcified granuloma,bilateral abnormality in calcified granuloma,0.7734375,1,medgemma-4b-it
calcified granuloma,bilateral abnormality in calcified granuloma,0.498046875,1,medgemma-4b-it
calcified granuloma,bilateral abnormality in calcified granuloma,0.84765625,0,medgemma-4b-it
normal,cardiomegaly,0.10205078125,0,medgemma-4b-it
normal,cardiomegaly,0.1240234375,0,medgemma-4b-it
normal,cardiomegaly,0.9921875,1,medgemma-4b-it
normal,spondylosis,0.189453125,0,medgemma-4b-it
normal,spondylosis,0.0830078125,0,medgemma-4b-it
normal,spondylosis,0.55859375,0,medgemma-4b-it
normal,spondylosis,0.240234375,0,medgemma-4b-it
atherosclerosis ``` a,atherosclerosis,0.251953125,0,medgemma-4b-it
atherosclerosis ``` a,atherosclerosis,0.9375,1,medgemma-4b-it
atherosclerosis ``` a,atherosclerosis,0.96875,1,medgemma-4b-it
normal,pulmonary atelectasis,0.10205078125,0,medgemma-4b-it
normal,pulmonary atelectasis,0.166015625,0,medgemma-4b-it
normal,pulmonary atelectasis,0.146484375,0,medgemma-4b-it
normal,pulmonary atelectasis,0.9921875,1,medgemma-4b-it
normal,pulmonary atelectasis,0.9921875,1,medgemma-4b-it
pleural effusion,pleural effusion,0.166015625,0,medgemma-4b-it
pleural effusion,pleural effusion,0.9609375,1,medgemma-4b-it
pleural effusion,pleural effusion,0.9296875,1,medgemma-4b-it
normal,normal,0.09814453125,0,medgemma-4b-it
copd ``` copd,emphysema,0.1142578125,0,medgemma-4b-it
copd ``` copd,emphysema,0.2119140625,0,medgemma-4b-it
normal,normal,0.09814453125,0,medgemma-4b-it
patchy infiltrate ``` ```,patchy opacity in opacity,0.2392578125,0,medgemma-4b-it
patchy infiltrate ``` ```,patchy opacity in opacity,0.984375,1,medgemma-4b-it
patchy infiltrate ``` ```,patchy opacity in opacity,0.97265625,0,medgemma-4b-it
patchy infiltrate ``` ```,patchy opacity in opacity,0.2294921875,0,medgemma-4b-it
patchy infiltrate ``` ```,patchy opacity in opacity,0.8828125,0,medgemma-4b-it
normal,scoliosis,0.10205078125,0,medgemma-4b-it
normal,scoliosis,0.09228515625,0,medgemma-4b-it
normal,scoliosis,0.48828125,0,medgemma-4b-it
mass,pleural effusion,0.1328125,0,medgemma-4b-it
mass,pleural effusion,0.103515625,0,medgemma-4b-it
mass,pleural effusion,0.11083984375,0,medgemma-4b-it
normal,normal,0.09814453125,0,medgemma-4b-it
lymphadenopathy,"tortuous vessel in aorta, thoracic",0.9765625,0,medgemma-4b-it
lymphadenopathy,"tortuous vessel in aorta, thoracic",0.1845703125,0,medgemma-4b-it
lymphadenopathy,"tortuous vessel in aorta, thoracic",0.314453125,0,medgemma-4b-it
lymphadenopathy,"tortuous vessel in aorta, thoracic",0.138671875,0,medgemma-4b-it
lymphadenopathy,"tortuous vessel in aorta, thoracic",0.2578125,0,medgemma-4b-it
lymphadenopathy,"tortuous vessel in aorta, thoracic",0.7109375,0,medgemma-4b-it
lymphadenopathy,"tortuous vessel in aorta, thoracic",0.3125,0,medgemma-4b-it
lung cancer,"hernia, hiatal",0.27734375,0,medgemma-4b-it
lung cancer,"hernia, hiatal",0.251953125,0,medgemma-4b-it
lung cancer,"hernia, hiatal",0.345703125,0,medgemma-4b-it
lung cancer,"hernia, hiatal",0.150390625,0,medgemma-4b-it
lung cancer,"hernia, hiatal",0.99609375,1,medgemma-4b-it
normal,normal,0.09814453125,0,medgemma-4b-it
pneumothorax,pneumothorax,0.177734375,0,medgemma-4b-it
pneumothorax,pneumothorax,0.95703125,1,medgemma-4b-it
pneumothorax,pneumothorax,1.0,1,medgemma-4b-it
normal,normal,0.09814453125,0,medgemma-4b-it
bronchitis ``` ```,pneumonia,0.33203125,0,medgemma-4b-it
bronchitis ``` ```,pneumonia,0.99609375,1,medgemma-4b-it
normal,normal,0.09814453125,0,medgemma-4b-it
normal,normal,0.09814453125,0,medgemma-4b-it
interstitial lung disease,pulmonary edema,0.51171875,0,medgemma-4b-it
interstitial lung disease,pulmonary edema,0.98828125,1,medgemma-4b-it
interstitial lung disease,pulmonary edema,0.349609375,0,medgemma-4b-it
normal,normal,0.09814453125,0,medgemma-4b-it
hypertension,cardiomegaly,0.255859375,0,medgemma-4b-it
hypertension,cardiomegaly,0.48046875,0,medgemma-4b-it
hypertension,cardiomegaly,0.5546875,1,medgemma-4b-it
normal,lung hypoinflation in lung,0.1748046875,0,medgemma-4b-it
normal,lung hypoinflation in lung,0.2373046875,0,medgemma-4b-it
normal,lung hypoinflation in lung,0.083984375,0,medgemma-4b-it
normal,lung hypoinflation in lung,0.162109375,0,medgemma-4b-it
normal,lung hypoinflation in lung,0.9296875,0,medgemma-4b-it
normal,lung hypoinflation in lung,0.76171875,0,medgemma-4b-it
normal,lung hypoinflation in lung,0.20703125,0,medgemma-4b-it
normal,cardiomegaly,0.10205078125,0,medgemma-4b-it
normal,cardiomegaly,0.1240234375,0,medgemma-4b-it
normal,cardiomegaly,0.9921875,1,medgemma-4b-it
normal,normal,0.09814453125,0,medgemma-4b-it
normal,cardiomegaly,0.10205078125,0,medgemma-4b-it
normal,cardiomegaly,0.1240234375,0,medgemma-4b-it
normal,cardiomegaly,0.9921875,1,medgemma-4b-it
normal,normal,0.09814453125,0,medgemma-4b-it
normal,pulmonary emphysema,0.10205078125,0,medgemma-4b-it
normal,pulmonary emphysema,0.166015625,0,medgemma-4b-it
normal,pulmonary emphysema,0.146484375,0,medgemma-4b-it
normal,pulmonary emphysema,0.9296875,1,medgemma-4b-it
normal,degenerative change in spine,0.10205078125,0,medgemma-4b-it
normal,degenerative change in spine,0.1513671875,0,medgemma-4b-it
normal,degenerative change in spine,0.2099609375,1,medgemma-4b-it
normal,degenerative change in spine,0.734375,0,medgemma-4b-it
normal,normal,0.09814453125,0,medgemma-4b-it
normal,degenerative change in spine,0.10205078125,0,medgemma-4b-it
normal,degenerative change in spine,0.1513671875,0,medgemma-4b-it
normal,degenerative change in spine,0.2099609375,1,medgemma-4b-it
normal,degenerative change in spine,0.734375,0,medgemma-4b-it
normal,"hernia, hiatal",0.10205078125,0,medgemma-4b-it
normal,"hernia, hiatal",0.1044921875,0,medgemma-4b-it
normal,"hernia, hiatal",0.359375,0,medgemma-4b-it
normal,"hernia, hiatal",0.12109375,0,medgemma-4b-it
normal,"hernia, hiatal",0.9609375,1,medgemma-4b-it
normal,normal,0.09814453125,0,medgemma-4b-it
normal,interstitial pattern in markings,0.10205078125,0,medgemma-4b-it
normal,interstitial pattern in markings,0.115234375,0,medgemma-4b-it
normal,interstitial pattern in markings,0.140625,0,medgemma-4b-it
normal,interstitial pattern in markings,0.11962890625,0,medgemma-4b-it
normal,interstitial pattern in markings,0.6796875,0,medgemma-4b-it
normal,normal,0.09814453125,0,medgemma-4b-it
normal,normal,0.09814453125,0,medgemma-4b-it
right atrial enlargement,cardiomegaly,0.220703125,0,medgemma-4b-it
right atrial enlargement,cardiomegaly,0.49609375,0,medgemma-4b-it
right atrial enlargement,cardiomegaly,0.4296875,1,medgemma-4b-it
normal,cardiomegaly,0.10205078125,0,medgemma-4b-it
normal,cardiomegaly,0.1240234375,0,medgemma-4b-it
normal,cardiomegaly,0.9921875,1,medgemma-4b-it
normal,tortuous vessel in aorta,0.10205078125,0,medgemma-4b-it
normal,tortuous vessel in aorta,0.515625,0,medgemma-4b-it
normal,tortuous vessel in aorta,0.08349609375,0,medgemma-4b-it
normal,tortuous vessel in aorta,0.14453125,0,medgemma-4b-it
normal,tortuous vessel in aorta,0.609375,0,medgemma-4b-it
calcified granuloma,osteophyte,0.130859375,0,medgemma-4b-it
calcified granuloma,osteophyte,0.53515625,0,medgemma-4b-it
normal,normal,0.09814453125,0,medgemma-4b-it
normal,degenerative change in thoracic vertebrae,0.10205078125,0,medgemma-4b-it
normal,degenerative change in thoracic vertebrae,0.1513671875,0,medgemma-4b-it
normal,degenerative change in thoracic vertebrae,0.2099609375,1,medgemma-4b-it
normal,degenerative change in thoracic vertebrae,0.734375,0,medgemma-4b-it
normal,degenerative change in thoracic vertebrae,0.50390625,0,medgemma-4b-it
normal,lung hypoinflation in lung,0.1748046875,0,medgemma-4b-it
normal,lung hypoinflation in lung,0.2373046875,0,medgemma-4b-it
normal,lung hypoinflation in lung,0.083984375,0,medgemma-4b-it
normal,lung hypoinflation in lung,0.162109375,0,medgemma-4b-it
normal,lung hypoinflation in lung,0.9296875,0,medgemma-4b-it
normal,lung hypoinflation in lung,0.76171875,0,medgemma-4b-it
normal,lung hypoinflation in lung,0.20703125,0,medgemma-4b-it
normal,normal,0.09814453125,0,medgemma-4b-it
right hilar calcifications,calcinosis,0.169921875,0,medgemma-4b-it
right hilar calcifications,calcinosis,0.5,0,medgemma-4b-it
right hilar calcifications,calcinosis,0.9921875,1,medgemma-4b-it
lung nodule ``` lung,pulmonary nodule,0.5546875,0,medgemma-4b-it
lung nodule ``` lung,pulmonary nodule,0.5,1,medgemma-4b-it
lung nodule ``` lung,pulmonary nodule,0.2060546875,1,medgemma-4b-it
lung nodule ``` lung,pulmonary nodule,0.99609375,1,medgemma-4b-it
normal,normal,0.09814453125,0,medgemma-4b-it
normal,normal,0.09814453125,0,medgemma-4b-it
pulmonary edema,pleural effusion,0.8671875,0,medgemma-4b-it
pulmonary edema,pleural effusion,0.2470703125,0,medgemma-4b-it
pulmonary edema,pleural effusion,0.310546875,0,medgemma-4b-it
hyperinflation ``` ``` ```,lung hyperdistention in lung,0.68359375,0,medgemma-4b-it
hyperinflation ``` ``` ```,lung hyperdistention in lung,0.1494140625,0,medgemma-4b-it
hyperinflation ``` ``` ```,lung hyperdistention in lung,0.9765625,0,medgemma-4b-it
hyperinflation ``` ``` ```,lung hyperdistention in lung,0.9140625,0,medgemma-4b-it
hyperinflation ``` ``` ```,lung hyperdistention in lung,0.310546875,0,medgemma-4b-it
hyperinflation ``` ``` ```,lung hyperdistention in lung,0.427734375,0,medgemma-4b-it
normal,foreign bodies,0.09814453125,0,medgemma-4b-it
normal,foreign bodies,0.330078125,0,medgemma-4b-it
normal,normal,0.09814453125,0,medgemma-4b-it
uncertain nodule ``` ```,pulmonary nodule,0.375,0,medgemma-4b-it
uncertain nodule ``` ```,pulmonary nodule,0.953125,1,medgemma-4b-it
uncertain nodule ``` ```,pulmonary nodule,0.6484375,1,medgemma-4b-it
uncertain nodule ``` ```,pulmonary nodule,1.0,1,medgemma-4b-it
lung nodule ``` ```,pneumothorax,0.345703125,0,medgemma-4b-it
lung nodule ``` ```,pneumothorax,0.75,0,medgemma-4b-it
lung nodule ``` ```,pneumothorax,1.0,1,medgemma-4b-it
normal,lucency in clavicle right,0.1748046875,0,medgemma-4b-it
normal,lucency in clavicle right,0.2373046875,0,medgemma-4b-it
normal,lucency in clavicle right,0.2578125,0,medgemma-4b-it
normal,lucency in clavicle right,0.201171875,0,medgemma-4b-it
normal,lucency in clavicle right,0.451171875,0,medgemma-4b-it
normal,lucency in clavicle right,0.46875,0,medgemma-4b-it
pulmonary fibrosis,"lung diseases, interstitial",0.5234375,0,medgemma-4b-it
pulmonary fibrosis,"lung diseases, interstitial",0.9609375,0,medgemma-4b-it
pulmonary fibrosis,"lung diseases, interstitial",0.0634765625,0,medgemma-4b-it
pulmonary fibrosis,"lung diseases, interstitial",0.06982421875,0,medgemma-4b-it
multiple nodules,bilateral abnormality in nodule,0.1396484375,0,medgemma-4b-it
multiple nodules,bilateral abnormality in nodule,0.9765625,1,medgemma-4b-it
multiple nodules,bilateral abnormality in nodule,0.142578125,0,medgemma-4b-it
multiple nodules,bilateral abnormality in nodule,0.1943359375,0,medgemma-4b-it
multiple nodules,bilateral abnormality in nodule,0.66015625,0,medgemma-4b-it
multiple nodules,bilateral abnormality in nodule,0.8046875,1,medgemma-4b-it
normal,atherosclerosis,0.10205078125,0,medgemma-4b-it
normal,atherosclerosis,0.95703125,1,medgemma-4b-it
normal,atherosclerosis,0.828125,1,medgemma-4b-it
normal,normal,0.09814453125,0,medgemma-4b-it
atelectasis,cardiomegaly,0.16796875,0,medgemma-4b-it
atelectasis,cardiomegaly,0.2734375,0,medgemma-4b-it
atelectasis,cardiomegaly,0.98828125,1,medgemma-4b-it
normal,normal,0.09814453125,0,medgemma-4b-it
normal,normal,0.09814453125,0,medgemma-4b-it
atelectasis ``` a,bilateral abnormality in epicardial fat,0.103515625,0,medgemma-4b-it
atelectasis ``` a,bilateral abnormality in epicardial fat,0.22265625,0,medgemma-4b-it
atelectasis ``` a,bilateral abnormality in epicardial fat,0.2001953125,0,medgemma-4b-it
atelectasis ``` a,bilateral abnormality in epicardial fat,0.70703125,0,medgemma-4b-it
atelectasis ``` a,bilateral abnormality in epicardial fat,0.98046875,0,medgemma-4b-it
atelectasis ``` a,bilateral abnormality in epicardial fat,0.9609375,0,medgemma-4b-it
atelectasis ``` a,bilateral abnormality in epicardial fat,0.65625,0,medgemma-4b-it
atelectasis ``` a,bilateral abnormality in epicardial fat,0.1826171875,0,medgemma-4b-it
normal,normal,0.09814453125,0,medgemma-4b-it
normal,atherosclerosis,0.10205078125,0,medgemma-4b-it
normal,atherosclerosis,0.95703125,1,medgemma-4b-it
normal,atherosclerosis,0.828125,1,medgemma-4b-it
normal,calcinosis,0.10205078125,0,medgemma-4b-it
normal,calcinosis,0.078125,0,medgemma-4b-it
normal,calcinosis,0.06640625,0,medgemma-4b-it
normal,normal,0.09814453125,0,medgemma-4b-it
lung cancer,normal,0.23828125,0,medgemma-4b-it
normal,degenerative change in shoulder,0.10205078125,0,medgemma-4b-it
normal,degenerative change in shoulder,0.1513671875,0,medgemma-4b-it
normal,degenerative change in shoulder,0.2099609375,1,medgemma-4b-it
normal,degenerative change in shoulder,0.734375,0,medgemma-4b-it
atelectasis,pulmonary atelectasis,0.333984375,0,medgemma-4b-it
atelectasis,pulmonary atelectasis,0.271484375,0,medgemma-4b-it
atelectasis,pulmonary atelectasis,0.140625,0,medgemma-4b-it
atelectasis,pulmonary atelectasis,1.0,1,medgemma-4b-it
atelectasis,pulmonary atelectasis,0.9921875,1,medgemma-4b-it
left lower lobe pneumonia,"hernia, hiatal",0.396484375,0,medgemma-4b-it
left lower lobe pneumonia,"hernia, hiatal",0.498046875,0,medgemma-4b-it
left lower lobe pneumonia,"hernia, hiatal",0.154296875,0,medgemma-4b-it
left lower lobe pneumonia,"hernia, hiatal",0.1357421875,0,medgemma-4b-it
left lower lobe pneumonia,"hernia, hiatal",0.9921875,1,medgemma-4b-it
normal,normal,0.09814453125,0,medgemma-4b-it
normal,medical device in spine,0.10205078125,0,medgemma-4b-it
normal,medical device in spine,0.1865234375,0,medgemma-4b-it
normal,medical device in spine,0.1416015625,0,medgemma-4b-it
normal,medical device in spine,0.333984375,0,medgemma-4b-it
normal ``` normal ```,normal,0.28515625,0,medgemma-4b-it
normal,normal,0.09814453125,0,medgemma-4b-it
patchy retrocardiac opacity,cardiomegaly,0.146484375,0,medgemma-4b-it
patchy retrocardiac opacity,cardiomegaly,0.1748046875,1,medgemma-4b-it
patchy retrocardiac opacity,cardiomegaly,0.99609375,1,medgemma-4b-it
normal,normal,0.09814453125,0,medgemma-4b-it
pneumonia,granuloma,0.1025390625,0,medgemma-4b-it
pneumonia,granuloma,0.06787109375,0,medgemma-4b-it
pneumonia,granuloma,0.89453125,0,medgemma-4b-it
normal,normal,0.09814453125,0,medgemma-4b-it
normal,bilateral abnormality in lung,0.10205078125,0,medgemma-4b-it
normal,bilateral abnormality in lung,0.064453125,0,medgemma-4b-it
normal,bilateral abnormality in lung,0.0751953125,0,medgemma-4b-it
normal,bilateral abnormality in lung,0.38671875,0,medgemma-4b-it
normal,bilateral abnormality in lung,0.546875,0,medgemma-4b-it
normal,normal,0.09814453125,0,medgemma-4b-it
normal,normal,0.09814453125,0,medgemma-4b-it
normal,calcified granuloma,0.10205078125,0,medgemma-4b-it
normal,calcified granuloma,0.2216796875,0,medgemma-4b-it
normal,calcified granuloma,0.072265625,0,medgemma-4b-it
normal,calcified granuloma,0.78515625,0,medgemma-4b-it
normal,normal,0.09814453125,0,medgemma-4b-it
normal,normal,0.09814453125,0,medgemma-4b-it
normal,pulmonary atelectasis,0.10205078125,0,medgemma-4b-it
normal,pulmonary atelectasis,0.166015625,0,medgemma-4b-it
normal,pulmonary atelectasis,0.146484375,0,medgemma-4b-it
normal,pulmonary atelectasis,0.9921875,1,medgemma-4b-it
normal,pulmonary atelectasis,0.9921875,1,medgemma-4b-it
calcified granulomas,calcinosis,0.15625,0,medgemma-4b-it
calcified granulomas,calcinosis,0.125,1,medgemma-4b-it
calcified granulomas,calcinosis,0.66796875,1,medgemma-4b-it
osteoarthritis,degenerative change in spine,0.173828125,0,medgemma-4b-it
osteoarthritis,degenerative change in spine,0.447265625,0,medgemma-4b-it
osteoarthritis,degenerative change in spine,0.375,0,medgemma-4b-it
osteoarthritis,degenerative change in spine,0.478515625,0,medgemma-4b-it
normal,calcinosis,0.10205078125,0,medgemma-4b-it
normal,calcinosis,0.078125,0,medgemma-4b-it
normal,calcinosis,0.06640625,0,medgemma-4b-it
interstitial lung disease,bilateral abnormality in opacity,0.51171875,0,medgemma-4b-it
interstitial lung disease,bilateral abnormality in opacity,0.984375,1,medgemma-4b-it
interstitial lung disease,bilateral abnormality in opacity,0.205078125,0,medgemma-4b-it
interstitial lung disease,bilateral abnormality in opacity,0.1259765625,0,medgemma-4b-it
interstitial lung disease,bilateral abnormality in opacity,0.6484375,0,medgemma-4b-it
normal,lung hypoinflation in lung,0.1748046875,0,medgemma-4b-it
normal,lung hypoinflation in lung,0.2373046875,0,medgemma-4b-it
normal,lung hypoinflation in lung,0.083984375,0,medgemma-4b-it
normal,lung hypoinflation in lung,0.162109375,0,medgemma-4b-it
normal,lung hypoinflation in lung,0.9296875,0,medgemma-4b-it
normal,lung hypoinflation in lung,0.76171875,0,medgemma-4b-it
normal,lung hypoinflation in lung,0.20703125,0,medgemma-4b-it
normal,normal,0.09814453125,0,medgemma-4b-it
normal,normal,0.09814453125,0,medgemma-4b-it
normal,normal,0.09814453125,0,medgemma-4b-it
normal,degenerative change in spine,0.10205078125,0,medgemma-4b-it
normal,degenerative change in spine,0.1513671875,0,medgemma-4b-it
normal,degenerative change in spine,0.2099609375,1,medgemma-4b-it
normal,degenerative change in spine,0.734375,0,medgemma-4b-it
pleural effusion,calcified granuloma,0.1669921875,0,medgemma-4b-it
pleural effusion,calcified granuloma,0.435546875,0,medgemma-4b-it
pleural effusion,calcified granuloma,0.408203125,0,medgemma-4b-it
pleural effusion,calcified granuloma,0.87890625,0,medgemma-4b-it
fractured ribs,foreign bodies,0.275390625,0,medgemma-4b-it
fractured ribs,foreign bodies,0.73828125,0,medgemma-4b-it
copd,"pulmonary disease, chronic obstructive",0.10498046875,0,medgemma-4b-it
copd,"pulmonary disease, chronic obstructive",0.0869140625,0,medgemma-4b-it
copd,"pulmonary disease, chronic obstructive",0.232421875,0,medgemma-4b-it
copd,"pulmonary disease, chronic obstructive",0.11865234375,0,medgemma-4b-it
copd,"pulmonary disease, chronic obstructive",0.447265625,0,medgemma-4b-it
copd,"pulmonary disease, chronic obstructive",0.875,0,medgemma-4b-it
normal,normal,0.09814453125,0,medgemma-4b-it
normal,surgical instruments,0.189453125,0,medgemma-4b-it
normal,surgical instruments,0.1416015625,0,medgemma-4b-it
normal,normal,0.09814453125,0,medgemma-4b-it
degenerative changes,spondylosis,0.0888671875,0,medgemma-4b-it
degenerative changes,spondylosis,0.1533203125,0,medgemma-4b-it
degenerative changes,spondylosis,0.0810546875,0,medgemma-4b-it
degenerative changes,spondylosis,0.55078125,1,medgemma-4b-it
normal,lung hyperdistention in lung,0.1748046875,0,medgemma-4b-it
normal,lung hyperdistention in lung,0.2373046875,0,medgemma-4b-it
normal,lung hyperdistention in lung,0.083984375,0,medgemma-4b-it
normal,lung hyperdistention in lung,0.039306640625,0,medgemma-4b-it
normal,lung hyperdistention in lung,0.248046875,0,medgemma-4b-it
normal,lung hyperdistention in lung,0.39453125,0,medgemma-4b-it
normal,normal,0.09814453125,0,medgemma-4b-it
normal,normal,0.09814453125,0,medgemma-4b-it
normal,normal,0.09814453125,0,medgemma-4b-it
normal,normal,0.09814453125,0,medgemma-4b-it
atelectasis,pleural effusion,0.16796875,0,medgemma-4b-it
atelectasis,pleural effusion,0.91796875,1,medgemma-4b-it
atelectasis,pleural effusion,0.90234375,1,medgemma-4b-it
normal,scoliosis,0.10205078125,0,medgemma-4b-it
normal,scoliosis,0.09228515625,0,medgemma-4b-it
normal,scoliosis,0.48828125,0,medgemma-4b-it
normal,normal,0.09814453125,0,medgemma-4b-it
lung mass ``` ```,calcified granuloma,0.431640625,0,medgemma-4b-it
lung mass ``` ```,calcified granuloma,0.59375,1,medgemma-4b-it
lung mass ``` ```,calcified granuloma,0.197265625,0,medgemma-4b-it
lung mass ``` ```,calcified granuloma,0.77734375,0,medgemma-4b-it
normal,spondylosis,0.189453125,0,medgemma-4b-it
normal,spondylosis,0.0830078125,0,medgemma-4b-it
normal,spondylosis,0.55859375,0,medgemma-4b-it
normal,spondylosis,0.240234375,0,medgemma-4b-it
subsegmental atelectasis,pulmonary atelectasis,0.5078125,0,medgemma-4b-it
subsegmental atelectasis,pulmonary atelectasis,0.875,0,medgemma-4b-it
subsegmental atelectasis,pulmonary atelectasis,0.2197265625,0,medgemma-4b-it
subsegmental atelectasis,pulmonary atelectasis,1.0,1,medgemma-4b-it
subsegmental atelectasis,pulmonary atelectasis,0.9921875,1,medgemma-4b-it
normal,normal,0.09814453125,0,medgemma-4b-it
normal,normal,0.09814453125,0,medgemma-4b-it
normal,normal,0.09814453125,0,medgemma-4b-it
xxxx opacity in the,pulmonary atelectasis,0.08203125,0,medgemma-4b-it
xxxx opacity in the,pulmonary atelectasis,0.78125,1,medgemma-4b-it
xxxx opacity in the,pulmonary atelectasis,0.2470703125,0,medgemma-4b-it
xxxx opacity in the,pulmonary atelectasis,0.99609375,1,medgemma-4b-it
xxxx opacity in the,pulmonary atelectasis,0.984375,1,medgemma-4b-it
mild pneumonia,pulmonary atelectasis,0.625,0,medgemma-4b-it
mild pneumonia,pulmonary atelectasis,0.203125,0,medgemma-4b-it
mild pneumonia,pulmonary atelectasis,0.73828125,0,medgemma-4b-it
mild pneumonia,pulmonary atelectasis,0.1923828125,0,medgemma-4b-it
mild pneumonia,pulmonary atelectasis,1.0,0,medgemma-4b-it
normal,lung hyperdistention in lung,0.1748046875,0,medgemma-4b-it
normal,lung hyperdistention in lung,0.2373046875,0,medgemma-4b-it
normal,lung hyperdistention in lung,0.083984375,0,medgemma-4b-it
normal,lung hyperdistention in lung,0.039306640625,0,medgemma-4b-it
normal,lung hyperdistention in lung,0.248046875,0,medgemma-4b-it
normal,lung hyperdistention in lung,0.39453125,0,medgemma-4b-it
mask ``` ``` ```,pneumonia,0.70703125,0,medgemma-4b-it
mask ``` ``` ```,pneumonia,0.9375,1,medgemma-4b-it
normal,pulmonary atelectasis,0.10205078125,0,medgemma-4b-it
normal,pulmonary atelectasis,0.166015625,0,medgemma-4b-it
normal,pulmonary atelectasis,0.146484375,0,medgemma-4b-it
normal,pulmonary atelectasis,0.9921875,1,medgemma-4b-it
normal,pulmonary atelectasis,0.9921875,1,medgemma-4b-it
normal,scoliosis,0.10205078125,0,medgemma-4b-it
normal,scoliosis,0.09228515625,0,medgemma-4b-it
normal,scoliosis,0.48828125,0,medgemma-4b-it
normal,degenerative change in shoulder,0.10205078125,0,medgemma-4b-it
normal,degenerative change in shoulder,0.1513671875,0,medgemma-4b-it
normal,degenerative change in shoulder,0.2099609375,1,medgemma-4b-it
normal,degenerative change in shoulder,0.734375,0,medgemma-4b-it
normal,blunted costophrenic angle in costophrenic angle,0.099609375,0,medgemma-4b-it
normal,blunted costophrenic angle in costophrenic angle,0.341796875,0,medgemma-4b-it
normal,blunted costophrenic angle in costophrenic angle,0.119140625,0,medgemma-4b-it
normal,blunted costophrenic angle in costophrenic angle,0.17578125,0,medgemma-4b-it
normal,blunted costophrenic angle in costophrenic angle,1.0,1,medgemma-4b-it
normal,blunted costophrenic angle in costophrenic angle,1.0,1,medgemma-4b-it
normal,blunted costophrenic angle in costophrenic angle,0.5546875,1,medgemma-4b-it
normal,blunted costophrenic angle in costophrenic angle,0.189453125,0,medgemma-4b-it
normal,blunted costophrenic angle in costophrenic angle,0.310546875,0,medgemma-4b-it
normal,blunted costophrenic angle in costophrenic angle,0.9453125,1,medgemma-4b-it
normal,blunted costophrenic angle in costophrenic angle,1.0,1,medgemma-4b-it
normal,blunted costophrenic angle in costophrenic angle,1.0,1,medgemma-4b-it
normal,blunted costophrenic angle in costophrenic angle,0.921875,1,medgemma-4b-it
copd,blister,0.06298828125,0,medgemma-4b-it
copd,blister,0.12255859375,0,medgemma-4b-it
normal,normal,0.09814453125,0,medgemma-4b-it
normal,granuloma,0.10205078125,0,medgemma-4b-it
normal,granuloma,0.275390625,0,medgemma-4b-it
normal,granuloma,0.31640625,0,medgemma-4b-it
normal,normal,0.09814453125,0,medgemma-4b-it
normal,normal,0.09814453125,0,medgemma-4b-it
normal,normal,0.09814453125,0,medgemma-4b-it
normal,surgical instruments,0.189453125,0,medgemma-4b-it
normal,surgical instruments,0.1416015625,0,medgemma-4b-it
right hemidiaphragm paralysis,pulmonary atelectasis,0.1611328125,0,medgemma-4b-it
right hemidiaphragm paralysis,pulmonary atelectasis,0.94921875,1,medgemma-4b-it
right hemidiaphragm paralysis,pulmonary atelectasis,0.2578125,0,medgemma-4b-it
right hemidiaphragm paralysis,pulmonary atelectasis,0.99609375,1,medgemma-4b-it
right hemidiaphragm paralysis,pulmonary atelectasis,0.99609375,1,medgemma-4b-it
normal,pulmonary atelectasis,0.10205078125,0,medgemma-4b-it
normal,pulmonary atelectasis,0.166015625,0,medgemma-4b-it
normal,pulmonary atelectasis,0.146484375,0,medgemma-4b-it
normal,pulmonary atelectasis,0.9921875,1,medgemma-4b-it
normal,pulmonary atelectasis,0.9921875,1,medgemma-4b-it
chronic granulomatous disease,cardiomegaly,0.8125,0,medgemma-4b-it
chronic granulomatous disease,cardiomegaly,0.9375,0,medgemma-4b-it
chronic granulomatous disease,cardiomegaly,0.66796875,1,medgemma-4b-it
normal,normal,0.09814453125,0,medgemma-4b-it
normal,normal,0.09814453125,0,medgemma-4b-it
normal,pectus carinatum,0.10205078125,0,medgemma-4b-it
normal,pectus carinatum,0.146484375,0,medgemma-4b-it
normal,pectus carinatum,0.279296875,0,medgemma-4b-it
normal,pectus carinatum,1.0,1,medgemma-4b-it
cardiomegaly,cardiomegaly,0.18359375,0,medgemma-4b-it
cardiomegaly,cardiomegaly,0.92578125,1,medgemma-4b-it
cardiomegaly,cardiomegaly,0.9921875,1,medgemma-4b-it
normal,cicatrix,0.09814453125,0,medgemma-4b-it
normal,cicatrix,0.29296875,0,medgemma-4b-it
normal,cicatrix,0.09814453125,0,medgemma-4b-it
normal,cicatrix,0.29296875,0,medgemma-4b-it
chronic lung disease,cicatrix,0.16796875,0,medgemma-4b-it
chronic lung disease,cicatrix,0.5078125,0,medgemma-4b-it
normal,normal,0.09814453125,0,medgemma-4b-it
normal,cardiomegaly,0.10205078125,0,medgemma-4b-it
normal,cardiomegaly,0.1240234375,0,medgemma-4b-it
normal,cardiomegaly,0.9921875,1,medgemma-4b-it
normal,normal,0.09814453125,0,medgemma-4b-it
normal,atherosclerosis,0.10205078125,0,medgemma-4b-it
normal,atherosclerosis,0.95703125,1,medgemma-4b-it
normal,atherosclerosis,0.828125,1,medgemma-4b-it
normal,calcinosis,0.10205078125,0,medgemma-4b-it
normal,calcinosis,0.078125,0,medgemma-4b-it
normal,calcinosis,0.06640625,0,medgemma-4b-it
normal,normal,0.09814453125,0,medgemma-4b-it
masses ``` ``` ```,calcified granuloma,0.67578125,0,medgemma-4b-it
masses ``` ``` ```,calcified granuloma,0.1259765625,0,medgemma-4b-it
masses ``` ``` ```,calcified granuloma,0.07763671875,0,medgemma-4b-it
masses ``` ``` ```,calcified granuloma,0.96484375,0,medgemma-4b-it
normal,calcinosis,0.10205078125,0,medgemma-4b-it
normal,calcinosis,0.078125,0,medgemma-4b-it
normal,calcinosis,0.06640625,0,medgemma-4b-it
normal,normal,0.09814453125,0,medgemma-4b-it
mild pleural effusion,blunted costophrenic angle in costophrenic angle,0.1943359375,0,medgemma-4b-it
mild pleural effusion,blunted costophrenic angle in costophrenic angle,0.30078125,0,medgemma-4b-it
mild pleural effusion,blunted costophrenic angle in costophrenic angle,0.7421875,1,medgemma-4b-it
mild pleural effusion,blunted costophrenic angle in costophrenic angle,0.99609375,1,medgemma-4b-it
mild pleural effusion,blunted costophrenic angle in costophrenic angle,1.0,1,medgemma-4b-it
mild pleural effusion,blunted costophrenic angle in costophrenic angle,1.0,1,medgemma-4b-it
mild pleural effusion,blunted costophrenic angle in costophrenic angle,0.49609375,1,medgemma-4b-it
mild pleural effusion,blunted costophrenic angle in costophrenic angle,0.267578125,0,medgemma-4b-it
mild pleural effusion,blunted costophrenic angle in costophrenic angle,0.609375,0,medgemma-4b-it
mild pleural effusion,blunted costophrenic angle in costophrenic angle,0.828125,1,medgemma-4b-it
mild pleural effusion,blunted costophrenic angle in costophrenic angle,1.0,1,medgemma-4b-it
mild pleural effusion,blunted costophrenic angle in costophrenic angle,1.0,1,medgemma-4b-it
mild pleural effusion,blunted costophrenic angle in costophrenic angle,0.796875,1,medgemma-4b-it
normal,calcinosis,0.10205078125,0,medgemma-4b-it
normal,calcinosis,0.078125,0,medgemma-4b-it
normal,calcinosis,0.06640625,0,medgemma-4b-it
normal,normal,0.09814453125,0,medgemma-4b-it
normal,normal,0.09814453125,0,medgemma-4b-it
small pleural effusion,pleural effusion,0.166015625,0,medgemma-4b-it
small pleural effusion,pleural effusion,0.90625,1,medgemma-4b-it
small pleural effusion,pleural effusion,0.8203125,1,medgemma-4b-it
calcified hilar lymph nodes,calcinosis,0.1572265625,0,medgemma-4b-it
calcified hilar lymph nodes,calcinosis,0.2177734375,0,medgemma-4b-it
calcified hilar lymph nodes,calcinosis,0.86328125,0,medgemma-4b-it
normal,normal,0.09814453125,0,medgemma-4b-it
pneumonia,patchy opacity in opacity,0.10595703125,0,medgemma-4b-it
pneumonia,patchy opacity in opacity,0.07666015625,0,medgemma-4b-it
pneumonia,patchy opacity in opacity,0.2294921875,0,medgemma-4b-it
pneumonia,patchy opacity in opacity,0.12255859375,0,medgemma-4b-it
pneumonia,patchy opacity in opacity,0.1982421875,0,medgemma-4b-it
normal,scoliosis,0.10205078125,0,medgemma-4b-it
normal,scoliosis,0.09228515625,0,medgemma-4b-it
normal,scoliosis,0.48828125,0,medgemma-4b-it
normal,normal,0.09814453125,0,medgemma-4b-it
calcified granuloma ``` calc,normal,0.62109375,0,medgemma-4b-it
normal,normal,0.09814453125,0,medgemma-4b-it
normal,lung hypoinflation in lung,0.1748046875,0,medgemma-4b-it
normal,lung hypoinflation in lung,0.2373046875,0,medgemma-4b-it
normal,lung hypoinflation in lung,0.083984375,0,medgemma-4b-it
normal,lung hypoinflation in lung,0.162109375,0,medgemma-4b-it
normal,lung hypoinflation in lung,0.9296875,0,medgemma-4b-it
normal,lung hypoinflation in lung,0.76171875,0,medgemma-4b-it
normal,lung hypoinflation in lung,0.20703125,0,medgemma-4b-it
normal,spondylosis,0.189453125,0,medgemma-4b-it
normal,spondylosis,0.0830078125,0,medgemma-4b-it
normal,spondylosis,0.55859375,0,medgemma-4b-it
normal,spondylosis,0.240234375,0,medgemma-4b-it
normal,normal,0.09814453125,0,medgemma-4b-it
normal,normal,0.09814453125,0,medgemma-4b-it
granulomatous disease,normal,0.4609375,0,medgemma-4b-it
pulmonary scarring,pleural effusion,0.1923828125,0,medgemma-4b-it
pulmonary scarring,pleural effusion,0.90625,1,medgemma-4b-it
pulmonary scarring,pleural effusion,0.90625,1,medgemma-4b-it
normal,normal,0.09814453125,0,medgemma-4b-it
normal,surgical instruments,0.189453125,0,medgemma-4b-it
normal,surgical instruments,0.1416015625,0,medgemma-4b-it
normal,degenerative change in thoracic vertebrae,0.10205078125,0,medgemma-4b-it
normal,degenerative change in thoracic vertebrae,0.1513671875,0,medgemma-4b-it
normal,degenerative change in thoracic vertebrae,0.2099609375,1,medgemma-4b-it
normal,degenerative change in thoracic vertebrae,0.734375,0,medgemma-4b-it
normal,degenerative change in thoracic vertebrae,0.50390625,0,medgemma-4b-it
normal,normal,0.09814453125,0,medgemma-4b-it
chronic rib deformities,"fractures, bone",0.1669921875,0,medgemma-4b-it
chronic rib deformities,"fractures, bone",0.59375,1,medgemma-4b-it
chronic rib deformities,"fractures, bone",0.1923828125,0,medgemma-4b-it
chronic rib deformities,"fractures, bone",0.384765625,0,medgemma-4b-it
normal,normal,0.09814453125,0,medgemma-4b-it
normal,"lung, hyperlucent",0.1748046875,0,medgemma-4b-it
normal,"lung, hyperlucent",0.2373046875,0,medgemma-4b-it
normal,"lung, hyperlucent",0.0849609375,0,medgemma-4b-it
normal,"lung, hyperlucent",0.076171875,0,medgemma-4b-it
normal,atherosclerosis,0.10205078125,0,medgemma-4b-it
normal,atherosclerosis,0.95703125,1,medgemma-4b-it
normal,atherosclerosis,0.828125,1,medgemma-4b-it
normal,normal,0.09814453125,0,medgemma-4b-it
normal,lung hypoinflation in lung,0.1748046875,0,medgemma-4b-it
normal,lung hypoinflation in lung,0.2373046875,0,medgemma-4b-it
normal,lung hypoinflation in lung,0.083984375,0,medgemma-4b-it
normal,lung hypoinflation in lung,0.162109375,0,medgemma-4b-it
normal,lung hypoinflation in lung,0.9296875,0,medgemma-4b-it
normal,lung hypoinflation in lung,0.76171875,0,medgemma-4b-it
normal,lung hypoinflation in lung,0.20703125,0,medgemma-4b-it
normal,blunted costophrenic angle in costophrenic angle,0.099609375,0,medgemma-4b-it
normal,blunted costophrenic angle in costophrenic angle,0.341796875,0,medgemma-4b-it
normal,blunted costophrenic angle in costophrenic angle,0.119140625,0,medgemma-4b-it
normal,blunted costophrenic angle in costophrenic angle,0.17578125,0,medgemma-4b-it
normal,blunted costophrenic angle in costophrenic angle,1.0,1,medgemma-4b-it
normal,blunted costophrenic angle in costophrenic angle,1.0,1,medgemma-4b-it
normal,blunted costophrenic angle in costophrenic angle,0.5546875,1,medgemma-4b-it
normal,blunted costophrenic angle in costophrenic angle,0.189453125,0,medgemma-4b-it
normal,blunted costophrenic angle in costophrenic angle,0.310546875,0,medgemma-4b-it
normal,blunted costophrenic angle in costophrenic angle,0.9453125,1,medgemma-4b-it
normal,blunted costophrenic angle in costophrenic angle,1.0,1,medgemma-4b-it
normal,blunted costophrenic angle in costophrenic angle,1.0,1,medgemma-4b-it
normal,blunted costophrenic angle in costophrenic angle,0.921875,1,medgemma-4b-it
normal,normal,0.09814453125,0,medgemma-4b-it
rib fracture ``` ```,lucency in ribs right posterior,0.349609375,0,medgemma-4b-it
rib fracture ``` ```,lucency in ribs right posterior,0.921875,0,medgemma-4b-it
rib fracture ``` ```,lucency in ribs right posterior,0.74609375,0,medgemma-4b-it
rib fracture ``` ```,lucency in ribs right posterior,0.78125,0,medgemma-4b-it
rib fracture ``` ```,lucency in ribs right posterior,0.2236328125,0,medgemma-4b-it
rib fracture ``` ```,lucency in ribs right posterior,0.37109375,0,medgemma-4b-it
normal,cardiomegaly,0.10205078125,0,medgemma-4b-it
normal,cardiomegaly,0.1240234375,0,medgemma-4b-it
normal,cardiomegaly,0.9921875,1,medgemma-4b-it
normal,normal,0.09814453125,0,medgemma-4b-it
6 mm nodule ```,round opacity in opacity,0.2314453125,0,medgemma-4b-it
6 mm nodule ```,round opacity in opacity,0.5546875,0,medgemma-4b-it
6 mm nodule ```,round opacity in opacity,0.80859375,0,medgemma-4b-it
6 mm nodule ```,round opacity in opacity,0.87109375,0,medgemma-4b-it
lung cancer,cardiomegaly,0.23828125,0,medgemma-4b-it
lung cancer,cardiomegaly,0.267578125,0,medgemma-4b-it
lung cancer,cardiomegaly,0.56640625,0,medgemma-4b-it
normal,lung hypoinflation in lung,0.1748046875,0,medgemma-4b-it
normal,lung hypoinflation in lung,0.2373046875,0,medgemma-4b-it
normal,lung hypoinflation in lung,0.083984375,0,medgemma-4b-it
normal,lung hypoinflation in lung,0.162109375,0,medgemma-4b-it
normal,lung hypoinflation in lung,0.9296875,0,medgemma-4b-it
normal,lung hypoinflation in lung,0.76171875,0,medgemma-4b-it
normal,lung hypoinflation in lung,0.20703125,0,medgemma-4b-it
normal,normal,0.09814453125,0,medgemma-4b-it
subsegmental atelectasis,pulmonary atelectasis,0.5078125,0,medgemma-4b-it
subsegmental atelectasis,pulmonary atelectasis,0.875,0,medgemma-4b-it
subsegmental atelectasis,pulmonary atelectasis,0.2197265625,0,medgemma-4b-it
subsegmental atelectasis,pulmonary atelectasis,1.0,1,medgemma-4b-it
subsegmental atelectasis,pulmonary atelectasis,0.9921875,1,medgemma-4b-it
normal,normal,0.09814453125,0,medgemma-4b-it
normal,normal,0.09814453125,0,medgemma-4b-it
normal,degenerative change in spine,0.10205078125,0,medgemma-4b-it
normal,degenerative change in spine,0.1513671875,0,medgemma-4b-it
normal,degenerative change in spine,0.2099609375,1,medgemma-4b-it
normal,degenerative change in spine,0.734375,0,medgemma-4b-it
normal,normal,0.09814453125,0,medgemma-4b-it
respiratory failure,scoliosis,0.1396484375,0,medgemma-4b-it
respiratory failure,scoliosis,0.32421875,0,medgemma-4b-it
respiratory failure,scoliosis,0.1865234375,0,medgemma-4b-it
normal,normal,0.09814453125,0,medgemma-4b-it
normal,cardiomegaly,0.10205078125,0,medgemma-4b-it
normal,cardiomegaly,0.1240234375,0,medgemma-4b-it
normal,cardiomegaly,0.9921875,1,medgemma-4b-it
right middle lobe nod,calcinosis,1.0,0,medgemma-4b-it
right middle lobe nod,calcinosis,0.09765625,0,medgemma-4b-it
right middle lobe nod,calcinosis,0.10205078125,0,medgemma-4b-it
**normal**,atherosclerosis,0.33984375,0,medgemma-4b-it
**normal**,atherosclerosis,0.9765625,1,medgemma-4b-it
**normal**,atherosclerosis,0.9296875,1,medgemma-4b-it
normal,normal,0.09814453125,0,medgemma-4b-it
normal,normal,0.09814453125,0,medgemma-4b-it
normal,normal,0.09814453125,0,medgemma-4b-it
normal,normal,0.09814453125,0,medgemma-4b-it
normal,granuloma,0.10205078125,0,medgemma-4b-it
normal,granuloma,0.275390625,0,medgemma-4b-it
normal,granuloma,0.31640625,0,medgemma-4b-it
copd,cardiomegaly,0.11962890625,0,medgemma-4b-it
copd,cardiomegaly,0.16796875,0,medgemma-4b-it
copd,cardiomegaly,0.6953125,1,medgemma-4b-it
normal,spondylosis,0.189453125,0,medgemma-4b-it
normal,spondylosis,0.0830078125,0,medgemma-4b-it
normal,spondylosis,0.55859375,0,medgemma-4b-it
normal,spondylosis,0.240234375,0,medgemma-4b-it
small hiatal hernia ```,"hernia, hiatal",0.283203125,0,medgemma-4b-it
small hiatal hernia ```,"hernia, hiatal",0.6640625,0,medgemma-4b-it
small hiatal hernia ```,"hernia, hiatal",0.1591796875,0,medgemma-4b-it
small hiatal hernia ```,"hernia, hiatal",0.083984375,1,medgemma-4b-it
small hiatal hernia ```,"hernia, hiatal",0.98828125,1,medgemma-4b-it
normal ``` normal ```,calcified granuloma,0.298828125,0,medgemma-4b-it
normal ``` normal ```,calcified granuloma,0.125,0,medgemma-4b-it
normal ``` normal ```,calcified granuloma,0.0966796875,0,medgemma-4b-it
normal ``` normal ```,calcified granuloma,0.9375,0,medgemma-4b-it
right basilar airspace disease,pulmonary opacity,0.50390625,0,medgemma-4b-it
right basilar airspace disease,pulmonary opacity,0.98046875,1,medgemma-4b-it
right basilar airspace disease,pulmonary opacity,0.193359375,0,medgemma-4b-it
normal,lung hypoinflation in lung,0.1748046875,0,medgemma-4b-it
normal,lung hypoinflation in lung,0.2373046875,0,medgemma-4b-it
normal,lung hypoinflation in lung,0.083984375,0,medgemma-4b-it
normal,lung hypoinflation in lung,0.162109375,0,medgemma-4b-it
normal,lung hypoinflation in lung,0.9296875,0,medgemma-4b-it
normal,lung hypoinflation in lung,0.76171875,0,medgemma-4b-it
normal,lung hypoinflation in lung,0.20703125,0,medgemma-4b-it
normal,calcified granuloma,0.10205078125,0,medgemma-4b-it
normal,calcified granuloma,0.2216796875,0,medgemma-4b-it
normal,calcified granuloma,0.072265625,0,medgemma-4b-it
normal,calcified granuloma,0.78515625,0,medgemma-4b-it
healing rib fracture,normal,0.205078125,0,medgemma-4b-it
normal,normal,0.09814453125,0,medgemma-4b-it
right pleural effusion,cicatrix,0.208984375,0,medgemma-4b-it
right pleural effusion,cicatrix,0.408203125,0,medgemma-4b-it
right middle lobe infiltrate,cardiomegaly,0.15625,0,medgemma-4b-it
right middle lobe infiltrate,cardiomegaly,0.466796875,0,medgemma-4b-it
right middle lobe infiltrate,cardiomegaly,0.8984375,1,medgemma-4b-it
normal,lung hyperdistention in lung,0.1748046875,0,medgemma-4b-it
normal,lung hyperdistention in lung,0.2373046875,0,medgemma-4b-it
normal,lung hyperdistention in lung,0.083984375,0,medgemma-4b-it
normal,lung hyperdistention in lung,0.039306640625,0,medgemma-4b-it
normal,lung hyperdistention in lung,0.248046875,0,medgemma-4b-it
normal,lung hyperdistention in lung,0.39453125,0,medgemma-4b-it
atherosclerosis,atherosclerosis,0.25390625,0,medgemma-4b-it
atherosclerosis,atherosclerosis,0.984375,1,medgemma-4b-it
atherosclerosis,atherosclerosis,0.97265625,1,medgemma-4b-it
normal,normal,0.09814453125,0,medgemma-4b-it
normal,scoliosis,0.10205078125,0,medgemma-4b-it
normal,scoliosis,0.09228515625,0,medgemma-4b-it
normal,scoliosis,0.48828125,0,medgemma-4b-it
copd,arthritis,0.11962890625,0,medgemma-4b-it
normal,degenerative change in thoracic vertebrae,0.10205078125,0,medgemma-4b-it
normal,degenerative change in thoracic vertebrae,0.1513671875,0,medgemma-4b-it
normal,degenerative change in thoracic vertebrae,0.2099609375,1,medgemma-4b-it
normal,degenerative change in thoracic vertebrae,0.734375,0,medgemma-4b-it
normal,degenerative change in thoracic vertebrae,0.50390625,0,medgemma-4b-it
lung nodule,pulmonary nodule,0.09033203125,0,medgemma-4b-it
lung nodule,pulmonary nodule,0.94921875,1,medgemma-4b-it
lung nodule,pulmonary nodule,0.53125,1,medgemma-4b-it
lung nodule,pulmonary nodule,0.99609375,1,medgemma-4b-it
pulmonary edema,cardiomegaly,0.87109375,0,medgemma-4b-it
pulmonary edema,cardiomegaly,0.1748046875,0,medgemma-4b-it
pulmonary edema,cardiomegaly,0.330078125,0,medgemma-4b-it
normal,degenerative change in spine,0.10205078125,0,medgemma-4b-it
normal,degenerative change in spine,0.1513671875,0,medgemma-4b-it
normal,degenerative change in spine,0.2099609375,1,medgemma-4b-it
normal,degenerative change in spine,0.734375,0,medgemma-4b-it
normal,normal,0.09814453125,0,medgemma-4b-it
cardiomegaly,cardiomegaly,0.18359375,0,medgemma-4b-it
cardiomegaly,cardiomegaly,0.92578125,1,medgemma-4b-it
cardiomegaly,cardiomegaly,0.9921875,1,medgemma-4b-it
normal,normal,0.09814453125,0,medgemma-4b-it
normal,calcified granuloma,0.10205078125,0,medgemma-4b-it
normal,calcified granuloma,0.2216796875,0,medgemma-4b-it
normal,calcified granuloma,0.072265625,0,medgemma-4b-it
normal,calcified granuloma,0.78515625,0,medgemma-4b-it
normal,arthritis,0.09814453125,0,medgemma-4b-it
normal,normal,0.09814453125,0,medgemma-4b-it
normal,normal,0.09814453125,0,medgemma-4b-it
normal,normal,0.09814453125,0,medgemma-4b-it
normal,normal,0.09814453125,0,medgemma-4b-it
normal,normal,0.09814453125,0,medgemma-4b-it
normal,normal,0.09814453125,0,medgemma-4b-it
normal,chest pain,0.09814453125,0,medgemma-4b-it
normal,chest pain,0.1630859375,0,medgemma-4b-it
metastases,scoliosis,0.333984375,0,medgemma-4b-it
metastases,scoliosis,0.10498046875,0,medgemma-4b-it
metastases,scoliosis,0.1484375,0,medgemma-4b-it
normal,normal,0.09814453125,0,medgemma-4b-it
normal,cardiomegaly,0.10205078125,0,medgemma-4b-it
normal,cardiomegaly,0.1240234375,0,medgemma-4b-it
normal,cardiomegaly,0.9921875,1,medgemma-4b-it
normal,normal,0.09814453125,0,medgemma-4b-it
normal,normal,0.09814453125,0,medgemma-4b-it
normal,pulmonary atelectasis,0.10205078125,0,medgemma-4b-it
normal,pulmonary atelectasis,0.166015625,0,medgemma-4b-it
normal,pulmonary atelectasis,0.146484375,0,medgemma-4b-it
normal,pulmonary atelectasis,0.9921875,1,medgemma-4b-it
normal,pulmonary atelectasis,0.9921875,1,medgemma-4b-it
post-surgical changes,cicatrix,0.1416015625,0,medgemma-4b-it
post-surgical changes,cicatrix,0.921875,0,medgemma-4b-it
normal,normal,0.09814453125,0,medgemma-4b-it
atelectasis,pulmonary opacity,0.33984375,0,medgemma-4b-it
atelectasis,pulmonary opacity,0.279296875,0,medgemma-4b-it
atelectasis,pulmonary opacity,0.140625,0,medgemma-4b-it
mild cardiomegaly stable mediast,cardiomegaly,0.5625,0,medgemma-4b-it
mild cardiomegaly stable mediast,cardiomegaly,0.9140625,1,medgemma-4b-it
mild cardiomegaly stable mediast,cardiomegaly,1.0,1,medgemma-4b-it
right middle lobe ate,airspace disease,1.0,0,medgemma-4b-it
right middle lobe ate,airspace disease,0.1064453125,0,medgemma-4b-it
right middle lobe ate,airspace disease,0.103515625,0,medgemma-4b-it
normal,pulmonary atelectasis,0.10205078125,0,medgemma-4b-it
normal,pulmonary atelectasis,0.166015625,0,medgemma-4b-it
normal,pulmonary atelectasis,0.146484375,0,medgemma-4b-it
normal,pulmonary atelectasis,0.9921875,1,medgemma-4b-it
normal,pulmonary atelectasis,0.9921875,1,medgemma-4b-it
normal,normal,0.09814453125,0,medgemma-4b-it
pulmonary edema,cardiomegaly,0.87109375,0,medgemma-4b-it
pulmonary edema,cardiomegaly,0.1748046875,0,medgemma-4b-it
pulmonary edema,cardiomegaly,0.330078125,0,medgemma-4b-it
normal,kyphosis,0.1748046875,0,medgemma-4b-it
normal,kyphosis,0.091796875,0,medgemma-4b-it
normal,kyphosis,0.1640625,0,medgemma-4b-it
left lower lobe granul,pulmonary atelectasis,0.1083984375,0,medgemma-4b-it
left lower lobe granul,pulmonary atelectasis,0.2421875,0,medgemma-4b-it
left lower lobe granul,pulmonary atelectasis,0.267578125,0,medgemma-4b-it
left lower lobe granul,pulmonary atelectasis,0.99609375,1,medgemma-4b-it
left lower lobe granul,pulmonary atelectasis,0.99609375,1,medgemma-4b-it
normal,normal,0.09814453125,0,medgemma-4b-it
pneumonia,pneumonia,0.1025390625,0,medgemma-4b-it
pneumonia,pneumonia,0.0771484375,0,medgemma-4b-it
right lower lobe nod,pulmonary nodule,0.99609375,0,medgemma-4b-it
right lower lobe nod,pulmonary nodule,0.1474609375,0,medgemma-4b-it
right lower lobe nod,pulmonary nodule,0.169921875,1,medgemma-4b-it
right lower lobe nod,pulmonary nodule,0.9921875,1,medgemma-4b-it
normal,normal,0.09814453125,0,medgemma-4b-it
right lower lobe ate,pulmonary atelectasis,1.0,0,medgemma-4b-it
right lower lobe ate,pulmonary atelectasis,0.5234375,1,medgemma-4b-it
right lower lobe ate,pulmonary atelectasis,0.09521484375,0,medgemma-4b-it
right lower lobe ate,pulmonary atelectasis,0.50390625,1,medgemma-4b-it
right lower lobe ate,pulmonary atelectasis,0.9921875,1,medgemma-4b-it
atherosclerosis ``` a,atherosclerosis,0.251953125,0,medgemma-4b-it
atherosclerosis ``` a,atherosclerosis,0.9375,1,medgemma-4b-it
atherosclerosis ``` a,atherosclerosis,0.96875,1,medgemma-4b-it
normal,sclerosis,0.189453125,0,medgemma-4b-it
normal,sclerosis,0.1474609375,0,medgemma-4b-it
massive left upper lobe,pneumothorax,0.96875,0,medgemma-4b-it
massive left upper lobe,pneumothorax,0.3359375,0,medgemma-4b-it
massive left upper lobe,pneumothorax,0.9765625,0,medgemma-4b-it
normal,normal,0.09814453125,0,medgemma-4b-it
normal,emphysema,0.09814453125,0,medgemma-4b-it
normal,emphysema,0.228515625,0,medgemma-4b-it
normal,lung hypoinflation in lung,0.1748046875,0,medgemma-4b-it
normal,lung hypoinflation in lung,0.2373046875,0,medgemma-4b-it
normal,lung hypoinflation in lung,0.083984375,0,medgemma-4b-it
normal,lung hypoinflation in lung,0.162109375,0,medgemma-4b-it
normal,lung hypoinflation in lung,0.9296875,0,medgemma-4b-it
normal,lung hypoinflation in lung,0.76171875,0,medgemma-4b-it
normal,lung hypoinflation in lung,0.20703125,0,medgemma-4b-it
normal,normal,0.09814453125,0,medgemma-4b-it
normal,normal,0.09814453125,0,medgemma-4b-it
normal ``` normal ```,lung hypoinflation in lung,0.298828125,0,medgemma-4b-it
normal ``` normal ```,lung hypoinflation in lung,0.5859375,0,medgemma-4b-it
normal ``` normal ```,lung hypoinflation in lung,0.412109375,0,medgemma-4b-it
normal ``` normal ```,lung hypoinflation in lung,0.96484375,1,medgemma-4b-it
normal ``` normal ```,lung hypoinflation in lung,0.81640625,0,medgemma-4b-it
normal ``` normal ```,lung hypoinflation in lung,0.16015625,0,medgemma-4b-it
normal ``` normal ```,lung hypoinflation in lung,0.87890625,0,medgemma-4b-it
normal,"fractures, bone",0.10205078125,0,medgemma-4b-it
normal,"fractures, bone",0.41015625,0,medgemma-4b-it
normal,"fractures, bone",0.310546875,0,medgemma-4b-it
normal,"fractures, bone",0.1318359375,0,medgemma-4b-it
normal,normal,0.09814453125,0,medgemma-4b-it
normal,pulmonary congestion,0.10205078125,0,medgemma-4b-it
normal,pulmonary congestion,0.166015625,0,medgemma-4b-it
normal,pulmonary congestion,0.146484375,0,medgemma-4b-it
normal,normal,0.09814453125,0,medgemma-4b-it
normal,degenerative change in spine,0.10205078125,0,medgemma-4b-it
normal,degenerative change in spine,0.1513671875,0,medgemma-4b-it
normal,degenerative change in spine,0.2099609375,1,medgemma-4b-it
normal,degenerative change in spine,0.734375,0,medgemma-4b-it
post-radiation fibrosis,cicatrix,0.478515625,0,medgemma-4b-it
post-radiation fibrosis,cicatrix,0.90234375,0,medgemma-4b-it
normal,normal,0.09814453125,0,medgemma-4b-it
normal,normal,0.09814453125,0,medgemma-4b-it
normal,cicatrix,0.09814453125,0,medgemma-4b-it
normal,cicatrix,0.29296875,0,medgemma-4b-it
copd,emphysema,0.09619140625,0,medgemma-4b-it
copd,emphysema,0.3984375,0,medgemma-4b-it
cardiomegaly,cardiomegaly,0.18359375,0,medgemma-4b-it
cardiomegaly,cardiomegaly,0.92578125,1,medgemma-4b-it
cardiomegaly,cardiomegaly,0.9921875,1,medgemma-4b-it
normal,normal,0.09814453125,0,medgemma-4b-it
normal,inserted tube,0.09814453125,0,medgemma-4b-it
normal,inserted tube,0.07275390625,0,medgemma-4b-it
right-sided chest catheter,indwelling catheter,0.09716796875,0,medgemma-4b-it
right-sided chest catheter,indwelling catheter,0.97265625,1,medgemma-4b-it
right-sided chest catheter,indwelling catheter,0.2734375,1,medgemma-4b-it
normal,normal,0.09814453125,0,medgemma-4b-it
normal,normal,0.09814453125,0,medgemma-4b-it
normal,cicatrix,0.09814453125,0,medgemma-4b-it
normal,cicatrix,0.29296875,0,medgemma-4b-it
severe l1 fracture,"fractures, bone",0.26171875,0,medgemma-4b-it
severe l1 fracture,"fractures, bone",0.8203125,0,medgemma-4b-it
severe l1 fracture,"fractures, bone",0.181640625,0,medgemma-4b-it
severe l1 fracture,"fractures, bone",0.171875,0,medgemma-4b-it
normal,normal,0.09814453125,0,medgemma-4b-it
normal,pulmonary atelectasis,0.10205078125,0,medgemma-4b-it
normal,pulmonary atelectasis,0.166015625,0,medgemma-4b-it
normal,pulmonary atelectasis,0.146484375,0,medgemma-4b-it
normal,pulmonary atelectasis,0.9921875,1,medgemma-4b-it
normal,pulmonary atelectasis,0.9921875,1,medgemma-4b-it
normal,normal,0.09814453125,0,medgemma-4b-it
normal,degenerative change in thoracic vertebrae,0.10205078125,0,medgemma-4b-it
normal,degenerative change in thoracic vertebrae,0.1513671875,0,medgemma-4b-it
normal,degenerative change in thoracic vertebrae,0.2099609375,1,medgemma-4b-it
normal,degenerative change in thoracic vertebrae,0.734375,0,medgemma-4b-it
normal,degenerative change in thoracic vertebrae,0.50390625,0,medgemma-4b-it
normal,calcified granuloma,0.10205078125,0,medgemma-4b-it
normal,calcified granuloma,0.2216796875,0,medgemma-4b-it
normal,calcified granuloma,0.072265625,0,medgemma-4b-it
normal,calcified granuloma,0.78515625,0,medgemma-4b-it
normal,normal,0.09814453125,0,medgemma-4b-it
normal,normal,0.09814453125,0,medgemma-4b-it
normal,normal,0.09814453125,0,medgemma-4b-it
normal,pulmonary atelectasis,0.10205078125,0,medgemma-4b-it
normal,pulmonary atelectasis,0.166015625,0,medgemma-4b-it
normal,pulmonary atelectasis,0.146484375,0,medgemma-4b-it
normal,pulmonary atelectasis,0.9921875,1,medgemma-4b-it
normal,pulmonary atelectasis,0.9921875,1,medgemma-4b-it
left pneumothorax,pneumothorax,0.1572265625,0,medgemma-4b-it
left pneumothorax,pneumothorax,0.91796875,1,medgemma-4b-it
left pneumothorax,pneumothorax,1.0,1,medgemma-4b-it
normal,normal,0.09814453125,0,medgemma-4b-it
normal,normal,0.09814453125,0,medgemma-4b-it
normal,normal,0.09814453125,0,medgemma-4b-it
normal,normal,0.09814453125,0,medgemma-4b-it
cabg,osteophyte,0.05615234375,0,medgemma-4b-it
cabg,osteophyte,0.06689453125,0,medgemma-4b-it
pulmonary edema,pulmonary edema,0.85546875,0,medgemma-4b-it
pulmonary edema,pulmonary edema,0.2578125,0,medgemma-4b-it
pulmonary edema,pulmonary edema,0.86328125,1,medgemma-4b-it
normal,normal,0.09814453125,0,medgemma-4b-it
normal,normal,0.09814453125,0,medgemma-4b-it
coarse aorta,atherosclerosis,0.1630859375,0,medgemma-4b-it
coarse aorta,atherosclerosis,0.53515625,1,medgemma-4b-it
coarse aorta,atherosclerosis,0.86328125,1,medgemma-4b-it
bronchial plugs ``` ```,calcified granuloma,0.349609375,0,medgemma-4b-it
bronchial plugs ``` ```,calcified granuloma,0.62890625,1,medgemma-4b-it
bronchial plugs ``` ```,calcified granuloma,0.1943359375,0,medgemma-4b-it
bronchial plugs ``` ```,calcified granuloma,0.9609375,0,medgemma-4b-it
normal,normal,0.09814453125,0,medgemma-4b-it
normal,normal,0.09814453125,0,medgemma-4b-it
normal,normal,0.09814453125,0,medgemma-4b-it
normal,arthritis,0.09814453125,0,medgemma-4b-it
copd,round opacity in density,0.11962890625,0,medgemma-4b-it
copd,round opacity in density,0.26953125,0,medgemma-4b-it
copd,round opacity in density,0.10986328125,0,medgemma-4b-it
copd,round opacity in density,0.59375,0,medgemma-4b-it
normal,cardiomegaly,0.10205078125,0,medgemma-4b-it
normal,cardiomegaly,0.1240234375,0,medgemma-4b-it
normal,cardiomegaly,0.9921875,1,medgemma-4b-it
normal,normal,0.09814453125,0,medgemma-4b-it
normal,normal,0.09814453125,0,medgemma-4b-it
normal,cardiomegaly,0.10205078125,0,medgemma-4b-it
normal,cardiomegaly,0.1240234375,0,medgemma-4b-it
normal,cardiomegaly,0.9921875,1,medgemma-4b-it
normal,normal,0.09814453125,0,medgemma-4b-it
normal,atherosclerosis,0.10205078125,0,medgemma-4b-it
normal,atherosclerosis,0.95703125,1,medgemma-4b-it
normal,atherosclerosis,0.828125,1,medgemma-4b-it
normal,normal,0.09814453125,0,medgemma-4b-it
normal,normal,0.09814453125,0,medgemma-4b-it
normal,small opacity in calcified granuloma,0.189453125,0,medgemma-4b-it
normal,small opacity in calcified granuloma,0.140625,0,medgemma-4b-it
normal,small opacity in calcified granuloma,0.115234375,0,medgemma-4b-it
normal,small opacity in calcified granuloma,0.3125,0,medgemma-4b-it
normal,small opacity in calcified granuloma,0.482421875,1,medgemma-4b-it
normal,small opacity in calcified granuloma,0.1494140625,0,medgemma-4b-it
normal,small opacity in calcified granuloma,0.88671875,0,medgemma-4b-it
fractured rib,emphysema,0.1708984375,0,medgemma-4b-it
fractured rib,emphysema,0.11181640625,0,medgemma-4b-it
metastatic disease,pulmonary atelectasis,0.2099609375,0,medgemma-4b-it
metastatic disease,pulmonary atelectasis,0.98828125,1,medgemma-4b-it
metastatic disease,pulmonary atelectasis,0.375,0,medgemma-4b-it
metastatic disease,pulmonary atelectasis,1.0,1,medgemma-4b-it
metastatic disease,pulmonary atelectasis,0.99609375,1,medgemma-4b-it
normal ``` normal ```,normal,0.28515625,0,medgemma-4b-it
normal,normal,0.09814453125,0,medgemma-4b-it
calcified granuloma,cicatrix,0.2451171875,0,medgemma-4b-it
calcified granuloma,cicatrix,0.2138671875,0,medgemma-4b-it
normal,normal,0.09814453125,0,medgemma-4b-it
normal,scoliosis,0.10205078125,0,medgemma-4b-it
normal,scoliosis,0.09228515625,0,medgemma-4b-it
normal,scoliosis,0.48828125,0,medgemma-4b-it
normal,normal,0.09814453125,0,medgemma-4b-it
mask ``` ``` normal,bronchitis,0.2578125,0,medgemma-4b-it
mask ``` ``` normal,bronchitis,0.79296875,0,medgemma-4b-it
mask ``` ``` normal,bronchitis,0.400390625,0,medgemma-4b-it
right lower lobe pneumonia,pulmonary atelectasis,0.4453125,0,medgemma-4b-it
right lower lobe pneumonia,pulmonary atelectasis,0.365234375,0,medgemma-4b-it
right lower lobe pneumonia,pulmonary atelectasis,0.609375,0,medgemma-4b-it
right lower lobe pneumonia,pulmonary atelectasis,0.220703125,0,medgemma-4b-it
right lower lobe pneumonia,pulmonary atelectasis,1.0,0,medgemma-4b-it
normal,normal,0.09814453125,0,medgemma-4b-it
normal,bilateral abnormality in medical device,0.10205078125,0,medgemma-4b-it
normal,bilateral abnormality in medical device,0.064453125,0,medgemma-4b-it
normal,bilateral abnormality in medical device,0.0791015625,0,medgemma-4b-it
normal,bilateral abnormality in medical device,0.396484375,0,medgemma-4b-it
normal,bilateral abnormality in medical device,0.51953125,0,medgemma-4b-it
normal,bilateral abnormality in medical device,0.59375,0,medgemma-4b-it
normal,normal,0.09814453125,0,medgemma-4b-it
pulmonary edema,normal,0.85546875,0,medgemma-4b-it
normal,pulmonary atelectasis,0.10205078125,0,medgemma-4b-it
normal,pulmonary atelectasis,0.166015625,0,medgemma-4b-it
normal,pulmonary atelectasis,0.146484375,0,medgemma-4b-it
normal,pulmonary atelectasis,0.9921875,1,medgemma-4b-it
normal,pulmonary atelectasis,0.9921875,1,medgemma-4b-it
normal,normal,0.09814453125,0,medgemma-4b-it
normal,normal,0.09814453125,0,medgemma-4b-it
normal,normal,0.09814453125,0,medgemma-4b-it
normal,calcified granuloma,0.10205078125,0,medgemma-4b-it
normal,calcified granuloma,0.2216796875,0,medgemma-4b-it
normal,calcified granuloma,0.072265625,0,medgemma-4b-it
normal,calcified granuloma,0.78515625,0,medgemma-4b-it
normal,normal,0.09814453125,0,medgemma-4b-it
normal,osteophyte,0.09814453125,0,medgemma-4b-it
normal,osteophyte,0.52734375,0,medgemma-4b-it
**atrial septal defect**,tortuous vessel in aorta,0.62109375,0,medgemma-4b-it
**atrial septal defect**,tortuous vessel in aorta,0.484375,1,medgemma-4b-it
**atrial septal defect**,tortuous vessel in aorta,0.2099609375,0,medgemma-4b-it
**atrial septal defect**,tortuous vessel in aorta,0.1279296875,0,medgemma-4b-it
**atrial septal defect**,tortuous vessel in aorta,0.7890625,0,medgemma-4b-it
normal,surgical instruments,0.189453125,0,medgemma-4b-it
normal,surgical instruments,0.1416015625,0,medgemma-4b-it
normal,calcinosis,0.10205078125,0,medgemma-4b-it
normal,calcinosis,0.078125,0,medgemma-4b-it
normal,calcinosis,0.06640625,0,medgemma-4b-it
normal,cicatrix,0.09814453125,0,medgemma-4b-it
normal,cicatrix,0.29296875,0,medgemma-4b-it
normal,normal,0.09814453125,0,medgemma-4b-it
atelectasis ``` a,pulmonary atelectasis,0.3359375,0,medgemma-4b-it
atelectasis ``` a,pulmonary atelectasis,0.06787109375,0,medgemma-4b-it
atelectasis ``` a,pulmonary atelectasis,1.0,0,medgemma-4b-it
atelectasis ``` a,pulmonary atelectasis,1.0,0,medgemma-4b-it
atelectasis ``` a,pulmonary atelectasis,0.52734375,0,medgemma-4b-it
normal,normal,0.09814453125,0,medgemma-4b-it
normal,medical device in thorax,0.10205078125,0,medgemma-4b-it
normal,medical device in thorax,0.1865234375,0,medgemma-4b-it
normal,medical device in thorax,0.1416015625,0,medgemma-4b-it
normal,medical device in thorax,0.333984375,0,medgemma-4b-it
normal,normal,0.09814453125,0,medgemma-4b-it
normal,normal,0.09814453125,0,medgemma-4b-it
surgical clips,surgical instruments,0.142578125,0,medgemma-4b-it
surgical clips,surgical instruments,0.1630859375,0,medgemma-4b-it
normal,lung hypoinflation in lung,0.1748046875,0,medgemma-4b-it
normal,lung hypoinflation in lung,0.2373046875,0,medgemma-4b-it
normal,lung hypoinflation in lung,0.083984375,0,medgemma-4b-it
normal,lung hypoinflation in lung,0.162109375,0,medgemma-4b-it
normal,lung hypoinflation in lung,0.9296875,0,medgemma-4b-it
normal,lung hypoinflation in lung,0.76171875,0,medgemma-4b-it
normal,lung hypoinflation in lung,0.20703125,0,medgemma-4b-it
normal,spondylosis,0.189453125,0,medgemma-4b-it
normal,spondylosis,0.0830078125,0,medgemma-4b-it
normal,spondylosis,0.55859375,0,medgemma-4b-it
normal,spondylosis,0.240234375,0,medgemma-4b-it
normal,osteophyte,0.09814453125,0,medgemma-4b-it
normal,osteophyte,0.52734375,0,medgemma-4b-it
normal,normal,0.09814453125,0,medgemma-4b-it
cardiomegaly,cardiomegaly,0.18359375,0,medgemma-4b-it
cardiomegaly,cardiomegaly,0.92578125,1,medgemma-4b-it
cardiomegaly,cardiomegaly,0.9921875,1,medgemma-4b-it
normal,calcified granuloma,0.10205078125,0,medgemma-4b-it
normal,calcified granuloma,0.2216796875,0,medgemma-4b-it
normal,calcified granuloma,0.072265625,0,medgemma-4b-it
normal,calcified granuloma,0.78515625,0,medgemma-4b-it
pulmonary edema,cardiomegaly,0.87109375,0,medgemma-4b-it
pulmonary edema,cardiomegaly,0.1748046875,0,medgemma-4b-it
pulmonary edema,cardiomegaly,0.330078125,0,medgemma-4b-it
normal,normal,0.09814453125,0,medgemma-4b-it
normal,pulmonary atelectasis,0.10205078125,0,medgemma-4b-it
normal,pulmonary atelectasis,0.166015625,0,medgemma-4b-it
normal,pulmonary atelectasis,0.146484375,0,medgemma-4b-it
normal,pulmonary atelectasis,0.9921875,1,medgemma-4b-it
normal,pulmonary atelectasis,0.9921875,1,medgemma-4b-it
copd,cicatrix,0.103515625,0,medgemma-4b-it
copd,cicatrix,0.1142578125,0,medgemma-4b-it
segmental pneumonia,airspace disease,0.248046875,0,medgemma-4b-it
segmental pneumonia,airspace disease,0.042236328125,0,medgemma-4b-it
segmental pneumonia,airspace disease,0.09912109375,0,medgemma-4b-it
normal,surgical instruments,0.189453125,0,medgemma-4b-it
normal,surgical instruments,0.1416015625,0,medgemma-4b-it
normal,normal,0.09814453125,0,medgemma-4b-it
normal,normal,0.09814453125,0,medgemma-4b-it
normal,normal,0.09814453125,0,medgemma-4b-it
normal ``` normal ```,normal,0.28515625,0,medgemma-4b-it
hyperinflation ``` ```,lung hyperdistention in lung,0.322265625,0,medgemma-4b-it
hyperinflation ``` ```,lung hyperdistention in lung,0.142578125,0,medgemma-4b-it
hyperinflation ``` ```,lung hyperdistention in lung,0.98046875,0,medgemma-4b-it
hyperinflation ``` ```,lung hyperdistention in lung,0.91796875,0,medgemma-4b-it
hyperinflation ``` ```,lung hyperdistention in lung,0.306640625,0,medgemma-4b-it
hyperinflation ``` ```,lung hyperdistention in lung,0.47265625,0,medgemma-4b-it
normal,normal,0.09814453125,0,medgemma-4b-it
normal,normal,0.09814453125,0,medgemma-4b-it
normal ``` normal ```,pneumonia,0.28515625,0,medgemma-4b-it
normal ``` normal ```,pneumonia,0.83203125,1,medgemma-4b-it
normal,calcinosis,0.10205078125,0,medgemma-4b-it
normal,calcinosis,0.078125,0,medgemma-4b-it
normal,calcinosis,0.06640625,0,medgemma-4b-it
stable small calcified granul,small opacity in calcified granuloma,0.9296875,0,medgemma-4b-it
stable small calcified granul,small opacity in calcified granuloma,0.162109375,0,medgemma-4b-it
stable small calcified granul,small opacity in calcified granuloma,0.4140625,1,medgemma-4b-it
stable small calcified granul,small opacity in calcified granuloma,0.92578125,0,medgemma-4b-it
stable small calcified granul,small opacity in calcified granuloma,0.87890625,1,medgemma-4b-it
stable small calcified granul,small opacity in calcified granuloma,0.4296875,1,medgemma-4b-it
stable small calcified granul,small opacity in calcified granuloma,0.54296875,0,medgemma-4b-it
right hilar calcified lymph,pulmonary atelectasis,0.134765625,0,medgemma-4b-it
right hilar calcified lymph,pulmonary atelectasis,0.4296875,0,medgemma-4b-it
right hilar calcified lymph,pulmonary atelectasis,0.28125,0,medgemma-4b-it
right hilar calcified lymph,pulmonary atelectasis,1.0,1,medgemma-4b-it
right hilar calcified lymph,pulmonary atelectasis,0.99609375,1,medgemma-4b-it
normal,normal,0.09814453125,0,medgemma-4b-it
normal,calcinosis,0.10205078125,0,medgemma-4b-it
normal,calcinosis,0.078125,0,medgemma-4b-it
normal,calcinosis,0.06640625,0,medgemma-4b-it
normal,indwelling catheter,0.10205078125,0,medgemma-4b-it
normal,indwelling catheter,0.1611328125,0,medgemma-4b-it
normal,indwelling catheter,0.1748046875,1,medgemma-4b-it
pulmonary nodules,bilateral abnormality in nodule,0.248046875,0,medgemma-4b-it
pulmonary nodules,bilateral abnormality in nodule,0.98828125,1,medgemma-4b-it
pulmonary nodules,bilateral abnormality in nodule,0.22265625,0,medgemma-4b-it
pulmonary nodules,bilateral abnormality in nodule,0.2314453125,0,medgemma-4b-it
pulmonary nodules,bilateral abnormality in nodule,0.703125,0,medgemma-4b-it
pulmonary nodules,bilateral abnormality in nodule,0.7109375,1,medgemma-4b-it
normal,normal,0.09814453125,0,medgemma-4b-it
normal,normal,0.09814453125,0,medgemma-4b-it
normal,normal,0.09814453125,0,medgemma-4b-it
normal,normal,0.09814453125,0,medgemma-4b-it
normal,bilateral abnormality in markings,0.10205078125,0,medgemma-4b-it
normal,bilateral abnormality in markings,0.064453125,0,medgemma-4b-it
normal,bilateral abnormality in markings,0.0751953125,0,medgemma-4b-it
normal,bilateral abnormality in markings,0.38671875,0,medgemma-4b-it
normal,bilateral abnormality in markings,0.546875,0,medgemma-4b-it
normal,normal,0.09814453125,0,medgemma-4b-it
emphysema,diaphragmatic eventration,0.9765625,0,medgemma-4b-it
emphysema,diaphragmatic eventration,0.9921875,0,medgemma-4b-it
emphysema,diaphragmatic eventration,0.228515625,0,medgemma-4b-it
emphysema,diaphragmatic eventration,0.77734375,0,medgemma-4b-it
emphysema,diaphragmatic eventration,0.98046875,0,medgemma-4b-it
emphysema,diaphragmatic eventration,0.107421875,0,medgemma-4b-it
normal,normal,0.09814453125,0,medgemma-4b-it
normal,normal,0.09814453125,0,medgemma-4b-it
normal,normal,0.09814453125,0,medgemma-4b-it
calcified nodule,calcinosis,0.2021484375,0,medgemma-4b-it
calcified nodule,calcinosis,0.6328125,0,medgemma-4b-it
calcified nodule,calcinosis,0.890625,1,medgemma-4b-it
normal,normal,0.09814453125,0,medgemma-4b-it
normal,cicatrix,0.09814453125,0,medgemma-4b-it
normal,cicatrix,0.29296875,0,medgemma-4b-it
normal,cardiomegaly,0.10205078125,0,medgemma-4b-it
normal,cardiomegaly,0.1240234375,0,medgemma-4b-it
normal,cardiomegaly,0.9921875,1,medgemma-4b-it
normal,normal,0.09814453125,0,medgemma-4b-it
normal,normal,0.09814453125,0,medgemma-4b-it
normal,normal,0.09814453125,0,medgemma-4b-it
normal,normal,0.09814453125,0,medgemma-4b-it
normal,normal,0.09814453125,0,medgemma-4b-it
hiatal hernia,"hernia, hiatal",0.255859375,0,medgemma-4b-it
hiatal hernia,"hernia, hiatal",0.58984375,0,medgemma-4b-it
hiatal hernia,"hernia, hiatal",0.36328125,0,medgemma-4b-it
hiatal hernia,"hernia, hiatal",0.1298828125,0,medgemma-4b-it
hiatal hernia,"hernia, hiatal",0.99609375,1,medgemma-4b-it
normal,normal,0.09814453125,0,medgemma-4b-it
normal,normal,0.09814453125,0,medgemma-4b-it
normal,normal,0.09814453125,0,medgemma-4b-it
normal,lung hypoinflation in lung,0.1748046875,0,medgemma-4b-it
normal,lung hypoinflation in lung,0.2373046875,0,medgemma-4b-it
normal,lung hypoinflation in lung,0.083984375,0,medgemma-4b-it
normal,lung hypoinflation in lung,0.162109375,0,medgemma-4b-it
normal,lung hypoinflation in lung,0.9296875,0,medgemma-4b-it
normal,lung hypoinflation in lung,0.76171875,0,medgemma-4b-it
normal,lung hypoinflation in lung,0.20703125,0,medgemma-4b-it
normal,normal,0.09814453125,0,medgemma-4b-it
normal,normal,0.09814453125,0,medgemma-4b-it
normal,normal,0.09814453125,0,medgemma-4b-it
osteoarthritis,degenerative change in spine,0.173828125,0,medgemma-4b-it
osteoarthritis,degenerative change in spine,0.447265625,0,medgemma-4b-it
osteoarthritis,degenerative change in spine,0.375,0,medgemma-4b-it
osteoarthritis,degenerative change in spine,0.478515625,0,medgemma-4b-it
normal,normal,0.09814453125,0,medgemma-4b-it
normal,normal,0.09814453125,0,medgemma-4b-it
normal,degenerative change in cervical vertebrae,0.10205078125,0,medgemma-4b-it
normal,degenerative change in cervical vertebrae,0.1513671875,0,medgemma-4b-it
normal,degenerative change in cervical vertebrae,0.2099609375,1,medgemma-4b-it
normal,degenerative change in cervical vertebrae,0.734375,0,medgemma-4b-it
normal,degenerative change in cervical vertebrae,0.70703125,0,medgemma-4b-it
normal,calcinosis,0.10205078125,0,medgemma-4b-it
normal,calcinosis,0.078125,0,medgemma-4b-it
normal,calcinosis,0.06640625,0,medgemma-4b-it
normal,lung hyperdistention in lung,0.1748046875,0,medgemma-4b-it
normal,lung hyperdistention in lung,0.2373046875,0,medgemma-4b-it
normal,lung hyperdistention in lung,0.083984375,0,medgemma-4b-it
normal,lung hyperdistention in lung,0.039306640625,0,medgemma-4b-it
normal,lung hyperdistention in lung,0.248046875,0,medgemma-4b-it
normal,lung hyperdistention in lung,0.39453125,0,medgemma-4b-it
normal,normal,0.09814453125,0,medgemma-4b-it
mediastinal mass,cardiomegaly,0.2431640625,0,medgemma-4b-it
mediastinal mass,cardiomegaly,0.67578125,1,medgemma-4b-it
mediastinal mass,cardiomegaly,0.9140625,1,medgemma-4b-it
chronic granulomatous disease,degenerative change in thoracic vertebrae,0.14453125,0,medgemma-4b-it
chronic granulomatous disease,degenerative change in thoracic vertebrae,0.337890625,0,medgemma-4b-it
chronic granulomatous disease,degenerative change in thoracic vertebrae,0.96875,0,medgemma-4b-it
chronic granulomatous disease,degenerative change in thoracic vertebrae,0.18359375,0,medgemma-4b-it
chronic granulomatous disease,degenerative change in thoracic vertebrae,0.29296875,0,medgemma-4b-it
normal,normal,0.09814453125,0,medgemma-4b-it
normal,normal,0.09814453125,0,medgemma-4b-it
vascular calcification,calcinosis,0.7421875,0,medgemma-4b-it
vascular calcification,calcinosis,0.9453125,0,medgemma-4b-it
vascular calcification,calcinosis,0.99609375,1,medgemma-4b-it
scarring,cicatrix,0.1533203125,0,medgemma-4b-it
scarring,cicatrix,0.921875,0,medgemma-4b-it
normal,normal,0.09814453125,0,medgemma-4b-it
normal,normal,0.09814453125,0,medgemma-4b-it
normal,granuloma,0.10205078125,0,medgemma-4b-it
normal,granuloma,0.275390625,0,medgemma-4b-it
normal,granuloma,0.31640625,0,medgemma-4b-it
normal,normal,0.09814453125,0,medgemma-4b-it
normal,normal,0.09814453125,0,medgemma-4b-it
normal,normal,0.09814453125,0,medgemma-4b-it
normal,bilateral abnormality in calcified granuloma,0.10205078125,0,medgemma-4b-it
normal,bilateral abnormality in calcified granuloma,0.064453125,0,medgemma-4b-it
normal,bilateral abnormality in calcified granuloma,0.0791015625,0,medgemma-4b-it
normal,bilateral abnormality in calcified granuloma,0.39453125,0,medgemma-4b-it
normal,bilateral abnormality in calcified granuloma,0.515625,0,medgemma-4b-it
normal,bilateral abnormality in calcified granuloma,0.35546875,0,medgemma-4b-it
normal,bilateral abnormality in calcified granuloma,0.072265625,0,medgemma-4b-it
normal,bilateral abnormality in calcified granuloma,0.9609375,0,medgemma-4b-it
degenerative disc disease,degenerative change in thoracic vertebrae,0.1064453125,0,medgemma-4b-it
degenerative disc disease,degenerative change in thoracic vertebrae,0.84375,0,medgemma-4b-it
degenerative disc disease,degenerative change in thoracic vertebrae,0.94921875,0,medgemma-4b-it
degenerative disc disease,degenerative change in thoracic vertebrae,0.8984375,0,medgemma-4b-it
degenerative disc disease,degenerative change in thoracic vertebrae,0.259765625,0,medgemma-4b-it
mediastinal lymphadenopathy,prominent finding in mediastinum,0.75,0,medgemma-4b-it
mediastinal lymphadenopathy,prominent finding in mediastinum,0.40234375,0,medgemma-4b-it
mediastinal lymphadenopathy,prominent finding in mediastinum,0.361328125,0,medgemma-4b-it
mediastinal lymphadenopathy,prominent finding in mediastinum,0.181640625,0,medgemma-4b-it
mediastinal lymphadenopathy,prominent finding in mediastinum,0.380859375,0,medgemma-4b-it
mediastinal lymphadenopathy,prominent finding in mediastinum,0.55859375,0,medgemma-4b-it
normal,cardiomegaly,0.10205078125,0,medgemma-4b-it
normal,cardiomegaly,0.1240234375,0,medgemma-4b-it
normal,cardiomegaly,0.9921875,1,medgemma-4b-it
normal,normal,0.09814453125,0,medgemma-4b-it
normal,normal,0.09814453125,0,medgemma-4b-it
right hemidiaphragm elevation,pulmonary atelectasis,0.177734375,0,medgemma-4b-it
right hemidiaphragm elevation,pulmonary atelectasis,0.96484375,1,medgemma-4b-it
right hemidiaphragm elevation,pulmonary atelectasis,0.19921875,0,medgemma-4b-it
right hemidiaphragm elevation,pulmonary atelectasis,1.0,1,medgemma-4b-it
right hemidiaphragm elevation,pulmonary atelectasis,1.0,1,medgemma-4b-it
normal,cardiomegaly,0.10205078125,0,medgemma-4b-it
normal,cardiomegaly,0.1240234375,0,medgemma-4b-it
normal,cardiomegaly,0.9921875,1,medgemma-4b-it
aortic calcification lung calc,calcinosis,0.95703125,0,medgemma-4b-it
aortic calcification lung calc,calcinosis,0.91015625,0,medgemma-4b-it
aortic calcification lung calc,calcinosis,0.1552734375,0,medgemma-4b-it
normal,normal,0.09814453125,0,medgemma-4b-it
normal,normal,0.09814453125,0,medgemma-4b-it
normal,normal,0.09814453125,0,medgemma-4b-it
normal,cardiomegaly,0.10205078125,0,medgemma-4b-it
normal,cardiomegaly,0.1240234375,0,medgemma-4b-it
normal,cardiomegaly,0.9921875,1,medgemma-4b-it
normal,osteophyte,0.09814453125,0,medgemma-4b-it
normal,osteophyte,0.52734375,0,medgemma-4b-it
normal,normal,0.09814453125,0,medgemma-4b-it
infectious pneumonia,atherosclerosis,0.1943359375,0,medgemma-4b-it
infectious pneumonia,atherosclerosis,0.9453125,1,medgemma-4b-it
infectious pneumonia,atherosclerosis,0.8359375,1,medgemma-4b-it
normal,cardiomegaly,0.10205078125,0,medgemma-4b-it
normal,cardiomegaly,0.1240234375,0,medgemma-4b-it
normal,cardiomegaly,0.9921875,1,medgemma-4b-it
normal,cardiomegaly,0.10205078125,0,medgemma-4b-it
normal,cardiomegaly,0.1240234375,0,medgemma-4b-it
normal,cardiomegaly,0.9921875,1,medgemma-4b-it
normal,normal,0.09814453125,0,medgemma-4b-it
normal,cardiomegaly,0.10205078125,0,medgemma-4b-it
normal,cardiomegaly,0.1240234375,0,medgemma-4b-it
normal,cardiomegaly,0.9921875,1,medgemma-4b-it
normal,normal,0.09814453125,0,medgemma-4b-it
normal,normal,0.09814453125,0,medgemma-4b-it
normal,calcified granuloma,0.10205078125,0,medgemma-4b-it
normal,calcified granuloma,0.2216796875,0,medgemma-4b-it
normal,calcified granuloma,0.072265625,0,medgemma-4b-it
normal,calcified granuloma,0.78515625,0,medgemma-4b-it
pneumonia ``` ```,pulmonary opacity,0.3203125,0,medgemma-4b-it
pneumonia ``` ```,pulmonary opacity,0.734375,1,medgemma-4b-it
pneumonia ``` ```,pulmonary opacity,0.1611328125,0,medgemma-4b-it
normal,normal,0.09814453125,0,medgemma-4b-it
normal,spondylosis,0.189453125,0,medgemma-4b-it
normal,spondylosis,0.0830078125,0,medgemma-4b-it
normal,spondylosis,0.55859375,0,medgemma-4b-it
normal,spondylosis,0.240234375,0,medgemma-4b-it
normal,normal,0.09814453125,0,medgemma-4b-it
small pleural effusions,pleural effusion,0.1845703125,0,medgemma-4b-it
small pleural effusions,pleural effusion,0.94921875,1,medgemma-4b-it
small pleural effusions,pleural effusion,0.5703125,1,medgemma-4b-it
normal,normal,0.09814453125,0,medgemma-4b-it
normal,bilateral abnormality in lung,0.10205078125,0,medgemma-4b-it
normal,bilateral abnormality in lung,0.064453125,0,medgemma-4b-it
normal,bilateral abnormality in lung,0.0751953125,0,medgemma-4b-it
normal,bilateral abnormality in lung,0.38671875,0,medgemma-4b-it
normal,bilateral abnormality in lung,0.546875,0,medgemma-4b-it
right lower lobe opacity,pulmonary atelectasis,0.16015625,0,medgemma-4b-it
right lower lobe opacity,pulmonary atelectasis,0.94921875,1,medgemma-4b-it
right lower lobe opacity,pulmonary atelectasis,0.234375,0,medgemma-4b-it
right lower lobe opacity,pulmonary atelectasis,1.0,1,medgemma-4b-it
right lower lobe opacity,pulmonary atelectasis,1.0,1,medgemma-4b-it
normal,normal,0.09814453125,0,medgemma-4b-it
normal,normal,0.09814453125,0,medgemma-4b-it
pneumonia,hydropneumothorax,0.1435546875,0,medgemma-4b-it
pneumonia,hydropneumothorax,0.10888671875,0,medgemma-4b-it
pneumonia,hydropneumothorax,0.9921875,1,medgemma-4b-it
pneumonia,hydropneumothorax,0.99609375,1,medgemma-4b-it
pneumonia,hydropneumothorax,1.0,1,medgemma-4b-it
cardiac failure,pulmonary edema,0.212890625,0,medgemma-4b-it
cardiac failure,pulmonary edema,0.98828125,1,medgemma-4b-it
cardiac failure,pulmonary edema,0.349609375,1,medgemma-4b-it
normal,degenerative change in thoracic vertebrae,0.10205078125,0,medgemma-4b-it
normal,degenerative change in thoracic vertebrae,0.1513671875,0,medgemma-4b-it
normal,degenerative change in thoracic vertebrae,0.2099609375,1,medgemma-4b-it
normal,degenerative change in thoracic vertebrae,0.734375,0,medgemma-4b-it
normal,degenerative change in thoracic vertebrae,0.50390625,0,medgemma-4b-it
right lower lobe pneumonia,patchy opacity in opacity,0.4453125,0,medgemma-4b-it
right lower lobe pneumonia,patchy opacity in opacity,0.365234375,0,medgemma-4b-it
right lower lobe pneumonia,patchy opacity in opacity,0.609375,0,medgemma-4b-it
right lower lobe pneumonia,patchy opacity in opacity,0.359375,0,medgemma-4b-it
right lower lobe pneumonia,patchy opacity in opacity,0.4296875,0,medgemma-4b-it
calcified ap lymph nodes,calcinosis,0.197265625,0,medgemma-4b-it
calcified ap lymph nodes,calcinosis,0.1943359375,0,medgemma-4b-it
calcified ap lymph nodes,calcinosis,0.94140625,0,medgemma-4b-it
normal,degenerative change in thoracic vertebrae,0.10205078125,0,medgemma-4b-it
normal,degenerative change in thoracic vertebrae,0.1513671875,0,medgemma-4b-it
normal,degenerative change in thoracic vertebrae,0.2099609375,1,medgemma-4b-it
normal,degenerative change in thoracic vertebrae,0.734375,0,medgemma-4b-it
normal,degenerative change in thoracic vertebrae,0.50390625,0,medgemma-4b-it
normal,normal,0.09814453125,0,medgemma-4b-it
scarring,cicatrix,0.1533203125,0,medgemma-4b-it
scarring,cicatrix,0.921875,0,medgemma-4b-it
normal,spondylosis,0.189453125,0,medgemma-4b-it
normal,spondylosis,0.0830078125,0,medgemma-4b-it
normal,spondylosis,0.55859375,0,medgemma-4b-it
normal,spondylosis,0.240234375,0,medgemma-4b-it
normal,diaphragmatic eventration,0.10205078125,0,medgemma-4b-it
normal,diaphragmatic eventration,0.43359375,0,medgemma-4b-it
normal,diaphragmatic eventration,0.70703125,0,medgemma-4b-it
normal,diaphragmatic eventration,0.8828125,1,medgemma-4b-it
normal,diaphragmatic eventration,0.259765625,0,medgemma-4b-it
normal,diaphragmatic eventration,0.4140625,1,medgemma-4b-it
normal,lung hyperdistention in lung,0.1748046875,0,medgemma-4b-it
normal,lung hyperdistention in lung,0.2373046875,0,medgemma-4b-it
normal,lung hyperdistention in lung,0.083984375,0,medgemma-4b-it
normal,lung hyperdistention in lung,0.039306640625,0,medgemma-4b-it
normal,lung hyperdistention in lung,0.248046875,0,medgemma-4b-it
normal,lung hyperdistention in lung,0.39453125,0,medgemma-4b-it
normal,normal,0.09814453125,0,medgemma-4b-it
normal,normal,0.09814453125,0,medgemma-4b-it
normal,cardiomegaly,0.10205078125,0,medgemma-4b-it
normal,cardiomegaly,0.1240234375,0,medgemma-4b-it
normal,cardiomegaly,0.9921875,1,medgemma-4b-it
normal,lung hyperdistention in lung,0.1748046875,0,medgemma-4b-it
normal,lung hyperdistention in lung,0.2373046875,0,medgemma-4b-it
normal,lung hyperdistention in lung,0.083984375,0,medgemma-4b-it
normal,lung hyperdistention in lung,0.039306640625,0,medgemma-4b-it
normal,lung hyperdistention in lung,0.248046875,0,medgemma-4b-it
normal,lung hyperdistention in lung,0.39453125,0,medgemma-4b-it
normal ``` normal ```,normal,0.28515625,0,medgemma-4b-it
normal,normal,0.09814453125,0,medgemma-4b-it
normal,normal,0.09814453125,0,medgemma-4b-it
normal,scoliosis,0.10205078125,0,medgemma-4b-it
normal,scoliosis,0.09228515625,0,medgemma-4b-it
normal,scoliosis,0.48828125,0,medgemma-4b-it
normal,surgical instruments,0.189453125,0,medgemma-4b-it
normal,surgical instruments,0.1416015625,0,medgemma-4b-it
normal,osteophyte,0.09814453125,0,medgemma-4b-it
normal,osteophyte,0.52734375,0,medgemma-4b-it
aortic atherosclerosis,calcinosis,0.1474609375,0,medgemma-4b-it
aortic atherosclerosis,calcinosis,0.8125,0,medgemma-4b-it
aortic atherosclerosis,calcinosis,0.9140625,1,medgemma-4b-it
axillary lymph node biopsy,surgical instruments,0.4921875,0,medgemma-4b-it
axillary lymph node biopsy,surgical instruments,0.1845703125,0,medgemma-4b-it
emphysema,pulmonary emphysema,0.9765625,0,medgemma-4b-it
emphysema,pulmonary emphysema,0.99609375,0,medgemma-4b-it
emphysema,pulmonary emphysema,0.08740234375,0,medgemma-4b-it
emphysema,pulmonary emphysema,0.1845703125,0,medgemma-4b-it
lung nodule ``` lung,pulmonary nodule,0.5546875,0,medgemma-4b-it
lung nodule ``` lung,pulmonary nodule,0.5,1,medgemma-4b-it
lung nodule ``` lung,pulmonary nodule,0.2060546875,1,medgemma-4b-it
lung nodule ``` lung,pulmonary nodule,0.99609375,1,medgemma-4b-it
normal,normal,0.09814453125,0,medgemma-4b-it
normal,small opacity in nodule,0.189453125,0,medgemma-4b-it
normal,small opacity in nodule,0.140625,0,medgemma-4b-it
normal,small opacity in nodule,0.115234375,0,medgemma-4b-it
normal,small opacity in nodule,0.3125,0,medgemma-4b-it
normal,small opacity in nodule,0.7578125,0,medgemma-4b-it
interstitial lung disease,cysts,0.48828125,0,medgemma-4b-it
interstitial lung disease,cysts,0.166015625,0,medgemma-4b-it
normal,"fractures, bone",0.10205078125,0,medgemma-4b-it
normal,"fractures, bone",0.41015625,0,medgemma-4b-it
normal,"fractures, bone",0.310546875,0,medgemma-4b-it
normal,"fractures, bone",0.1318359375,0,medgemma-4b-it
normal,diaphragmatic eventration,0.10205078125,0,medgemma-4b-it
normal,diaphragmatic eventration,0.43359375,0,medgemma-4b-it
normal,diaphragmatic eventration,0.70703125,0,medgemma-4b-it
normal,diaphragmatic eventration,0.8828125,1,medgemma-4b-it
normal,diaphragmatic eventration,0.259765625,0,medgemma-4b-it
normal,diaphragmatic eventration,0.4140625,1,medgemma-4b-it
normal,normal,0.09814453125,0,medgemma-4b-it
normal,degenerative change in thoracic vertebrae,0.10205078125,0,medgemma-4b-it
normal,degenerative change in thoracic vertebrae,0.1513671875,0,medgemma-4b-it
normal,degenerative change in thoracic vertebrae,0.2099609375,1,medgemma-4b-it
normal,degenerative change in thoracic vertebrae,0.734375,0,medgemma-4b-it
normal,degenerative change in thoracic vertebrae,0.50390625,0,medgemma-4b-it
"scarring, volume loss",cicatrix,0.42578125,0,medgemma-4b-it
"scarring, volume loss",cicatrix,0.2294921875,0,medgemma-4b-it
normal,implanted medical device,0.10205078125,0,medgemma-4b-it
normal,implanted medical device,0.10009765625,0,medgemma-4b-it
normal,implanted medical device,0.1455078125,0,medgemma-4b-it
normal,implanted medical device,0.56640625,0,medgemma-4b-it
normal,normal,0.09814453125,0,medgemma-4b-it
mild pulmonary edema,emphysema,0.1533203125,0,medgemma-4b-it
mild pulmonary edema,emphysema,0.953125,1,medgemma-4b-it
normal,normal,0.09814453125,0,medgemma-4b-it
shoulder impingement ```,arthritis,0.177734375,0,medgemma-4b-it
biventricular pacemaker,cardiomegaly,0.9375,0,medgemma-4b-it
biventricular pacemaker,cardiomegaly,0.7578125,0,medgemma-4b-it
biventricular pacemaker,cardiomegaly,0.6953125,0,medgemma-4b-it
normal,normal,0.09814453125,0,medgemma-4b-it
normal,diaphragmatic eventration,0.10205078125,0,medgemma-4b-it
normal,diaphragmatic eventration,0.43359375,0,medgemma-4b-it
normal,diaphragmatic eventration,0.70703125,0,medgemma-4b-it
normal,diaphragmatic eventration,0.8828125,1,medgemma-4b-it
normal,diaphragmatic eventration,0.259765625,0,medgemma-4b-it
normal,diaphragmatic eventration,0.4140625,1,medgemma-4b-it
pneumonia,pneumonia,0.1025390625,0,medgemma-4b-it
pneumonia,pneumonia,0.0771484375,0,medgemma-4b-it
normal,normal,0.09814453125,0,medgemma-4b-it
mediastinal adenopathy,pleural effusion,0.19140625,0,medgemma-4b-it
mediastinal adenopathy,pleural effusion,0.95703125,1,medgemma-4b-it
mediastinal adenopathy,pleural effusion,0.9609375,1,medgemma-4b-it
fracture,"fractures, bone",0.359375,0,medgemma-4b-it
fracture,"fractures, bone",0.94140625,0,medgemma-4b-it
fracture,"fractures, bone",0.3203125,0,medgemma-4b-it
fracture,"fractures, bone",0.158203125,0,medgemma-4b-it
normal,medical device in thorax,0.10205078125,0,medgemma-4b-it
normal,medical device in thorax,0.1865234375,0,medgemma-4b-it
normal,medical device in thorax,0.1416015625,0,medgemma-4b-it
normal,medical device in thorax,0.333984375,0,medgemma-4b-it
normal,tortuous vessel in aorta,0.10205078125,0,medgemma-4b-it
normal,tortuous vessel in aorta,0.515625,0,medgemma-4b-it
normal,tortuous vessel in aorta,0.08349609375,0,medgemma-4b-it
normal,tortuous vessel in aorta,0.14453125,0,medgemma-4b-it
normal,tortuous vessel in aorta,0.609375,0,medgemma-4b-it
calcified granuloma ``` ```,calcinosis,0.4140625,0,medgemma-4b-it
calcified granuloma ``` ```,calcinosis,0.9296875,0,medgemma-4b-it
calcified granuloma ``` ```,calcinosis,0.9765625,1,medgemma-4b-it
normal,degenerative change in thoracic vertebrae,0.10205078125,0,medgemma-4b-it
normal,degenerative change in thoracic vertebrae,0.1513671875,0,medgemma-4b-it
normal,degenerative change in thoracic vertebrae,0.2099609375,1,medgemma-4b-it
normal,degenerative change in thoracic vertebrae,0.734375,0,medgemma-4b-it
normal,degenerative change in thoracic vertebrae,0.50390625,0,medgemma-4b-it
normal,spondylosis,0.189453125,0,medgemma-4b-it
normal,spondylosis,0.0830078125,0,medgemma-4b-it
normal,spondylosis,0.55859375,0,medgemma-4b-it
normal,spondylosis,0.240234375,0,medgemma-4b-it
normal ``` normal ```,degenerative change in thoracic vertebrae,0.298828125,0,medgemma-4b-it
normal ``` normal ```,degenerative change in thoracic vertebrae,0.1513671875,0,medgemma-4b-it
normal ``` normal ```,degenerative change in thoracic vertebrae,0.2197265625,1,medgemma-4b-it
normal ``` normal ```,degenerative change in thoracic vertebrae,0.7734375,0,medgemma-4b-it
normal ``` normal ```,degenerative change in thoracic vertebrae,0.8515625,0,medgemma-4b-it
normal,streaky opacity in opacity,0.10205078125,0,medgemma-4b-it
normal,streaky opacity in opacity,0.2138671875,0,medgemma-4b-it
normal,streaky opacity in opacity,0.09912109375,0,medgemma-4b-it
normal,streaky opacity in opacity,0.2451171875,1,medgemma-4b-it
normal,streaky opacity in opacity,0.8125,0,medgemma-4b-it
normal,calcified granuloma,0.10205078125,0,medgemma-4b-it
normal,calcified granuloma,0.2216796875,0,medgemma-4b-it
normal,calcified granuloma,0.072265625,0,medgemma-4b-it
normal,calcified granuloma,0.78515625,0,medgemma-4b-it
atelectasis,pulmonary atelectasis,0.333984375,0,medgemma-4b-it
atelectasis,pulmonary atelectasis,0.271484375,0,medgemma-4b-it
atelectasis,pulmonary atelectasis,0.140625,0,medgemma-4b-it
atelectasis,pulmonary atelectasis,1.0,1,medgemma-4b-it
atelectasis,pulmonary atelectasis,0.9921875,1,medgemma-4b-it
normal,normal,0.09814453125,0,medgemma-4b-it
normal,scoliosis,0.10205078125,0,medgemma-4b-it
normal,scoliosis,0.09228515625,0,medgemma-4b-it
normal,scoliosis,0.48828125,0,medgemma-4b-it
normal,lung hypoinflation in lung,0.1748046875,0,medgemma-4b-it
normal,lung hypoinflation in lung,0.2373046875,0,medgemma-4b-it
normal,lung hypoinflation in lung,0.083984375,0,medgemma-4b-it
normal,lung hypoinflation in lung,0.162109375,0,medgemma-4b-it
normal,lung hypoinflation in lung,0.9296875,0,medgemma-4b-it
normal,lung hypoinflation in lung,0.76171875,0,medgemma-4b-it
normal,lung hypoinflation in lung,0.20703125,0,medgemma-4b-it
normal,normal,0.09814453125,0,medgemma-4b-it
cardiomegaly ather,cardiomegaly,0.2392578125,0,medgemma-4b-it
cardiomegaly ather,cardiomegaly,0.78515625,1,medgemma-4b-it
cardiomegaly ather,cardiomegaly,0.98828125,1,medgemma-4b-it
normal,normal,0.09814453125,0,medgemma-4b-it
normal,normal,0.09814453125,0,medgemma-4b-it
left lower lobe pneumonia,streaky opacity in opacity,0.5390625,0,medgemma-4b-it
left lower lobe pneumonia,streaky opacity in opacity,0.349609375,0,medgemma-4b-it
left lower lobe pneumonia,streaky opacity in opacity,0.275390625,0,medgemma-4b-it
left lower lobe pneumonia,streaky opacity in opacity,0.2294921875,0,medgemma-4b-it
left lower lobe pneumonia,streaky opacity in opacity,0.4140625,0,medgemma-4b-it
normal,normal,0.09814453125,0,medgemma-4b-it
normal,degenerative change in spine,0.10205078125,0,medgemma-4b-it
normal,degenerative change in spine,0.1513671875,0,medgemma-4b-it
normal,degenerative change in spine,0.2099609375,1,medgemma-4b-it
normal,degenerative change in spine,0.734375,0,medgemma-4b-it
normal,normal,0.09814453125,0,medgemma-4b-it
copd,calcinosis,0.11962890625,0,medgemma-4b-it
copd,calcinosis,0.15625,0,medgemma-4b-it
copd,calcinosis,0.91796875,1,medgemma-4b-it
normal,surgical instruments,0.189453125,0,medgemma-4b-it
normal,surgical instruments,0.1416015625,0,medgemma-4b-it
normal,granuloma,0.10205078125,0,medgemma-4b-it
normal,granuloma,0.275390625,0,medgemma-4b-it
normal,granuloma,0.31640625,0,medgemma-4b-it
normal,"tortuous vessel in aorta, thoracic",0.10205078125,0,medgemma-4b-it
normal,"tortuous vessel in aorta, thoracic",0.5234375,0,medgemma-4b-it
normal,"tortuous vessel in aorta, thoracic",0.08837890625,0,medgemma-4b-it
normal,"tortuous vessel in aorta, thoracic",0.13671875,0,medgemma-4b-it
normal,"tortuous vessel in aorta, thoracic",0.6171875,0,medgemma-4b-it
normal,"tortuous vessel in aorta, thoracic",0.1845703125,0,medgemma-4b-it
normal,"tortuous vessel in aorta, thoracic",0.06982421875,0,medgemma-4b-it
normal,normal,0.09814453125,0,medgemma-4b-it
normal,normal,0.09814453125,0,medgemma-4b-it
emphysema,"lung, hyperlucent",0.9765625,0,medgemma-4b-it
emphysema,"lung, hyperlucent",0.9921875,0,medgemma-4b-it
emphysema,"lung, hyperlucent",0.09033203125,0,medgemma-4b-it
emphysema,"lung, hyperlucent",0.609375,0,medgemma-4b-it
calcified lymph nodes,calcinosis,0.138671875,0,medgemma-4b-it
calcified lymph nodes,calcinosis,0.271484375,0,medgemma-4b-it
calcified lymph nodes,calcinosis,0.875,0,medgemma-4b-it
normal,normal,0.09814453125,0,medgemma-4b-it
normal,normal,0.09814453125,0,medgemma-4b-it
normal,normal,0.09814453125,0,medgemma-4b-it
normal,normal,0.09814453125,0,medgemma-4b-it
emphysema,"lung, hyperlucent",0.9765625,0,medgemma-4b-it
emphysema,"lung, hyperlucent",0.9921875,0,medgemma-4b-it
emphysema,"lung, hyperlucent",0.09033203125,0,medgemma-4b-it
emphysema,"lung, hyperlucent",0.609375,0,medgemma-4b-it
normal,normal,0.09814453125,0,medgemma-4b-it
calcified thoracic aorta,calcinosis,0.8671875,0,medgemma-4b-it
calcified thoracic aorta,calcinosis,0.796875,0,medgemma-4b-it
calcified thoracic aorta,calcinosis,0.9921875,1,medgemma-4b-it
copd,calcinosis,0.11962890625,0,medgemma-4b-it
copd,calcinosis,0.15625,0,medgemma-4b-it
copd,calcinosis,0.91796875,1,medgemma-4b-it
normal,atherosclerosis,0.10205078125,0,medgemma-4b-it
normal,atherosclerosis,0.95703125,1,medgemma-4b-it
normal,atherosclerosis,0.828125,1,medgemma-4b-it
normal,"lung, hyperlucent",0.1748046875,0,medgemma-4b-it
normal,"lung, hyperlucent",0.2373046875,0,medgemma-4b-it
normal,"lung, hyperlucent",0.0849609375,0,medgemma-4b-it
normal,"lung, hyperlucent",0.076171875,0,medgemma-4b-it
normal,cardiomegaly,0.10205078125,0,medgemma-4b-it
normal,cardiomegaly,0.1240234375,0,medgemma-4b-it
normal,cardiomegaly,0.9921875,1,medgemma-4b-it
normal,normal,0.09814453125,0,medgemma-4b-it
normal,lung hypoinflation in lung,0.1748046875,0,medgemma-4b-it
normal,lung hypoinflation in lung,0.2373046875,0,medgemma-4b-it
normal,lung hypoinflation in lung,0.083984375,0,medgemma-4b-it
normal,lung hypoinflation in lung,0.162109375,0,medgemma-4b-it
normal,lung hypoinflation in lung,0.9296875,0,medgemma-4b-it
normal,lung hypoinflation in lung,0.76171875,0,medgemma-4b-it
normal,lung hypoinflation in lung,0.20703125,0,medgemma-4b-it
copd,cardiomegaly,0.11962890625,0,medgemma-4b-it
copd,cardiomegaly,0.16796875,0,medgemma-4b-it
copd,cardiomegaly,0.6953125,1,medgemma-4b-it
normal,normal,0.09814453125,0,medgemma-4b-it
normal,normal,0.09814453125,0,medgemma-4b-it
normal,normal,0.09814453125,0,medgemma-4b-it
normal,normal,0.09814453125,0,medgemma-4b-it
normal,cardiomegaly,0.10205078125,0,medgemma-4b-it
normal,cardiomegaly,0.1240234375,0,medgemma-4b-it
normal,cardiomegaly,0.9921875,1,medgemma-4b-it
normal,normal,0.09814453125,0,medgemma-4b-it
normal,"tortuous vessel in aorta, thoracic",0.10205078125,0,medgemma-4b-it
normal,"tortuous vessel in aorta, thoracic",0.5234375,0,medgemma-4b-it
normal,"tortuous vessel in aorta, thoracic",0.08837890625,0,medgemma-4b-it
normal,"tortuous vessel in aorta, thoracic",0.13671875,0,medgemma-4b-it
normal,"tortuous vessel in aorta, thoracic",0.6171875,0,medgemma-4b-it
normal,"tortuous vessel in aorta, thoracic",0.1845703125,0,medgemma-4b-it
normal,"tortuous vessel in aorta, thoracic",0.06982421875,0,medgemma-4b-it
normal,calcified granuloma,0.10205078125,0,medgemma-4b-it
normal,calcified granuloma,0.2216796875,0,medgemma-4b-it
normal,calcified granuloma,0.072265625,0,medgemma-4b-it
normal,calcified granuloma,0.78515625,0,medgemma-4b-it
normal,cardiomegaly,0.10205078125,0,medgemma-4b-it
normal,cardiomegaly,0.1240234375,0,medgemma-4b-it
normal,cardiomegaly,0.9921875,1,medgemma-4b-it
normal,normal,0.09814453125,0,medgemma-4b-it
normal,"hernia, hiatal",0.10205078125,0,medgemma-4b-it
normal,"hernia, hiatal",0.1044921875,0,medgemma-4b-it
normal,"hernia, hiatal",0.359375,0,medgemma-4b-it
normal,"hernia, hiatal",0.12109375,0,medgemma-4b-it
normal,"hernia, hiatal",0.9609375,1,medgemma-4b-it
normal,normal,0.09814453125,0,medgemma-4b-it
cardiomegaly,pleural effusion,0.18359375,0,medgemma-4b-it
cardiomegaly,pleural effusion,0.369140625,0,medgemma-4b-it
cardiomegaly,pleural effusion,0.88671875,1,medgemma-4b-it
normal,pulmonary atelectasis,0.10205078125,0,medgemma-4b-it
normal,pulmonary atelectasis,0.166015625,0,medgemma-4b-it
normal,pulmonary atelectasis,0.146484375,0,medgemma-4b-it
normal,pulmonary atelectasis,0.9921875,1,medgemma-4b-it
normal,pulmonary atelectasis,0.9921875,1,medgemma-4b-it
normal,normal,0.09814453125,0,medgemma-4b-it
normal,diaphragmatic eventration,0.10205078125,0,medgemma-4b-it
normal,diaphragmatic eventration,0.43359375,0,medgemma-4b-it
normal,diaphragmatic eventration,0.70703125,0,medgemma-4b-it
normal,diaphragmatic eventration,0.8828125,1,medgemma-4b-it
normal,diaphragmatic eventration,0.259765625,0,medgemma-4b-it
normal,diaphragmatic eventration,0.4140625,1,medgemma-4b-it
normal,osteophyte,0.09814453125,0,medgemma-4b-it
normal,osteophyte,0.52734375,0,medgemma-4b-it
nodular densities ``` ```,atherosclerosis,0.306640625,0,medgemma-4b-it
nodular densities ``` ```,atherosclerosis,0.921875,1,medgemma-4b-it
nodular densities ``` ```,atherosclerosis,0.77734375,1,medgemma-4b-it
atherosclerosis ``` a,atherosclerosis,0.251953125,0,medgemma-4b-it
atherosclerosis ``` a,atherosclerosis,0.9375,1,medgemma-4b-it
atherosclerosis ``` a,atherosclerosis,0.96875,1,medgemma-4b-it
small pleural effusion,pleural effusion,0.166015625,0,medgemma-4b-it
small pleural effusion,pleural effusion,0.90625,1,medgemma-4b-it
small pleural effusion,pleural effusion,0.8203125,1,medgemma-4b-it
normal,granuloma,0.10205078125,0,medgemma-4b-it
normal,granuloma,0.275390625,0,medgemma-4b-it
normal,granuloma,0.31640625,0,medgemma-4b-it
aortic tortuosity ```,tortuous vessel in aorta,0.1650390625,0,medgemma-4b-it
aortic tortuosity ```,tortuous vessel in aorta,0.72265625,0,medgemma-4b-it
aortic tortuosity ```,tortuous vessel in aorta,0.5546875,0,medgemma-4b-it
aortic tortuosity ```,tortuous vessel in aorta,0.51953125,0,medgemma-4b-it
aortic tortuosity ```,tortuous vessel in aorta,0.90625,0,medgemma-4b-it
normal,cardiomegaly,0.10205078125,0,medgemma-4b-it
normal,cardiomegaly,0.1240234375,0,medgemma-4b-it
normal,cardiomegaly,0.9921875,1,medgemma-4b-it
normal,lung hypoinflation in lung,0.1748046875,0,medgemma-4b-it
normal,lung hypoinflation in lung,0.2373046875,0,medgemma-4b-it
normal,lung hypoinflation in lung,0.083984375,0,medgemma-4b-it
normal,lung hypoinflation in lung,0.162109375,0,medgemma-4b-it
normal,lung hypoinflation in lung,0.9296875,0,medgemma-4b-it
normal,lung hypoinflation in lung,0.76171875,0,medgemma-4b-it
normal,lung hypoinflation in lung,0.20703125,0,medgemma-4b-it
normal,osteophyte,0.09814453125,0,medgemma-4b-it
normal,osteophyte,0.52734375,0,medgemma-4b-it
left midlung opacity,pulmonary atelectasis,0.11328125,0,medgemma-4b-it
left midlung opacity,pulmonary atelectasis,0.91796875,1,medgemma-4b-it
left midlung opacity,pulmonary atelectasis,0.142578125,0,medgemma-4b-it
left midlung opacity,pulmonary atelectasis,1.0,1,medgemma-4b-it
left midlung opacity,pulmonary atelectasis,0.99609375,1,medgemma-4b-it
normal,normal,0.09814453125,0,medgemma-4b-it
copd,atherosclerosis,0.11962890625,0,medgemma-4b-it
copd,atherosclerosis,0.326171875,0,medgemma-4b-it
copd,atherosclerosis,0.62890625,1,medgemma-4b-it
normal,normal,0.09814453125,0,medgemma-4b-it
normal,calcified granuloma,0.10205078125,0,medgemma-4b-it
normal,calcified granuloma,0.2216796875,0,medgemma-4b-it
normal,calcified granuloma,0.072265625,0,medgemma-4b-it
normal,calcified granuloma,0.78515625,0,medgemma-4b-it
left lower lobe pneumonia,pleural effusion,0.5390625,0,medgemma-4b-it
left lower lobe pneumonia,pleural effusion,0.349609375,0,medgemma-4b-it
left lower lobe pneumonia,pleural effusion,0.58984375,0,medgemma-4b-it
normal,normal,0.09814453125,0,medgemma-4b-it
normal,normal,0.09814453125,0,medgemma-4b-it
svc syndrome,cystic fibrosis,0.734375,0,medgemma-4b-it
svc syndrome,cystic fibrosis,0.138671875,0,medgemma-4b-it
granuloma ``` ```,granuloma,0.375,0,medgemma-4b-it
granuloma ``` ```,granuloma,0.99609375,1,medgemma-4b-it
granuloma ``` ```,granuloma,0.93359375,1,medgemma-4b-it
**ascites**,lung hyperdistention in lung,0.5078125,0,medgemma-4b-it
**ascites**,lung hyperdistention in lung,0.546875,0,medgemma-4b-it
**ascites**,lung hyperdistention in lung,0.953125,0,medgemma-4b-it
**ascites**,lung hyperdistention in lung,0.93359375,0,medgemma-4b-it
**ascites**,lung hyperdistention in lung,0.314453125,0,medgemma-4b-it
**ascites**,lung hyperdistention in lung,0.478515625,0,medgemma-4b-it
normal,cicatrix,0.09814453125,0,medgemma-4b-it
normal,cicatrix,0.29296875,0,medgemma-4b-it
normal,pulmonary nodule,0.10205078125,0,medgemma-4b-it
normal,pulmonary nodule,0.166015625,0,medgemma-4b-it
normal,pulmonary nodule,0.146484375,0,medgemma-4b-it
normal,pulmonary nodule,1.0,1,medgemma-4b-it
normal,normal,0.09814453125,0,medgemma-4b-it
