prompt,response,confidence,correct,model
normal,normal,1.0,0,Qwen2.5-7B-Instruct-RLVR_aligned
normal,normal,1.0,0,Qwen2.5-7B-Instruct-RLVR_aligned
cardiomegaly,cardiomegaly,0.296875,0,Qwen2.5-7B-Instruct-RLVR_aligned
cardiomegaly,cardiomegaly,0.96875,0,Qwen2.5-7B-Instruct-RLVR_aligned
cardiomegaly,cardiomegaly,0.99609375,0,Qwen2.5-7B-Instruct-RLVR_aligned
cardiomegaly,cardiomegaly,0.98828125,0,Qwen2.5-7B-Instruct-RLVR_aligned
cardiomegaly,cardiomegaly,0.1982421875,0,Qwen2.5-7B-Instruct-RLVR_aligned
normal,normal,1.0,0,Qwen2.5-7B-Instruct-RLVR_aligned
pulmonary atelectasis,focal abnormality in airspace disease,0.171875,0,Qwen2.5-7B-Instruct-RLVR_aligned
pulmonary atelectasis,focal abnormality in airspace disease,0.150390625,0,Qwen2.5-7B-Instruct-RLVR_aligned
pulmonary atelectasis,focal abnormality in airspace disease,0.357421875,0,Qwen2.5-7B-Instruct-RLVR_aligned
pulmonary atelectasis,focal abnormality in airspace disease,1.0,1,Qwen2.5-7B-Instruct-RLVR_aligned
pulmonary atelectasis,focal abnormality in airspace disease,0.98046875,1,Qwen2.5-7B-Instruct-RLVR_aligned
pulmonary atelectasis,focal abnormality in airspace disease,0.9921875,0,Qwen2.5-7B-Instruct-RLVR_aligned
pulmonary atelectasis,focal abnormality in airspace disease,0.30859375,0,Qwen2.5-7B-Instruct-RLVR_aligned
cardiomegaly,pleural effusion,0.154296875,0,Qwen2.5-7B-Instruct-RLVR_aligned
cardiomegaly,pleural effusion,0.99609375,1,Qwen2.5-7B-Instruct-RLVR_aligned
cardiomegaly,pleural effusion,0.96875,1,Qwen2.5-7B-Instruct-RLVR_aligned
cardiomegaly,pleural effusion,0.9375,1,Qwen2.5-7B-Instruct-RLVR_aligned
normal,normal,1.0,0,Qwen2.5-7B-Instruct-RLVR_aligned
pulmonary atelectasis,pulmonary atelectasis,0.1748046875,0,Qwen2.5-7B-Instruct-RLVR_aligned
pulmonary atelectasis,pulmonary atelectasis,1.0,1,Qwen2.5-7B-Instruct-RLVR_aligned
pulmonary atelectasis,pulmonary atelectasis,1.0,1,Qwen2.5-7B-Instruct-RLVR_aligned
pulmonary atelectasis,pulmonary atelectasis,0.52734375,1,Qwen2.5-7B-Instruct-RLVR_aligned
pulmonary atelectasis,pulmonary atelectasis,0.99609375,1,Qwen2.5-7B-Instruct-RLVR_aligned
pulmonary atelectasis,pulmonary atelectasis,0.99609375,1,Qwen2.5-7B-Instruct-RLVR_aligned
normal,normal,1.0,0,Qwen2.5-7B-Instruct-RLVR_aligned
cardiomegaly,cardiomegaly,0.296875,0,Qwen2.5-7B-Instruct-RLVR_aligned
cardiomegaly,cardiomegaly,0.96875,0,Qwen2.5-7B-Instruct-RLVR_aligned
cardiomegaly,cardiomegaly,0.99609375,0,Qwen2.5-7B-Instruct-RLVR_aligned
cardiomegaly,cardiomegaly,0.98828125,0,Qwen2.5-7B-Instruct-RLVR_aligned
cardiomegaly,cardiomegaly,0.1982421875,0,Qwen2.5-7B-Instruct-RLVR_aligned
pleural effusion,pneumonia,0.279296875,0,Qwen2.5-7B-Instruct-RLVR_aligned
pleural effusion,pneumonia,0.37890625,1,Qwen2.5-7B-Instruct-RLVR_aligned
pleural effusion,pneumonia,1.0,1,Qwen2.5-7B-Instruct-RLVR_aligned
pleural effusion,pneumonia,0.9453125,0,Qwen2.5-7B-Instruct-RLVR_aligned
normal,normal,1.0,0,Qwen2.5-7B-Instruct-RLVR_aligned
normal,normal,1.0,0,Qwen2.5-7B-Instruct-RLVR_aligned
normal,normal,1.0,0,Qwen2.5-7B-Instruct-RLVR_aligned
calcinosis,"bone diseases, metabolic",0.494140625,0,Qwen2.5-7B-Instruct-RLVR_aligned
calcinosis,"bone diseases, metabolic",0.259765625,0,Qwen2.5-7B-Instruct-RLVR_aligned
calcinosis,"bone diseases, metabolic",0.484375,0,Qwen2.5-7B-Instruct-RLVR_aligned
calcinosis,"bone diseases, metabolic",0.2138671875,0,Qwen2.5-7B-Instruct-RLVR_aligned
normal,normal,1.0,0,Qwen2.5-7B-Instruct-RLVR_aligned
pulmonary atelectasis,pulmonary atelectasis,0.1748046875,0,Qwen2.5-7B-Instruct-RLVR_aligned
pulmonary atelectasis,pulmonary atelectasis,1.0,1,Qwen2.5-7B-Instruct-RLVR_aligned
pulmonary atelectasis,pulmonary atelectasis,1.0,1,Qwen2.5-7B-Instruct-RLVR_aligned
pulmonary atelectasis,pulmonary atelectasis,0.52734375,1,Qwen2.5-7B-Instruct-RLVR_aligned
pulmonary atelectasis,pulmonary atelectasis,0.99609375,1,Qwen2.5-7B-Instruct-RLVR_aligned
pulmonary atelectasis,pulmonary atelectasis,0.99609375,1,Qwen2.5-7B-Instruct-RLVR_aligned
normal,normal,1.0,0,Qwen2.5-7B-Instruct-RLVR_aligned
atherosclerosis,tortuous vessel in aorta,1.0,0,Qwen2.5-7B-Instruct-RLVR_aligned
atherosclerosis,tortuous vessel in aorta,0.15234375,0,Qwen2.5-7B-Instruct-RLVR_aligned
atherosclerosis,tortuous vessel in aorta,0.25390625,0,Qwen2.5-7B-Instruct-RLVR_aligned
atherosclerosis,tortuous vessel in aorta,0.1962890625,0,Qwen2.5-7B-Instruct-RLVR_aligned
atherosclerosis,tortuous vessel in aorta,0.337890625,0,Qwen2.5-7B-Instruct-RLVR_aligned
atherosclerosis,tortuous vessel in aorta,0.0751953125,0,Qwen2.5-7B-Instruct-RLVR_aligned
atherosclerosis,tortuous vessel in aorta,0.9609375,0,Qwen2.5-7B-Instruct-RLVR_aligned
granuloma,granuloma,0.474609375,0,Qwen2.5-7B-Instruct-RLVR_aligned
granuloma,granuloma,0.54296875,0,Qwen2.5-7B-Instruct-RLVR_aligned
granuloma,granuloma,0.99609375,0,Qwen2.5-7B-Instruct-RLVR_aligned
cardiomegaly eventration of,cardiomegaly,0.75,0,Qwen2.5-7B-Instruct-RLVR_aligned
cardiomegaly eventration of,cardiomegaly,0.35546875,0,Qwen2.5-7B-Instruct-RLVR_aligned
cardiomegaly eventration of,cardiomegaly,0.48828125,0,Qwen2.5-7B-Instruct-RLVR_aligned
cardiomegaly eventration of,cardiomegaly,1.0,1,Qwen2.5-7B-Instruct-RLVR_aligned
cardiomegaly eventration of,cardiomegaly,0.98828125,1,Qwen2.5-7B-Instruct-RLVR_aligned
normal,normal,1.0,0,Qwen2.5-7B-Instruct-RLVR_aligned
normal,normal,1.0,0,Qwen2.5-7B-Instruct-RLVR_aligned
lung hypoinflation in lung,lung hypoinflation in lung,0.2041015625,0,Qwen2.5-7B-Instruct-RLVR_aligned
lung hypoinflation in lung,lung hypoinflation in lung,0.96875,1,Qwen2.5-7B-Instruct-RLVR_aligned
lung hypoinflation in lung,lung hypoinflation in lung,1.0,1,Qwen2.5-7B-Instruct-RLVR_aligned
lung hypoinflation in lung,lung hypoinflation in lung,1.0,1,Qwen2.5-7B-Instruct-RLVR_aligned
lung hypoinflation in lung,lung hypoinflation in lung,0.47265625,1,Qwen2.5-7B-Instruct-RLVR_aligned
lung hypoinflation in lung,lung hypoinflation in lung,0.94140625,1,Qwen2.5-7B-Instruct-RLVR_aligned
normal,normal,1.0,0,Qwen2.5-7B-Instruct-RLVR_aligned
cardiomegaly,cardiomegaly,0.296875,0,Qwen2.5-7B-Instruct-RLVR_aligned
cardiomegaly,cardiomegaly,0.96875,0,Qwen2.5-7B-Instruct-RLVR_aligned
cardiomegaly,cardiomegaly,0.99609375,0,Qwen2.5-7B-Instruct-RLVR_aligned
cardiomegaly,cardiomegaly,0.98828125,0,Qwen2.5-7B-Instruct-RLVR_aligned
cardiomegaly,cardiomegaly,0.1982421875,0,Qwen2.5-7B-Instruct-RLVR_aligned
normal,normal,1.0,0,Qwen2.5-7B-Instruct-RLVR_aligned
normal,normal,1.0,0,Qwen2.5-7B-Instruct-RLVR_aligned
cardiomegaly,cardiomegaly,0.296875,0,Qwen2.5-7B-Instruct-RLVR_aligned
cardiomegaly,cardiomegaly,0.96875,0,Qwen2.5-7B-Instruct-RLVR_aligned
cardiomegaly,cardiomegaly,0.99609375,0,Qwen2.5-7B-Instruct-RLVR_aligned
cardiomegaly,cardiomegaly,0.98828125,0,Qwen2.5-7B-Instruct-RLVR_aligned
cardiomegaly,cardiomegaly,0.1982421875,0,Qwen2.5-7B-Instruct-RLVR_aligned
normal,normal,1.0,0,Qwen2.5-7B-Instruct-RLVR_aligned
pulmonary atelectasis,calcified granuloma,0.11328125,0,Qwen2.5-7B-Instruct-RLVR_aligned
pulmonary atelectasis,calcified granuloma,0.296875,0,Qwen2.5-7B-Instruct-RLVR_aligned
pulmonary atelectasis,calcified granuloma,0.51171875,0,Qwen2.5-7B-Instruct-RLVR_aligned
pulmonary atelectasis,calcified granuloma,0.90625,0,Qwen2.5-7B-Instruct-RLVR_aligned
pulmonary atelectasis,calcified granuloma,1.0,0,Qwen2.5-7B-Instruct-RLVR_aligned
pulmonary atelectasis,pulmonary atelectasis,0.1748046875,0,Qwen2.5-7B-Instruct-RLVR_aligned
pulmonary atelectasis,pulmonary atelectasis,1.0,1,Qwen2.5-7B-Instruct-RLVR_aligned
pulmonary atelectasis,pulmonary atelectasis,1.0,1,Qwen2.5-7B-Instruct-RLVR_aligned
pulmonary atelectasis,pulmonary atelectasis,0.52734375,1,Qwen2.5-7B-Instruct-RLVR_aligned
pulmonary atelectasis,pulmonary atelectasis,0.99609375,1,Qwen2.5-7B-Instruct-RLVR_aligned
pulmonary atelectasis,pulmonary atelectasis,0.99609375,1,Qwen2.5-7B-Instruct-RLVR_aligned
normal,normal,1.0,0,Qwen2.5-7B-Instruct-RLVR_aligned
cicatrix,cicatrix,0.189453125,0,Qwen2.5-7B-Instruct-RLVR_aligned
cicatrix,cicatrix,0.142578125,0,Qwen2.5-7B-Instruct-RLVR_aligned
cicatrix,cicatrix,0.98828125,1,Qwen2.5-7B-Instruct-RLVR_aligned
calcified granuloma,calcified granuloma,0.9609375,0,Qwen2.5-7B-Instruct-RLVR_aligned
calcified granuloma,calcified granuloma,0.703125,0,Qwen2.5-7B-Instruct-RLVR_aligned
calcified granuloma,calcified granuloma,0.9921875,0,Qwen2.5-7B-Instruct-RLVR_aligned
calcified granuloma,calcified granuloma,0.55078125,0,Qwen2.5-7B-Instruct-RLVR_aligned
calcified granuloma,calcified granuloma,0.99609375,0,Qwen2.5-7B-Instruct-RLVR_aligned
normal,normal,1.0,0,Qwen2.5-7B-Instruct-RLVR_aligned
pulmonary atelectasis,cicatrix,0.11328125,0,Qwen2.5-7B-Instruct-RLVR_aligned
pulmonary atelectasis,cicatrix,0.91796875,0,Qwen2.5-7B-Instruct-RLVR_aligned
pulmonary atelectasis,cicatrix,0.61328125,1,Qwen2.5-7B-Instruct-RLVR_aligned
atherosclerosis,atherosclerosis,0.296875,0,Qwen2.5-7B-Instruct-RLVR_aligned
atherosclerosis,atherosclerosis,0.9609375,1,Qwen2.5-7B-Instruct-RLVR_aligned
atherosclerosis,atherosclerosis,0.984375,1,Qwen2.5-7B-Instruct-RLVR_aligned
lung hypoinflation in lung,lung hypoinflation in lung,0.2041015625,0,Qwen2.5-7B-Instruct-RLVR_aligned
lung hypoinflation in lung,lung hypoinflation in lung,0.96875,1,Qwen2.5-7B-Instruct-RLVR_aligned
lung hypoinflation in lung,lung hypoinflation in lung,1.0,1,Qwen2.5-7B-Instruct-RLVR_aligned
lung hypoinflation in lung,lung hypoinflation in lung,1.0,1,Qwen2.5-7B-Instruct-RLVR_aligned
lung hypoinflation in lung,lung hypoinflation in lung,0.47265625,1,Qwen2.5-7B-Instruct-RLVR_aligned
lung hypoinflation in lung,lung hypoinflation in lung,0.94140625,1,Qwen2.5-7B-Instruct-RLVR_aligned
calcinosis,calcinosis,0.23828125,0,Qwen2.5-7B-Instruct-RLVR_aligned
calcinosis,calcinosis,0.08837890625,0,Qwen2.5-7B-Instruct-RLVR_aligned
calcinosis,calcinosis,0.1953125,0,Qwen2.5-7B-Instruct-RLVR_aligned
foreign bodies,foreign bodies,0.451171875,0,Qwen2.5-7B-Instruct-RLVR_aligned
foreign bodies,foreign bodies,0.9453125,1,Qwen2.5-7B-Instruct-RLVR_aligned
normal,normal,1.0,0,Qwen2.5-7B-Instruct-RLVR_aligned
bullous emphysema,bronchiectasis,0.474609375,0,Qwen2.5-7B-Instruct-RLVR_aligned
bullous emphysema,bronchiectasis,0.99609375,0,Qwen2.5-7B-Instruct-RLVR_aligned
bullous emphysema,bronchiectasis,0.94140625,1,Qwen2.5-7B-Instruct-RLVR_aligned
bullous emphysema,bronchiectasis,0.7421875,1,Qwen2.5-7B-Instruct-RLVR_aligned
calcinosis,calcinosis,0.23828125,0,Qwen2.5-7B-Instruct-RLVR_aligned
calcinosis,calcinosis,0.08837890625,0,Qwen2.5-7B-Instruct-RLVR_aligned
calcinosis,calcinosis,0.1953125,0,Qwen2.5-7B-Instruct-RLVR_aligned
normal,normal,1.0,0,Qwen2.5-7B-Instruct-RLVR_aligned
normal,normal,1.0,0,Qwen2.5-7B-Instruct-RLVR_aligned
normal,normal,1.0,0,Qwen2.5-7B-Instruct-RLVR_aligned
calcinosis,calcinosis,0.23828125,0,Qwen2.5-7B-Instruct-RLVR_aligned
calcinosis,calcinosis,0.08837890625,0,Qwen2.5-7B-Instruct-RLVR_aligned
calcinosis,calcinosis,0.1953125,0,Qwen2.5-7B-Instruct-RLVR_aligned
calcinosis,calcinosis,0.23828125,0,Qwen2.5-7B-Instruct-RLVR_aligned
calcinosis,calcinosis,0.08837890625,0,Qwen2.5-7B-Instruct-RLVR_aligned
calcinosis,calcinosis,0.1953125,0,Qwen2.5-7B-Instruct-RLVR_aligned
pulmonary opacity,pulmonary opacity,0.50390625,0,Qwen2.5-7B-Instruct-RLVR_aligned
pulmonary opacity,pulmonary opacity,1.0,1,Qwen2.5-7B-Instruct-RLVR_aligned
pulmonary opacity,pulmonary opacity,0.99609375,1,Qwen2.5-7B-Instruct-RLVR_aligned
pulmonary opacity,pulmonary opacity,0.93359375,1,Qwen2.5-7B-Instruct-RLVR_aligned
normal,normal,1.0,0,Qwen2.5-7B-Instruct-RLVR_aligned
elevated diaphragm in left,elevated diaphragm in diaphragm,0.8671875,0,Qwen2.5-7B-Instruct-RLVR_aligned
elevated diaphragm in left,elevated diaphragm in diaphragm,0.51171875,0,Qwen2.5-7B-Instruct-RLVR_aligned
elevated diaphragm in left,elevated diaphragm in diaphragm,1.0,1,Qwen2.5-7B-Instruct-RLVR_aligned
elevated diaphragm in left,elevated diaphragm in diaphragm,0.73828125,1,Qwen2.5-7B-Instruct-RLVR_aligned
elevated diaphragm in left,elevated diaphragm in diaphragm,1.0,1,Qwen2.5-7B-Instruct-RLVR_aligned
elevated diaphragm in left,elevated diaphragm in diaphragm,1.0,1,Qwen2.5-7B-Instruct-RLVR_aligned
elevated diaphragm in left,elevated diaphragm in diaphragm,0.99609375,1,Qwen2.5-7B-Instruct-RLVR_aligned
elevated diaphragm in left,elevated diaphragm in diaphragm,0.859375,0,Qwen2.5-7B-Instruct-RLVR_aligned
elevated diaphragm in left,elevated diaphragm in diaphragm,1.0,1,Qwen2.5-7B-Instruct-RLVR_aligned
elevated diaphragm in left,elevated diaphragm in diaphragm,0.703125,1,Qwen2.5-7B-Instruct-RLVR_aligned
atherosclerosis,atherosclerosis,0.296875,0,Qwen2.5-7B-Instruct-RLVR_aligned
atherosclerosis,atherosclerosis,0.9609375,1,Qwen2.5-7B-Instruct-RLVR_aligned
atherosclerosis,atherosclerosis,0.984375,1,Qwen2.5-7B-Instruct-RLVR_aligned
normal,normal,1.0,0,Qwen2.5-7B-Instruct-RLVR_aligned
normal,normal,1.0,0,Qwen2.5-7B-Instruct-RLVR_aligned
pulmonary atelectasis,streaky opacity in opacity,0.1748046875,0,Qwen2.5-7B-Instruct-RLVR_aligned
pulmonary atelectasis,streaky opacity in opacity,0.197265625,1,Qwen2.5-7B-Instruct-RLVR_aligned
pulmonary atelectasis,streaky opacity in opacity,1.0,1,Qwen2.5-7B-Instruct-RLVR_aligned
pulmonary atelectasis,streaky opacity in opacity,0.328125,0,Qwen2.5-7B-Instruct-RLVR_aligned
pulmonary atelectasis,streaky opacity in opacity,0.83203125,1,Qwen2.5-7B-Instruct-RLVR_aligned
pulmonary atelectasis,streaky opacity in opacity,0.94921875,0,Qwen2.5-7B-Instruct-RLVR_aligned
elevated diaphragm in diaphragm,elevated diaphragm in diaphragm,0.3515625,0,Qwen2.5-7B-Instruct-RLVR_aligned
elevated diaphragm in diaphragm,elevated diaphragm in diaphragm,0.8359375,0,Qwen2.5-7B-Instruct-RLVR_aligned
elevated diaphragm in diaphragm,elevated diaphragm in diaphragm,0.10205078125,0,Qwen2.5-7B-Instruct-RLVR_aligned
elevated diaphragm in diaphragm,elevated diaphragm in diaphragm,1.0,0,Qwen2.5-7B-Instruct-RLVR_aligned
elevated diaphragm in diaphragm,elevated diaphragm in diaphragm,1.0,0,Qwen2.5-7B-Instruct-RLVR_aligned
elevated diaphragm in diaphragm,elevated diaphragm in diaphragm,0.7265625,0,Qwen2.5-7B-Instruct-RLVR_aligned
elevated diaphragm in diaphragm,elevated diaphragm in diaphragm,0.44140625,0,Qwen2.5-7B-Instruct-RLVR_aligned
elevated diaphragm in diaphragm,elevated diaphragm in diaphragm,1.0,0,Qwen2.5-7B-Instruct-RLVR_aligned
elevated diaphragm in diaphragm,elevated diaphragm in diaphragm,0.9765625,0,Qwen2.5-7B-Instruct-RLVR_aligned
elevated diaphragm in diaphragm,elevated diaphragm in diaphragm,0.3984375,0,Qwen2.5-7B-Instruct-RLVR_aligned
normal,normal,1.0,0,Qwen2.5-7B-Instruct-RLVR_aligned
lung hyperdistention in lungs,lung hyperdistention in lung,0.2021484375,0,Qwen2.5-7B-Instruct-RLVR_aligned
lung hyperdistention in lungs,lung hyperdistention in lung,0.458984375,0,Qwen2.5-7B-Instruct-RLVR_aligned
lung hyperdistention in lungs,lung hyperdistention in lung,0.953125,0,Qwen2.5-7B-Instruct-RLVR_aligned
lung hyperdistention in lungs,lung hyperdistention in lung,0.9609375,0,Qwen2.5-7B-Instruct-RLVR_aligned
lung hyperdistention in lungs,lung hyperdistention in lung,0.9921875,0,Qwen2.5-7B-Instruct-RLVR_aligned
lung hyperdistention in lungs,lung hyperdistention in lung,0.7109375,0,Qwen2.5-7B-Instruct-RLVR_aligned
cardiomegaly,cardiomegaly,0.296875,0,Qwen2.5-7B-Instruct-RLVR_aligned
cardiomegaly,cardiomegaly,0.96875,0,Qwen2.5-7B-Instruct-RLVR_aligned
cardiomegaly,cardiomegaly,0.99609375,0,Qwen2.5-7B-Instruct-RLVR_aligned
cardiomegaly,cardiomegaly,0.98828125,0,Qwen2.5-7B-Instruct-RLVR_aligned
cardiomegaly,cardiomegaly,0.1982421875,0,Qwen2.5-7B-Instruct-RLVR_aligned
calcinosis,calcinosis,0.23828125,0,Qwen2.5-7B-Instruct-RLVR_aligned
calcinosis,calcinosis,0.08837890625,0,Qwen2.5-7B-Instruct-RLVR_aligned
calcinosis,calcinosis,0.1953125,0,Qwen2.5-7B-Instruct-RLVR_aligned
normal,normal,1.0,0,Qwen2.5-7B-Instruct-RLVR_aligned
lung hypoinflation in lung,lung hypoinflation in lung,0.2041015625,0,Qwen2.5-7B-Instruct-RLVR_aligned
lung hypoinflation in lung,lung hypoinflation in lung,0.96875,1,Qwen2.5-7B-Instruct-RLVR_aligned
lung hypoinflation in lung,lung hypoinflation in lung,1.0,1,Qwen2.5-7B-Instruct-RLVR_aligned
lung hypoinflation in lung,lung hypoinflation in lung,1.0,1,Qwen2.5-7B-Instruct-RLVR_aligned
lung hypoinflation in lung,lung hypoinflation in lung,0.47265625,1,Qwen2.5-7B-Instruct-RLVR_aligned
lung hypoinflation in lung,lung hypoinflation in lung,0.94140625,1,Qwen2.5-7B-Instruct-RLVR_aligned
pulmonary atelectasis,patchy opacity in opacity,0.1748046875,0,Qwen2.5-7B-Instruct-RLVR_aligned
pulmonary atelectasis,patchy opacity in opacity,0.875,1,Qwen2.5-7B-Instruct-RLVR_aligned
pulmonary atelectasis,patchy opacity in opacity,0.2734375,0,Qwen2.5-7B-Instruct-RLVR_aligned
pulmonary atelectasis,patchy opacity in opacity,0.70703125,1,Qwen2.5-7B-Instruct-RLVR_aligned
pulmonary atelectasis,patchy opacity in opacity,0.66015625,0,Qwen2.5-7B-Instruct-RLVR_aligned
calcinosis,calcinosis,0.23828125,0,Qwen2.5-7B-Instruct-RLVR_aligned
calcinosis,calcinosis,0.08837890625,0,Qwen2.5-7B-Instruct-RLVR_aligned
calcinosis,calcinosis,0.1953125,0,Qwen2.5-7B-Instruct-RLVR_aligned
normal,normal,1.0,0,Qwen2.5-7B-Instruct-RLVR_aligned
normal,normal,1.0,0,Qwen2.5-7B-Instruct-RLVR_aligned
calcinosis,calcinosis,0.23828125,0,Qwen2.5-7B-Instruct-RLVR_aligned
calcinosis,calcinosis,0.08837890625,0,Qwen2.5-7B-Instruct-RLVR_aligned
calcinosis,calcinosis,0.1953125,0,Qwen2.5-7B-Instruct-RLVR_aligned
normal,normal,1.0,0,Qwen2.5-7B-Instruct-RLVR_aligned
normal,normal,1.0,0,Qwen2.5-7B-Instruct-RLVR_aligned
calcinosis,calcinosis,0.23828125,0,Qwen2.5-7B-Instruct-RLVR_aligned
calcinosis,calcinosis,0.08837890625,0,Qwen2.5-7B-Instruct-RLVR_aligned
calcinosis,calcinosis,0.1953125,0,Qwen2.5-7B-Instruct-RLVR_aligned
normal,normal,1.0,0,Qwen2.5-7B-Instruct-RLVR_aligned
pleural effusion,pleural effusion,0.279296875,0,Qwen2.5-7B-Instruct-RLVR_aligned
pleural effusion,pleural effusion,0.99609375,1,Qwen2.5-7B-Instruct-RLVR_aligned
pleural effusion,pleural effusion,0.71875,1,Qwen2.5-7B-Instruct-RLVR_aligned
pleural effusion,pleural effusion,0.9921875,1,Qwen2.5-7B-Instruct-RLVR_aligned
calcinosis,cardiomegaly,0.130859375,0,Qwen2.5-7B-Instruct-RLVR_aligned
calcinosis,cardiomegaly,0.2392578125,0,Qwen2.5-7B-Instruct-RLVR_aligned
calcinosis,cardiomegaly,0.9921875,0,Qwen2.5-7B-Instruct-RLVR_aligned
calcinosis,cardiomegaly,0.7890625,0,Qwen2.5-7B-Instruct-RLVR_aligned
calcinosis,cardiomegaly,0.1552734375,0,Qwen2.5-7B-Instruct-RLVR_aligned
pulmonary opacity,"pulmonary disease, chronic obstructive",0.50390625,0,Qwen2.5-7B-Instruct-RLVR_aligned
pulmonary opacity,"pulmonary disease, chronic obstructive",1.0,1,Qwen2.5-7B-Instruct-RLVR_aligned
pulmonary opacity,"pulmonary disease, chronic obstructive",1.0,1,Qwen2.5-7B-Instruct-RLVR_aligned
pulmonary opacity,"pulmonary disease, chronic obstructive",0.93359375,0,Qwen2.5-7B-Instruct-RLVR_aligned
pulmonary opacity,"pulmonary disease, chronic obstructive",0.326171875,0,Qwen2.5-7B-Instruct-RLVR_aligned
pulmonary opacity,"pulmonary disease, chronic obstructive",0.8359375,0,Qwen2.5-7B-Instruct-RLVR_aligned
pulmonary opacity,"pulmonary disease, chronic obstructive",0.482421875,1,Qwen2.5-7B-Instruct-RLVR_aligned
pulmonary opacity,"pulmonary disease, chronic obstructive",1.0,1,Qwen2.5-7B-Instruct-RLVR_aligned
bilateral abnormality in nodule,bilateral abnormality in nodule,0.41796875,0,Qwen2.5-7B-Instruct-RLVR_aligned
bilateral abnormality in nodule,bilateral abnormality in nodule,0.92578125,1,Qwen2.5-7B-Instruct-RLVR_aligned
bilateral abnormality in nodule,bilateral abnormality in nodule,0.96484375,1,Qwen2.5-7B-Instruct-RLVR_aligned
bilateral abnormality in nodule,bilateral abnormality in nodule,1.0,1,Qwen2.5-7B-Instruct-RLVR_aligned
bilateral abnormality in nodule,bilateral abnormality in nodule,0.99609375,1,Qwen2.5-7B-Instruct-RLVR_aligned
bilateral abnormality in nodule,bilateral abnormality in nodule,0.8359375,1,Qwen2.5-7B-Instruct-RLVR_aligned
bilateral abnormality in nodule,bilateral abnormality in nodule,1.0,1,Qwen2.5-7B-Instruct-RLVR_aligned
cardiomegaly,cardiomegaly,0.296875,0,Qwen2.5-7B-Instruct-RLVR_aligned
cardiomegaly,cardiomegaly,0.96875,0,Qwen2.5-7B-Instruct-RLVR_aligned
cardiomegaly,cardiomegaly,0.99609375,0,Qwen2.5-7B-Instruct-RLVR_aligned
cardiomegaly,cardiomegaly,0.98828125,0,Qwen2.5-7B-Instruct-RLVR_aligned
cardiomegaly,cardiomegaly,0.1982421875,0,Qwen2.5-7B-Instruct-RLVR_aligned
pulmonary atelectasis,pulmonary atelectasis,0.1748046875,0,Qwen2.5-7B-Instruct-RLVR_aligned
pulmonary atelectasis,pulmonary atelectasis,1.0,1,Qwen2.5-7B-Instruct-RLVR_aligned
pulmonary atelectasis,pulmonary atelectasis,1.0,1,Qwen2.5-7B-Instruct-RLVR_aligned
pulmonary atelectasis,pulmonary atelectasis,0.52734375,1,Qwen2.5-7B-Instruct-RLVR_aligned
pulmonary atelectasis,pulmonary atelectasis,0.99609375,1,Qwen2.5-7B-Instruct-RLVR_aligned
pulmonary atelectasis,pulmonary atelectasis,0.99609375,1,Qwen2.5-7B-Instruct-RLVR_aligned
fractures bone,degenerative change in thoracic vertebrae,0.9921875,0,Qwen2.5-7B-Instruct-RLVR_aligned
fractures bone,degenerative change in thoracic vertebrae,0.1484375,0,Qwen2.5-7B-Instruct-RLVR_aligned
fractures bone,degenerative change in thoracic vertebrae,0.443359375,0,Qwen2.5-7B-Instruct-RLVR_aligned
fractures bone,degenerative change in thoracic vertebrae,0.7890625,0,Qwen2.5-7B-Instruct-RLVR_aligned
fractures bone,degenerative change in thoracic vertebrae,0.9453125,1,Qwen2.5-7B-Instruct-RLVR_aligned
fractures bone,degenerative change in thoracic vertebrae,0.97265625,0,Qwen2.5-7B-Instruct-RLVR_aligned
fractures bone,degenerative change in thoracic vertebrae,0.9921875,1,Qwen2.5-7B-Instruct-RLVR_aligned
fractures bone,degenerative change in thoracic vertebrae,0.890625,0,Qwen2.5-7B-Instruct-RLVR_aligned
fractures bone,degenerative change in thoracic vertebrae,0.8984375,1,Qwen2.5-7B-Instruct-RLVR_aligned
fractures bone,degenerative change in thoracic vertebrae,0.9765625,1,Qwen2.5-7B-Instruct-RLVR_aligned
normal,normal,1.0,0,Qwen2.5-7B-Instruct-RLVR_aligned
scoliosis,deformity,0.10888671875,0,Qwen2.5-7B-Instruct-RLVR_aligned
scoliosis,deformity,0.98828125,1,Qwen2.5-7B-Instruct-RLVR_aligned
scoliosis,deformity,0.95703125,1,Qwen2.5-7B-Instruct-RLVR_aligned
calcinosis,pulmonary nodule,0.494140625,0,Qwen2.5-7B-Instruct-RLVR_aligned
calcinosis,pulmonary nodule,0.69140625,1,Qwen2.5-7B-Instruct-RLVR_aligned
calcinosis,pulmonary nodule,0.8828125,0,Qwen2.5-7B-Instruct-RLVR_aligned
calcinosis,pulmonary nodule,0.3515625,0,Qwen2.5-7B-Instruct-RLVR_aligned
calcinosis,pulmonary nodule,0.51171875,1,Qwen2.5-7B-Instruct-RLVR_aligned
normal,normal,1.0,0,Qwen2.5-7B-Instruct-RLVR_aligned
normal,normal,1.0,0,Qwen2.5-7B-Instruct-RLVR_aligned
normal,normal,1.0,0,Qwen2.5-7B-Instruct-RLVR_aligned
bilateral calcinosis,bilateral abnormality in calcified granuloma,0.5546875,0,Qwen2.5-7B-Instruct-RLVR_aligned
bilateral calcinosis,bilateral abnormality in calcified granuloma,0.99609375,1,Qwen2.5-7B-Instruct-RLVR_aligned
bilateral calcinosis,bilateral abnormality in calcified granuloma,0.9765625,0,Qwen2.5-7B-Instruct-RLVR_aligned
bilateral calcinosis,bilateral abnormality in calcified granuloma,0.99609375,1,Qwen2.5-7B-Instruct-RLVR_aligned
bilateral calcinosis,bilateral abnormality in calcified granuloma,0.8125,1,Qwen2.5-7B-Instruct-RLVR_aligned
bilateral calcinosis,bilateral abnormality in calcified granuloma,0.99609375,0,Qwen2.5-7B-Instruct-RLVR_aligned
bilateral calcinosis,bilateral abnormality in calcified granuloma,0.97265625,1,Qwen2.5-7B-Instruct-RLVR_aligned
bilateral calcinosis,bilateral abnormality in calcified granuloma,0.54296875,1,Qwen2.5-7B-Instruct-RLVR_aligned
bilateral calcinosis,bilateral abnormality in calcified granuloma,1.0,1,Qwen2.5-7B-Instruct-RLVR_aligned
bilateral calcinosis,bilateral abnormality in calcified granuloma,0.95703125,0,Qwen2.5-7B-Instruct-RLVR_aligned
cardiomegaly,cardiomegaly,0.296875,0,Qwen2.5-7B-Instruct-RLVR_aligned
cardiomegaly,cardiomegaly,0.96875,0,Qwen2.5-7B-Instruct-RLVR_aligned
cardiomegaly,cardiomegaly,0.99609375,0,Qwen2.5-7B-Instruct-RLVR_aligned
cardiomegaly,cardiomegaly,0.98828125,0,Qwen2.5-7B-Instruct-RLVR_aligned
cardiomegaly,cardiomegaly,0.1982421875,0,Qwen2.5-7B-Instruct-RLVR_aligned
spondylosis,spondylosis,0.93359375,0,Qwen2.5-7B-Instruct-RLVR_aligned
spondylosis,spondylosis,0.98828125,0,Qwen2.5-7B-Instruct-RLVR_aligned
spondylosis,spondylosis,0.96875,0,Qwen2.5-7B-Instruct-RLVR_aligned
spondylosis,spondylosis,0.9921875,0,Qwen2.5-7B-Instruct-RLVR_aligned
spondylosis,spondylosis,0.166015625,0,Qwen2.5-7B-Instruct-RLVR_aligned
atherosclerosis,atherosclerosis,0.296875,0,Qwen2.5-7B-Instruct-RLVR_aligned
atherosclerosis,atherosclerosis,0.9609375,1,Qwen2.5-7B-Instruct-RLVR_aligned
atherosclerosis,atherosclerosis,0.984375,1,Qwen2.5-7B-Instruct-RLVR_aligned
pulmonary atelectasis,pulmonary atelectasis,0.1748046875,0,Qwen2.5-7B-Instruct-RLVR_aligned
pulmonary atelectasis,pulmonary atelectasis,1.0,1,Qwen2.5-7B-Instruct-RLVR_aligned
pulmonary atelectasis,pulmonary atelectasis,1.0,1,Qwen2.5-7B-Instruct-RLVR_aligned
pulmonary atelectasis,pulmonary atelectasis,0.52734375,1,Qwen2.5-7B-Instruct-RLVR_aligned
pulmonary atelectasis,pulmonary atelectasis,0.99609375,1,Qwen2.5-7B-Instruct-RLVR_aligned
pulmonary atelectasis,pulmonary atelectasis,0.99609375,1,Qwen2.5-7B-Instruct-RLVR_aligned
bilateral abnormality in costophren,pleural effusion,1.0,0,Qwen2.5-7B-Instruct-RLVR_aligned
bilateral abnormality in costophren,pleural effusion,1.0,1,Qwen2.5-7B-Instruct-RLVR_aligned
bilateral abnormality in costophren,pleural effusion,0.54296875,0,Qwen2.5-7B-Instruct-RLVR_aligned
bilateral abnormality in costophren,pleural effusion,0.96484375,1,Qwen2.5-7B-Instruct-RLVR_aligned
normal,normal,1.0,0,Qwen2.5-7B-Instruct-RLVR_aligned
lung hyperdistention in lung,emphysema,0.2080078125,0,Qwen2.5-7B-Instruct-RLVR_aligned
lung hyperdistention in lung,emphysema,0.98828125,1,Qwen2.5-7B-Instruct-RLVR_aligned
lung hyperdistention in lung,emphysema,0.5625,1,Qwen2.5-7B-Instruct-RLVR_aligned
lung hyperdistention in lung,emphysema,0.90625,1,Qwen2.5-7B-Instruct-RLVR_aligned
normal,normal,1.0,0,Qwen2.5-7B-Instruct-RLVR_aligned
pulmonary opacity,patchy opacity in opacity,0.50390625,0,Qwen2.5-7B-Instruct-RLVR_aligned
pulmonary opacity,patchy opacity in opacity,0.78515625,1,Qwen2.5-7B-Instruct-RLVR_aligned
pulmonary opacity,patchy opacity in opacity,0.18359375,0,Qwen2.5-7B-Instruct-RLVR_aligned
pulmonary opacity,patchy opacity in opacity,0.703125,1,Qwen2.5-7B-Instruct-RLVR_aligned
pulmonary opacity,patchy opacity in opacity,0.71875,0,Qwen2.5-7B-Instruct-RLVR_aligned
scoliosis,scoliosis,0.6875,0,Qwen2.5-7B-Instruct-RLVR_aligned
scoliosis,scoliosis,0.154296875,0,Qwen2.5-7B-Instruct-RLVR_aligned
scoliosis,scoliosis,0.6875,1,Qwen2.5-7B-Instruct-RLVR_aligned
pneumothorax,pleural effusion,0.201171875,0,Qwen2.5-7B-Instruct-RLVR_aligned
pneumothorax,pleural effusion,0.99609375,1,Qwen2.5-7B-Instruct-RLVR_aligned
pneumothorax,pleural effusion,0.84765625,1,Qwen2.5-7B-Instruct-RLVR_aligned
pneumothorax,pleural effusion,0.9296875,1,Qwen2.5-7B-Instruct-RLVR_aligned
normal,normal,1.0,0,Qwen2.5-7B-Instruct-RLVR_aligned
sarcoidosis,"tortuous vessel in aorta, thoracic",0.0859375,0,Qwen2.5-7B-Instruct-RLVR_aligned
sarcoidosis,"tortuous vessel in aorta, thoracic",0.314453125,0,Qwen2.5-7B-Instruct-RLVR_aligned
sarcoidosis,"tortuous vessel in aorta, thoracic",0.142578125,0,Qwen2.5-7B-Instruct-RLVR_aligned
sarcoidosis,"tortuous vessel in aorta, thoracic",0.27734375,0,Qwen2.5-7B-Instruct-RLVR_aligned
sarcoidosis,"tortuous vessel in aorta, thoracic",0.1416015625,0,Qwen2.5-7B-Instruct-RLVR_aligned
sarcoidosis,"tortuous vessel in aorta, thoracic",0.94921875,0,Qwen2.5-7B-Instruct-RLVR_aligned
sarcoidosis,"tortuous vessel in aorta, thoracic",0.1787109375,0,Qwen2.5-7B-Instruct-RLVR_aligned
sarcoidosis,"tortuous vessel in aorta, thoracic",0.263671875,0,Qwen2.5-7B-Instruct-RLVR_aligned
sarcoidosis,"tortuous vessel in aorta, thoracic",0.1904296875,0,Qwen2.5-7B-Instruct-RLVR_aligned
sarcoidosis,"tortuous vessel in aorta, thoracic",0.9296875,1,Qwen2.5-7B-Instruct-RLVR_aligned
hernia hiatal,"hernia, hiatal",0.25,0,Qwen2.5-7B-Instruct-RLVR_aligned
hernia hiatal,"hernia, hiatal",0.99609375,1,Qwen2.5-7B-Instruct-RLVR_aligned
hernia hiatal,"hernia, hiatal",0.99609375,1,Qwen2.5-7B-Instruct-RLVR_aligned
hernia hiatal,"hernia, hiatal",0.26171875,1,Qwen2.5-7B-Instruct-RLVR_aligned
hernia hiatal,"hernia, hiatal",0.2451171875,0,Qwen2.5-7B-Instruct-RLVR_aligned
hernia hiatal,"hernia, hiatal",1.0,1,Qwen2.5-7B-Instruct-RLVR_aligned
normal,normal,1.0,0,Qwen2.5-7B-Instruct-RLVR_aligned
pneumothorax,pneumothorax,0.201171875,0,Qwen2.5-7B-Instruct-RLVR_aligned
pneumothorax,pneumothorax,0.98828125,1,Qwen2.5-7B-Instruct-RLVR_aligned
pneumothorax,pneumothorax,1.0,1,Qwen2.5-7B-Instruct-RLVR_aligned
pneumothorax,pneumothorax,0.9921875,1,Qwen2.5-7B-Instruct-RLVR_aligned
pneumothorax,pneumothorax,1.0,1,Qwen2.5-7B-Instruct-RLVR_aligned
pneumothorax,pneumothorax,1.0,1,Qwen2.5-7B-Instruct-RLVR_aligned
normal,normal,1.0,0,Qwen2.5-7B-Instruct-RLVR_aligned
patchy opacity in airspace,pneumonia,0.146484375,0,Qwen2.5-7B-Instruct-RLVR_aligned
patchy opacity in airspace,pneumonia,0.9375,0,Qwen2.5-7B-Instruct-RLVR_aligned
patchy opacity in airspace,pneumonia,1.0,1,Qwen2.5-7B-Instruct-RLVR_aligned
patchy opacity in airspace,pneumonia,0.76171875,1,Qwen2.5-7B-Instruct-RLVR_aligned
degenerative change in thoracic,normal,0.96484375,0,Qwen2.5-7B-Instruct-RLVR_aligned
normal,normal,1.0,0,Qwen2.5-7B-Instruct-RLVR_aligned
pulmonary edema,pulmonary edema,0.99609375,0,Qwen2.5-7B-Instruct-RLVR_aligned
pulmonary edema,pulmonary edema,1.0,0,Qwen2.5-7B-Instruct-RLVR_aligned
pulmonary edema,pulmonary edema,0.94921875,0,Qwen2.5-7B-Instruct-RLVR_aligned
pulmonary edema,pulmonary edema,1.0,0,Qwen2.5-7B-Instruct-RLVR_aligned
pulmonary edema,pulmonary edema,0.97265625,0,Qwen2.5-7B-Instruct-RLVR_aligned
normal,normal,1.0,0,Qwen2.5-7B-Instruct-RLVR_aligned
cardiomegaly,cardiomegaly,0.296875,0,Qwen2.5-7B-Instruct-RLVR_aligned
cardiomegaly,cardiomegaly,0.96875,0,Qwen2.5-7B-Instruct-RLVR_aligned
cardiomegaly,cardiomegaly,0.99609375,0,Qwen2.5-7B-Instruct-RLVR_aligned
cardiomegaly,cardiomegaly,0.98828125,0,Qwen2.5-7B-Instruct-RLVR_aligned
cardiomegaly,cardiomegaly,0.1982421875,0,Qwen2.5-7B-Instruct-RLVR_aligned
lung hypoinflation in lung,lung hypoinflation in lung,0.2041015625,0,Qwen2.5-7B-Instruct-RLVR_aligned
lung hypoinflation in lung,lung hypoinflation in lung,0.96875,1,Qwen2.5-7B-Instruct-RLVR_aligned
lung hypoinflation in lung,lung hypoinflation in lung,1.0,1,Qwen2.5-7B-Instruct-RLVR_aligned
lung hypoinflation in lung,lung hypoinflation in lung,1.0,1,Qwen2.5-7B-Instruct-RLVR_aligned
lung hypoinflation in lung,lung hypoinflation in lung,0.47265625,1,Qwen2.5-7B-Instruct-RLVR_aligned
lung hypoinflation in lung,lung hypoinflation in lung,0.94140625,1,Qwen2.5-7B-Instruct-RLVR_aligned
pulmonary atelectasis,cardiomegaly,0.11328125,0,Qwen2.5-7B-Instruct-RLVR_aligned
pulmonary atelectasis,cardiomegaly,0.91796875,0,Qwen2.5-7B-Instruct-RLVR_aligned
pulmonary atelectasis,cardiomegaly,0.9296875,0,Qwen2.5-7B-Instruct-RLVR_aligned
pulmonary atelectasis,cardiomegaly,1.0,1,Qwen2.5-7B-Instruct-RLVR_aligned
pulmonary atelectasis,cardiomegaly,0.99609375,1,Qwen2.5-7B-Instruct-RLVR_aligned
normal,normal,1.0,0,Qwen2.5-7B-Instruct-RLVR_aligned
cardiomegaly,cardiomegaly,0.296875,0,Qwen2.5-7B-Instruct-RLVR_aligned
cardiomegaly,cardiomegaly,0.96875,0,Qwen2.5-7B-Instruct-RLVR_aligned
cardiomegaly,cardiomegaly,0.99609375,0,Qwen2.5-7B-Instruct-RLVR_aligned
cardiomegaly,cardiomegaly,0.98828125,0,Qwen2.5-7B-Instruct-RLVR_aligned
cardiomegaly,cardiomegaly,0.1982421875,0,Qwen2.5-7B-Instruct-RLVR_aligned
normal,normal,1.0,0,Qwen2.5-7B-Instruct-RLVR_aligned
pulmonary emphysema,pulmonary emphysema,0.6640625,0,Qwen2.5-7B-Instruct-RLVR_aligned
pulmonary emphysema,pulmonary emphysema,1.0,0,Qwen2.5-7B-Instruct-RLVR_aligned
pulmonary emphysema,pulmonary emphysema,0.97265625,0,Qwen2.5-7B-Instruct-RLVR_aligned
pulmonary emphysema,pulmonary emphysema,1.0,0,Qwen2.5-7B-Instruct-RLVR_aligned
pulmonary emphysema,pulmonary emphysema,0.98046875,0,Qwen2.5-7B-Instruct-RLVR_aligned
pulmonary emphysema,pulmonary emphysema,1.0,0,Qwen2.5-7B-Instruct-RLVR_aligned
pulmonary emphysema,pulmonary emphysema,0.6015625,0,Qwen2.5-7B-Instruct-RLVR_aligned
degenerative change in spine,degenerative change in spine,0.80078125,0,Qwen2.5-7B-Instruct-RLVR_aligned
degenerative change in spine,degenerative change in spine,0.328125,0,Qwen2.5-7B-Instruct-RLVR_aligned
degenerative change in spine,degenerative change in spine,0.9765625,0,Qwen2.5-7B-Instruct-RLVR_aligned
degenerative change in spine,degenerative change in spine,0.5546875,1,Qwen2.5-7B-Instruct-RLVR_aligned
degenerative change in spine,degenerative change in spine,0.99609375,1,Qwen2.5-7B-Instruct-RLVR_aligned
degenerative change in spine,degenerative change in spine,0.7734375,1,Qwen2.5-7B-Instruct-RLVR_aligned
normal,normal,1.0,0,Qwen2.5-7B-Instruct-RLVR_aligned
degenerative change in spine,degenerative change in spine,0.80078125,0,Qwen2.5-7B-Instruct-RLVR_aligned
degenerative change in spine,degenerative change in spine,0.328125,0,Qwen2.5-7B-Instruct-RLVR_aligned
degenerative change in spine,degenerative change in spine,0.9765625,0,Qwen2.5-7B-Instruct-RLVR_aligned
degenerative change in spine,degenerative change in spine,0.5546875,1,Qwen2.5-7B-Instruct-RLVR_aligned
degenerative change in spine,degenerative change in spine,0.99609375,1,Qwen2.5-7B-Instruct-RLVR_aligned
degenerative change in spine,degenerative change in spine,0.7734375,1,Qwen2.5-7B-Instruct-RLVR_aligned
hernia hiatal,"hernia, hiatal",0.25,0,Qwen2.5-7B-Instruct-RLVR_aligned
hernia hiatal,"hernia, hiatal",0.99609375,1,Qwen2.5-7B-Instruct-RLVR_aligned
hernia hiatal,"hernia, hiatal",0.99609375,1,Qwen2.5-7B-Instruct-RLVR_aligned
hernia hiatal,"hernia, hiatal",0.26171875,1,Qwen2.5-7B-Instruct-RLVR_aligned
hernia hiatal,"hernia, hiatal",0.2451171875,0,Qwen2.5-7B-Instruct-RLVR_aligned
hernia hiatal,"hernia, hiatal",1.0,1,Qwen2.5-7B-Instruct-RLVR_aligned
normal,normal,1.0,0,Qwen2.5-7B-Instruct-RLVR_aligned
prominent interstitial markings in,interstitial pattern in markings,0.95703125,0,Qwen2.5-7B-Instruct-RLVR_aligned
prominent interstitial markings in,interstitial pattern in markings,0.875,1,Qwen2.5-7B-Instruct-RLVR_aligned
prominent interstitial markings in,interstitial pattern in markings,0.1318359375,0,Qwen2.5-7B-Instruct-RLVR_aligned
prominent interstitial markings in,interstitial pattern in markings,0.232421875,0,Qwen2.5-7B-Instruct-RLVR_aligned
prominent interstitial markings in,interstitial pattern in markings,0.87890625,0,Qwen2.5-7B-Instruct-RLVR_aligned
normal,normal,1.0,0,Qwen2.5-7B-Instruct-RLVR_aligned
normal,normal,1.0,0,Qwen2.5-7B-Instruct-RLVR_aligned
cardiomegaly,cardiomegaly,0.296875,0,Qwen2.5-7B-Instruct-RLVR_aligned
cardiomegaly,cardiomegaly,0.96875,0,Qwen2.5-7B-Instruct-RLVR_aligned
cardiomegaly,cardiomegaly,0.99609375,0,Qwen2.5-7B-Instruct-RLVR_aligned
cardiomegaly,cardiomegaly,0.98828125,0,Qwen2.5-7B-Instruct-RLVR_aligned
cardiomegaly,cardiomegaly,0.1982421875,0,Qwen2.5-7B-Instruct-RLVR_aligned
normal,cardiomegaly,1.0,0,Qwen2.5-7B-Instruct-RLVR_aligned
normal,cardiomegaly,0.3828125,0,Qwen2.5-7B-Instruct-RLVR_aligned
normal,cardiomegaly,0.58984375,0,Qwen2.5-7B-Instruct-RLVR_aligned
normal,cardiomegaly,0.9765625,1,Qwen2.5-7B-Instruct-RLVR_aligned
normal,cardiomegaly,0.48046875,0,Qwen2.5-7B-Instruct-RLVR_aligned
tortuous vessel in aorta,tortuous vessel in aorta,0.7109375,0,Qwen2.5-7B-Instruct-RLVR_aligned
tortuous vessel in aorta,tortuous vessel in aorta,0.06494140625,0,Qwen2.5-7B-Instruct-RLVR_aligned
tortuous vessel in aorta,tortuous vessel in aorta,1.0,1,Qwen2.5-7B-Instruct-RLVR_aligned
tortuous vessel in aorta,tortuous vessel in aorta,0.859375,1,Qwen2.5-7B-Instruct-RLVR_aligned
tortuous vessel in aorta,tortuous vessel in aorta,1.0,1,Qwen2.5-7B-Instruct-RLVR_aligned
tortuous vessel in aorta,tortuous vessel in aorta,0.91015625,1,Qwen2.5-7B-Instruct-RLVR_aligned
tortuous vessel in aorta,tortuous vessel in aorta,0.98828125,1,Qwen2.5-7B-Instruct-RLVR_aligned
osteophyte,osteophyte,0.8046875,0,Qwen2.5-7B-Instruct-RLVR_aligned
osteophyte,osteophyte,0.765625,1,Qwen2.5-7B-Instruct-RLVR_aligned
osteophyte,osteophyte,0.9609375,1,Qwen2.5-7B-Instruct-RLVR_aligned
normal,normal,1.0,0,Qwen2.5-7B-Instruct-RLVR_aligned
degenerative change in thoracic,degenerative change in thoracic vertebrae,0.95703125,0,Qwen2.5-7B-Instruct-RLVR_aligned
degenerative change in thoracic,degenerative change in thoracic vertebrae,0.7578125,1,Qwen2.5-7B-Instruct-RLVR_aligned
degenerative change in thoracic,degenerative change in thoracic vertebrae,1.0,1,Qwen2.5-7B-Instruct-RLVR_aligned
degenerative change in thoracic,degenerative change in thoracic vertebrae,0.93359375,1,Qwen2.5-7B-Instruct-RLVR_aligned
degenerative change in thoracic,degenerative change in thoracic vertebrae,0.99609375,1,Qwen2.5-7B-Instruct-RLVR_aligned
degenerative change in thoracic,degenerative change in thoracic vertebrae,0.96484375,1,Qwen2.5-7B-Instruct-RLVR_aligned
degenerative change in thoracic,degenerative change in thoracic vertebrae,1.0,1,Qwen2.5-7B-Instruct-RLVR_aligned
degenerative change in thoracic,degenerative change in thoracic vertebrae,0.78515625,0,Qwen2.5-7B-Instruct-RLVR_aligned
degenerative change in thoracic,degenerative change in thoracic vertebrae,0.96484375,1,Qwen2.5-7B-Instruct-RLVR_aligned
degenerative change in thoracic,degenerative change in thoracic vertebrae,0.98046875,1,Qwen2.5-7B-Instruct-RLVR_aligned
lung hypoinflation,lung hypoinflation in lung,0.26171875,0,Qwen2.5-7B-Instruct-RLVR_aligned
lung hypoinflation,lung hypoinflation in lung,0.94921875,1,Qwen2.5-7B-Instruct-RLVR_aligned
lung hypoinflation,lung hypoinflation in lung,1.0,1,Qwen2.5-7B-Instruct-RLVR_aligned
lung hypoinflation,lung hypoinflation in lung,1.0,1,Qwen2.5-7B-Instruct-RLVR_aligned
lung hypoinflation,lung hypoinflation in lung,0.2060546875,0,Qwen2.5-7B-Instruct-RLVR_aligned
lung hypoinflation,lung hypoinflation in lung,0.353515625,1,Qwen2.5-7B-Instruct-RLVR_aligned
normal,normal,1.0,0,Qwen2.5-7B-Instruct-RLVR_aligned
calcinosis,calcinosis,0.23828125,0,Qwen2.5-7B-Instruct-RLVR_aligned
calcinosis,calcinosis,0.08837890625,0,Qwen2.5-7B-Instruct-RLVR_aligned
calcinosis,calcinosis,0.1953125,0,Qwen2.5-7B-Instruct-RLVR_aligned
degenerative change in spine,pulmonary nodule,0.380859375,0,Qwen2.5-7B-Instruct-RLVR_aligned
degenerative change in spine,pulmonary nodule,0.41796875,1,Qwen2.5-7B-Instruct-RLVR_aligned
degenerative change in spine,pulmonary nodule,0.8203125,1,Qwen2.5-7B-Instruct-RLVR_aligned
degenerative change in spine,pulmonary nodule,0.439453125,0,Qwen2.5-7B-Instruct-RLVR_aligned
degenerative change in spine,pulmonary nodule,0.95703125,1,Qwen2.5-7B-Instruct-RLVR_aligned
normal,normal,1.0,0,Qwen2.5-7B-Instruct-RLVR_aligned
normal,normal,1.0,0,Qwen2.5-7B-Instruct-RLVR_aligned
pleural effusion,pleural effusion,0.279296875,0,Qwen2.5-7B-Instruct-RLVR_aligned
pleural effusion,pleural effusion,0.99609375,1,Qwen2.5-7B-Instruct-RLVR_aligned
pleural effusion,pleural effusion,0.71875,1,Qwen2.5-7B-Instruct-RLVR_aligned
pleural effusion,pleural effusion,0.9921875,1,Qwen2.5-7B-Instruct-RLVR_aligned
lung hyperdistention in lung,lung hyperdistention in lung,0.2080078125,0,Qwen2.5-7B-Instruct-RLVR_aligned
lung hyperdistention in lung,lung hyperdistention in lung,0.337890625,1,Qwen2.5-7B-Instruct-RLVR_aligned
lung hyperdistention in lung,lung hyperdistention in lung,0.76953125,1,Qwen2.5-7B-Instruct-RLVR_aligned
lung hyperdistention in lung,lung hyperdistention in lung,0.953125,1,Qwen2.5-7B-Instruct-RLVR_aligned
lung hyperdistention in lung,lung hyperdistention in lung,0.81640625,1,Qwen2.5-7B-Instruct-RLVR_aligned
lung hyperdistention in lung,lung hyperdistention in lung,0.91015625,1,Qwen2.5-7B-Instruct-RLVR_aligned
foreign bodies,foreign bodies,0.451171875,0,Qwen2.5-7B-Instruct-RLVR_aligned
foreign bodies,foreign bodies,0.9453125,1,Qwen2.5-7B-Instruct-RLVR_aligned
normal,normal,1.0,0,Qwen2.5-7B-Instruct-RLVR_aligned
tortuous vessel in aorta,pulmonary nodule,0.70703125,0,Qwen2.5-7B-Instruct-RLVR_aligned
tortuous vessel in aorta,pulmonary nodule,0.455078125,0,Qwen2.5-7B-Instruct-RLVR_aligned
tortuous vessel in aorta,pulmonary nodule,1.0,1,Qwen2.5-7B-Instruct-RLVR_aligned
tortuous vessel in aorta,pulmonary nodule,0.51953125,0,Qwen2.5-7B-Instruct-RLVR_aligned
tortuous vessel in aorta,pulmonary nodule,0.85546875,1,Qwen2.5-7B-Instruct-RLVR_aligned
pneumothorax,pneumothorax,0.201171875,0,Qwen2.5-7B-Instruct-RLVR_aligned
pneumothorax,pneumothorax,0.98828125,1,Qwen2.5-7B-Instruct-RLVR_aligned
pneumothorax,pneumothorax,1.0,1,Qwen2.5-7B-Instruct-RLVR_aligned
pneumothorax,pneumothorax,0.9921875,1,Qwen2.5-7B-Instruct-RLVR_aligned
pneumothorax,pneumothorax,1.0,1,Qwen2.5-7B-Instruct-RLVR_aligned
pneumothorax,pneumothorax,1.0,1,Qwen2.5-7B-Instruct-RLVR_aligned
lung lucency in right,lucency in clavicle right,0.3203125,0,Qwen2.5-7B-Instruct-RLVR_aligned
lung lucency in right,lucency in clavicle right,0.54296875,0,Qwen2.5-7B-Instruct-RLVR_aligned
lung lucency in right,lucency in clavicle right,0.94140625,1,Qwen2.5-7B-Instruct-RLVR_aligned
lung lucency in right,lucency in clavicle right,0.326171875,1,Qwen2.5-7B-Instruct-RLVR_aligned
lung lucency in right,lucency in clavicle right,0.71484375,0,Qwen2.5-7B-Instruct-RLVR_aligned
lung lucency in right,lucency in clavicle right,0.248046875,0,Qwen2.5-7B-Instruct-RLVR_aligned
lung lucency in right,lucency in clavicle right,0.90625,1,Qwen2.5-7B-Instruct-RLVR_aligned
lung lucency in right,lucency in clavicle right,0.8046875,0,Qwen2.5-7B-Instruct-RLVR_aligned
calcinosis,"lung diseases, interstitial",0.494140625,0,Qwen2.5-7B-Instruct-RLVR_aligned
calcinosis,"lung diseases, interstitial",0.1865234375,0,Qwen2.5-7B-Instruct-RLVR_aligned
calcinosis,"lung diseases, interstitial",0.154296875,0,Qwen2.5-7B-Instruct-RLVR_aligned
calcinosis,"lung diseases, interstitial",0.19140625,0,Qwen2.5-7B-Instruct-RLVR_aligned
calcinosis,"lung diseases, interstitial",1.0,1,Qwen2.5-7B-Instruct-RLVR_aligned
bilateral abnormality in nodules,bilateral abnormality in nodule,0.44140625,0,Qwen2.5-7B-Instruct-RLVR_aligned
bilateral abnormality in nodules,bilateral abnormality in nodule,0.984375,1,Qwen2.5-7B-Instruct-RLVR_aligned
bilateral abnormality in nodules,bilateral abnormality in nodule,0.447265625,1,Qwen2.5-7B-Instruct-RLVR_aligned
bilateral abnormality in nodules,bilateral abnormality in nodule,1.0,1,Qwen2.5-7B-Instruct-RLVR_aligned
bilateral abnormality in nodules,bilateral abnormality in nodule,1.0,1,Qwen2.5-7B-Instruct-RLVR_aligned
bilateral abnormality in nodules,bilateral abnormality in nodule,0.83984375,0,Qwen2.5-7B-Instruct-RLVR_aligned
bilateral abnormality in nodules,bilateral abnormality in nodule,0.9921875,1,Qwen2.5-7B-Instruct-RLVR_aligned
atherosclerosis,atherosclerosis,0.296875,0,Qwen2.5-7B-Instruct-RLVR_aligned
atherosclerosis,atherosclerosis,0.9609375,1,Qwen2.5-7B-Instruct-RLVR_aligned
atherosclerosis,atherosclerosis,0.984375,1,Qwen2.5-7B-Instruct-RLVR_aligned
normal,normal,1.0,0,Qwen2.5-7B-Instruct-RLVR_aligned
cardiomegaly,cardiomegaly,0.296875,0,Qwen2.5-7B-Instruct-RLVR_aligned
cardiomegaly,cardiomegaly,0.96875,0,Qwen2.5-7B-Instruct-RLVR_aligned
cardiomegaly,cardiomegaly,0.99609375,0,Qwen2.5-7B-Instruct-RLVR_aligned
cardiomegaly,cardiomegaly,0.98828125,0,Qwen2.5-7B-Instruct-RLVR_aligned
cardiomegaly,cardiomegaly,0.1982421875,0,Qwen2.5-7B-Instruct-RLVR_aligned
normal,normal,1.0,0,Qwen2.5-7B-Instruct-RLVR_aligned
normal,normal,1.0,0,Qwen2.5-7B-Instruct-RLVR_aligned
bilateral abnormality in fat,bilateral abnormality in epicardial fat,0.17578125,0,Qwen2.5-7B-Instruct-RLVR_aligned
bilateral abnormality in fat,bilateral abnormality in epicardial fat,0.0537109375,0,Qwen2.5-7B-Instruct-RLVR_aligned
bilateral abnormality in fat,bilateral abnormality in epicardial fat,0.97265625,1,Qwen2.5-7B-Instruct-RLVR_aligned
bilateral abnormality in fat,bilateral abnormality in epicardial fat,1.0,1,Qwen2.5-7B-Instruct-RLVR_aligned
bilateral abnormality in fat,bilateral abnormality in epicardial fat,1.0,1,Qwen2.5-7B-Instruct-RLVR_aligned
bilateral abnormality in fat,bilateral abnormality in epicardial fat,0.40234375,0,Qwen2.5-7B-Instruct-RLVR_aligned
bilateral abnormality in fat,bilateral abnormality in epicardial fat,1.0,1,Qwen2.5-7B-Instruct-RLVR_aligned
bilateral abnormality in fat,bilateral abnormality in epicardial fat,0.99609375,1,Qwen2.5-7B-Instruct-RLVR_aligned
bilateral abnormality in fat,bilateral abnormality in epicardial fat,1.0,1,Qwen2.5-7B-Instruct-RLVR_aligned
normal,normal,1.0,0,Qwen2.5-7B-Instruct-RLVR_aligned
atherosclerosis,atherosclerosis,0.296875,0,Qwen2.5-7B-Instruct-RLVR_aligned
atherosclerosis,atherosclerosis,0.9609375,1,Qwen2.5-7B-Instruct-RLVR_aligned
atherosclerosis,atherosclerosis,0.984375,1,Qwen2.5-7B-Instruct-RLVR_aligned
calcinosis,calcinosis,0.23828125,0,Qwen2.5-7B-Instruct-RLVR_aligned
calcinosis,calcinosis,0.08837890625,0,Qwen2.5-7B-Instruct-RLVR_aligned
calcinosis,calcinosis,0.1953125,0,Qwen2.5-7B-Instruct-RLVR_aligned
normal,normal,1.0,0,Qwen2.5-7B-Instruct-RLVR_aligned
normal,normal,1.0,0,Qwen2.5-7B-Instruct-RLVR_aligned
degenerative change in bilateral,degenerative change in shoulder,0.16796875,0,Qwen2.5-7B-Instruct-RLVR_aligned
degenerative change in bilateral,degenerative change in shoulder,0.94921875,1,Qwen2.5-7B-Instruct-RLVR_aligned
degenerative change in bilateral,degenerative change in shoulder,1.0,1,Qwen2.5-7B-Instruct-RLVR_aligned
degenerative change in bilateral,degenerative change in shoulder,0.9375,1,Qwen2.5-7B-Instruct-RLVR_aligned
degenerative change in bilateral,degenerative change in shoulder,1.0,1,Qwen2.5-7B-Instruct-RLVR_aligned
degenerative change in bilateral,degenerative change in shoulder,0.58203125,0,Qwen2.5-7B-Instruct-RLVR_aligned
pulmonary atelectasis,pulmonary atelectasis,0.1748046875,0,Qwen2.5-7B-Instruct-RLVR_aligned
pulmonary atelectasis,pulmonary atelectasis,1.0,1,Qwen2.5-7B-Instruct-RLVR_aligned
pulmonary atelectasis,pulmonary atelectasis,1.0,1,Qwen2.5-7B-Instruct-RLVR_aligned
pulmonary atelectasis,pulmonary atelectasis,0.52734375,1,Qwen2.5-7B-Instruct-RLVR_aligned
pulmonary atelectasis,pulmonary atelectasis,0.99609375,1,Qwen2.5-7B-Instruct-RLVR_aligned
pulmonary atelectasis,pulmonary atelectasis,0.99609375,1,Qwen2.5-7B-Instruct-RLVR_aligned
pneumonia,"hernia, hiatal",0.1748046875,0,Qwen2.5-7B-Instruct-RLVR_aligned
pneumonia,"hernia, hiatal",0.1845703125,0,Qwen2.5-7B-Instruct-RLVR_aligned
pneumonia,"hernia, hiatal",0.9609375,1,Qwen2.5-7B-Instruct-RLVR_aligned
pneumonia,"hernia, hiatal",0.314453125,1,Qwen2.5-7B-Instruct-RLVR_aligned
pneumonia,"hernia, hiatal",0.376953125,0,Qwen2.5-7B-Instruct-RLVR_aligned
pneumonia,"hernia, hiatal",0.58203125,1,Qwen2.5-7B-Instruct-RLVR_aligned
normal,normal,1.0,0,Qwen2.5-7B-Instruct-RLVR_aligned
implanted medical device spinal,medical device in spine,0.6015625,0,Qwen2.5-7B-Instruct-RLVR_aligned
implanted medical device spinal,medical device in spine,0.373046875,1,Qwen2.5-7B-Instruct-RLVR_aligned
implanted medical device spinal,medical device in spine,0.1796875,0,Qwen2.5-7B-Instruct-RLVR_aligned
implanted medical device spinal,medical device in spine,0.79296875,0,Qwen2.5-7B-Instruct-RLVR_aligned
normal,normal,1.0,0,Qwen2.5-7B-Instruct-RLVR_aligned
normal,normal,1.0,0,Qwen2.5-7B-Instruct-RLVR_aligned
cardiomegaly,cardiomegaly,0.296875,0,Qwen2.5-7B-Instruct-RLVR_aligned
cardiomegaly,cardiomegaly,0.96875,0,Qwen2.5-7B-Instruct-RLVR_aligned
cardiomegaly,cardiomegaly,0.99609375,0,Qwen2.5-7B-Instruct-RLVR_aligned
cardiomegaly,cardiomegaly,0.98828125,0,Qwen2.5-7B-Instruct-RLVR_aligned
cardiomegaly,cardiomegaly,0.1982421875,0,Qwen2.5-7B-Instruct-RLVR_aligned
normal,normal,1.0,0,Qwen2.5-7B-Instruct-RLVR_aligned
pneumothorax,granuloma,0.201171875,0,Qwen2.5-7B-Instruct-RLVR_aligned
pneumothorax,granuloma,0.99609375,1,Qwen2.5-7B-Instruct-RLVR_aligned
pneumothorax,granuloma,0.984375,0,Qwen2.5-7B-Instruct-RLVR_aligned
normal,normal,1.0,0,Qwen2.5-7B-Instruct-RLVR_aligned
bilateral abnormality in lung,bilateral abnormality in lung,0.3984375,0,Qwen2.5-7B-Instruct-RLVR_aligned
bilateral abnormality in lung,bilateral abnormality in lung,0.052734375,0,Qwen2.5-7B-Instruct-RLVR_aligned
bilateral abnormality in lung,bilateral abnormality in lung,0.66015625,1,Qwen2.5-7B-Instruct-RLVR_aligned
bilateral abnormality in lung,bilateral abnormality in lung,1.0,1,Qwen2.5-7B-Instruct-RLVR_aligned
bilateral abnormality in lung,bilateral abnormality in lung,1.0,1,Qwen2.5-7B-Instruct-RLVR_aligned
bilateral abnormality in lung,bilateral abnormality in lung,0.96875,1,Qwen2.5-7B-Instruct-RLVR_aligned
normal,normal,1.0,0,Qwen2.5-7B-Instruct-RLVR_aligned
normal,normal,1.0,0,Qwen2.5-7B-Instruct-RLVR_aligned
calcified granuloma,calcified granuloma,0.9609375,0,Qwen2.5-7B-Instruct-RLVR_aligned
calcified granuloma,calcified granuloma,0.703125,0,Qwen2.5-7B-Instruct-RLVR_aligned
calcified granuloma,calcified granuloma,0.9921875,0,Qwen2.5-7B-Instruct-RLVR_aligned
calcified granuloma,calcified granuloma,0.55078125,0,Qwen2.5-7B-Instruct-RLVR_aligned
calcified granuloma,calcified granuloma,0.99609375,0,Qwen2.5-7B-Instruct-RLVR_aligned
normal,normal,1.0,0,Qwen2.5-7B-Instruct-RLVR_aligned
normal,normal,1.0,0,Qwen2.5-7B-Instruct-RLVR_aligned
pulmonary atelectasis,pulmonary atelectasis,0.1748046875,0,Qwen2.5-7B-Instruct-RLVR_aligned
pulmonary atelectasis,pulmonary atelectasis,1.0,1,Qwen2.5-7B-Instruct-RLVR_aligned
pulmonary atelectasis,pulmonary atelectasis,1.0,1,Qwen2.5-7B-Instruct-RLVR_aligned
pulmonary atelectasis,pulmonary atelectasis,0.52734375,1,Qwen2.5-7B-Instruct-RLVR_aligned
pulmonary atelectasis,pulmonary atelectasis,0.99609375,1,Qwen2.5-7B-Instruct-RLVR_aligned
pulmonary atelectasis,pulmonary atelectasis,0.99609375,1,Qwen2.5-7B-Instruct-RLVR_aligned
calcinosis,calcinosis,0.23828125,0,Qwen2.5-7B-Instruct-RLVR_aligned
calcinosis,calcinosis,0.08837890625,0,Qwen2.5-7B-Instruct-RLVR_aligned
calcinosis,calcinosis,0.1953125,0,Qwen2.5-7B-Instruct-RLVR_aligned
degenerative change in spine,degenerative change in spine,0.80078125,0,Qwen2.5-7B-Instruct-RLVR_aligned
degenerative change in spine,degenerative change in spine,0.328125,0,Qwen2.5-7B-Instruct-RLVR_aligned
degenerative change in spine,degenerative change in spine,0.9765625,0,Qwen2.5-7B-Instruct-RLVR_aligned
degenerative change in spine,degenerative change in spine,0.5546875,1,Qwen2.5-7B-Instruct-RLVR_aligned
degenerative change in spine,degenerative change in spine,0.99609375,1,Qwen2.5-7B-Instruct-RLVR_aligned
degenerative change in spine,degenerative change in spine,0.7734375,1,Qwen2.5-7B-Instruct-RLVR_aligned
calcinosis,calcinosis,0.23828125,0,Qwen2.5-7B-Instruct-RLVR_aligned
calcinosis,calcinosis,0.08837890625,0,Qwen2.5-7B-Instruct-RLVR_aligned
calcinosis,calcinosis,0.1953125,0,Qwen2.5-7B-Instruct-RLVR_aligned
bilateral abnormality in opacity,bilateral abnormality in opacity,0.51953125,0,Qwen2.5-7B-Instruct-RLVR_aligned
bilateral abnormality in opacity,bilateral abnormality in opacity,0.91796875,1,Qwen2.5-7B-Instruct-RLVR_aligned
bilateral abnormality in opacity,bilateral abnormality in opacity,0.66015625,0,Qwen2.5-7B-Instruct-RLVR_aligned
bilateral abnormality in opacity,bilateral abnormality in opacity,1.0,1,Qwen2.5-7B-Instruct-RLVR_aligned
bilateral abnormality in opacity,bilateral abnormality in opacity,0.99609375,1,Qwen2.5-7B-Instruct-RLVR_aligned
bilateral abnormality in opacity,bilateral abnormality in opacity,0.76953125,1,Qwen2.5-7B-Instruct-RLVR_aligned
lung hypoinflation in lung,lung hypoinflation in lung,0.2041015625,0,Qwen2.5-7B-Instruct-RLVR_aligned
lung hypoinflation in lung,lung hypoinflation in lung,0.96875,1,Qwen2.5-7B-Instruct-RLVR_aligned
lung hypoinflation in lung,lung hypoinflation in lung,1.0,1,Qwen2.5-7B-Instruct-RLVR_aligned
lung hypoinflation in lung,lung hypoinflation in lung,1.0,1,Qwen2.5-7B-Instruct-RLVR_aligned
lung hypoinflation in lung,lung hypoinflation in lung,0.47265625,1,Qwen2.5-7B-Instruct-RLVR_aligned
lung hypoinflation in lung,lung hypoinflation in lung,0.94140625,1,Qwen2.5-7B-Instruct-RLVR_aligned
normal,normal,1.0,0,Qwen2.5-7B-Instruct-RLVR_aligned
normal,normal,1.0,0,Qwen2.5-7B-Instruct-RLVR_aligned
normal,normal,1.0,0,Qwen2.5-7B-Instruct-RLVR_aligned
degenerative change in spine,degenerative change in spine,0.80078125,0,Qwen2.5-7B-Instruct-RLVR_aligned
degenerative change in spine,degenerative change in spine,0.328125,0,Qwen2.5-7B-Instruct-RLVR_aligned
degenerative change in spine,degenerative change in spine,0.9765625,0,Qwen2.5-7B-Instruct-RLVR_aligned
degenerative change in spine,degenerative change in spine,0.5546875,1,Qwen2.5-7B-Instruct-RLVR_aligned
degenerative change in spine,degenerative change in spine,0.99609375,1,Qwen2.5-7B-Instruct-RLVR_aligned
degenerative change in spine,degenerative change in spine,0.7734375,1,Qwen2.5-7B-Instruct-RLVR_aligned
pneumothorax,calcified granuloma,0.201171875,0,Qwen2.5-7B-Instruct-RLVR_aligned
pneumothorax,calcified granuloma,0.7734375,1,Qwen2.5-7B-Instruct-RLVR_aligned
pneumothorax,calcified granuloma,0.94140625,1,Qwen2.5-7B-Instruct-RLVR_aligned
pneumothorax,calcified granuloma,1.0,1,Qwen2.5-7B-Instruct-RLVR_aligned
pneumothorax,calcified granuloma,0.75390625,1,Qwen2.5-7B-Instruct-RLVR_aligned
foreign bodies,foreign bodies,0.451171875,0,Qwen2.5-7B-Instruct-RLVR_aligned
foreign bodies,foreign bodies,0.9453125,1,Qwen2.5-7B-Instruct-RLVR_aligned
lung retraction in lung,"pulmonary disease, chronic obstructive",0.1806640625,0,Qwen2.5-7B-Instruct-RLVR_aligned
lung retraction in lung,"pulmonary disease, chronic obstructive",0.546875,1,Qwen2.5-7B-Instruct-RLVR_aligned
lung retraction in lung,"pulmonary disease, chronic obstructive",0.99609375,1,Qwen2.5-7B-Instruct-RLVR_aligned
lung retraction in lung,"pulmonary disease, chronic obstructive",0.67578125,0,Qwen2.5-7B-Instruct-RLVR_aligned
lung retraction in lung,"pulmonary disease, chronic obstructive",0.46875,0,Qwen2.5-7B-Instruct-RLVR_aligned
lung retraction in lung,"pulmonary disease, chronic obstructive",0.10791015625,0,Qwen2.5-7B-Instruct-RLVR_aligned
lung retraction in lung,"pulmonary disease, chronic obstructive",0.400390625,1,Qwen2.5-7B-Instruct-RLVR_aligned
lung retraction in lung,"pulmonary disease, chronic obstructive",1.0,1,Qwen2.5-7B-Instruct-RLVR_aligned
normal,normal,1.0,0,Qwen2.5-7B-Instruct-RLVR_aligned
surgical clips,surgical instruments,0.61328125,0,Qwen2.5-7B-Instruct-RLVR_aligned
surgical clips,surgical instruments,0.9375,1,Qwen2.5-7B-Instruct-RLVR_aligned
surgical clips,surgical instruments,0.703125,0,Qwen2.5-7B-Instruct-RLVR_aligned
normal,normal,1.0,0,Qwen2.5-7B-Instruct-RLVR_aligned
osteophyte,spondylosis,0.953125,0,Qwen2.5-7B-Instruct-RLVR_aligned
osteophyte,spondylosis,0.36328125,0,Qwen2.5-7B-Instruct-RLVR_aligned
osteophyte,spondylosis,0.87890625,1,Qwen2.5-7B-Instruct-RLVR_aligned
osteophyte,spondylosis,0.91015625,1,Qwen2.5-7B-Instruct-RLVR_aligned
osteophyte,spondylosis,1.0,1,Qwen2.5-7B-Instruct-RLVR_aligned
lung hyperdistention in lung,lung hyperdistention in lung,0.2080078125,0,Qwen2.5-7B-Instruct-RLVR_aligned
lung hyperdistention in lung,lung hyperdistention in lung,0.337890625,1,Qwen2.5-7B-Instruct-RLVR_aligned
lung hyperdistention in lung,lung hyperdistention in lung,0.76953125,1,Qwen2.5-7B-Instruct-RLVR_aligned
lung hyperdistention in lung,lung hyperdistention in lung,0.953125,1,Qwen2.5-7B-Instruct-RLVR_aligned
lung hyperdistention in lung,lung hyperdistention in lung,0.81640625,1,Qwen2.5-7B-Instruct-RLVR_aligned
lung hyperdistention in lung,lung hyperdistention in lung,0.91015625,1,Qwen2.5-7B-Instruct-RLVR_aligned
normal,normal,1.0,0,Qwen2.5-7B-Instruct-RLVR_aligned
normal,normal,1.0,0,Qwen2.5-7B-Instruct-RLVR_aligned
normal,normal,1.0,0,Qwen2.5-7B-Instruct-RLVR_aligned
normal,normal,1.0,0,Qwen2.5-7B-Instruct-RLVR_aligned
pleural effusion,pleural effusion,0.279296875,0,Qwen2.5-7B-Instruct-RLVR_aligned
pleural effusion,pleural effusion,0.99609375,1,Qwen2.5-7B-Instruct-RLVR_aligned
pleural effusion,pleural effusion,0.71875,1,Qwen2.5-7B-Instruct-RLVR_aligned
pleural effusion,pleural effusion,0.9921875,1,Qwen2.5-7B-Instruct-RLVR_aligned
degenerative change in discs,scoliosis,0.345703125,0,Qwen2.5-7B-Instruct-RLVR_aligned
degenerative change in discs,scoliosis,0.197265625,0,Qwen2.5-7B-Instruct-RLVR_aligned
degenerative change in discs,scoliosis,0.83984375,1,Qwen2.5-7B-Instruct-RLVR_aligned
normal,normal,1.0,0,Qwen2.5-7B-Instruct-RLVR_aligned
calcified granuloma,calcified granuloma,0.9609375,0,Qwen2.5-7B-Instruct-RLVR_aligned
calcified granuloma,calcified granuloma,0.703125,0,Qwen2.5-7B-Instruct-RLVR_aligned
calcified granuloma,calcified granuloma,0.9921875,0,Qwen2.5-7B-Instruct-RLVR_aligned
calcified granuloma,calcified granuloma,0.55078125,0,Qwen2.5-7B-Instruct-RLVR_aligned
calcified granuloma,calcified granuloma,0.99609375,0,Qwen2.5-7B-Instruct-RLVR_aligned
spondylosis,spondylosis,0.93359375,0,Qwen2.5-7B-Instruct-RLVR_aligned
spondylosis,spondylosis,0.98828125,0,Qwen2.5-7B-Instruct-RLVR_aligned
spondylosis,spondylosis,0.96875,0,Qwen2.5-7B-Instruct-RLVR_aligned
spondylosis,spondylosis,0.9921875,0,Qwen2.5-7B-Instruct-RLVR_aligned
spondylosis,spondylosis,0.166015625,0,Qwen2.5-7B-Instruct-RLVR_aligned
pulmonary atelectasis,pulmonary atelectasis,0.1748046875,0,Qwen2.5-7B-Instruct-RLVR_aligned
pulmonary atelectasis,pulmonary atelectasis,1.0,1,Qwen2.5-7B-Instruct-RLVR_aligned
pulmonary atelectasis,pulmonary atelectasis,1.0,1,Qwen2.5-7B-Instruct-RLVR_aligned
pulmonary atelectasis,pulmonary atelectasis,0.52734375,1,Qwen2.5-7B-Instruct-RLVR_aligned
pulmonary atelectasis,pulmonary atelectasis,0.99609375,1,Qwen2.5-7B-Instruct-RLVR_aligned
pulmonary atelectasis,pulmonary atelectasis,0.99609375,1,Qwen2.5-7B-Instruct-RLVR_aligned
normal,normal,1.0,0,Qwen2.5-7B-Instruct-RLVR_aligned
normal,normal,1.0,0,Qwen2.5-7B-Instruct-RLVR_aligned
normal,normal,1.0,0,Qwen2.5-7B-Instruct-RLVR_aligned
pulmonary atelectasis,pulmonary atelectasis,0.1748046875,0,Qwen2.5-7B-Instruct-RLVR_aligned
pulmonary atelectasis,pulmonary atelectasis,1.0,1,Qwen2.5-7B-Instruct-RLVR_aligned
pulmonary atelectasis,pulmonary atelectasis,1.0,1,Qwen2.5-7B-Instruct-RLVR_aligned
pulmonary atelectasis,pulmonary atelectasis,0.52734375,1,Qwen2.5-7B-Instruct-RLVR_aligned
pulmonary atelectasis,pulmonary atelectasis,0.99609375,1,Qwen2.5-7B-Instruct-RLVR_aligned
pulmonary atelectasis,pulmonary atelectasis,0.99609375,1,Qwen2.5-7B-Instruct-RLVR_aligned
pulmonary atelectasis,pulmonary atelectasis,0.1748046875,0,Qwen2.5-7B-Instruct-RLVR_aligned
pulmonary atelectasis,pulmonary atelectasis,1.0,1,Qwen2.5-7B-Instruct-RLVR_aligned
pulmonary atelectasis,pulmonary atelectasis,1.0,1,Qwen2.5-7B-Instruct-RLVR_aligned
pulmonary atelectasis,pulmonary atelectasis,0.52734375,1,Qwen2.5-7B-Instruct-RLVR_aligned
pulmonary atelectasis,pulmonary atelectasis,0.99609375,1,Qwen2.5-7B-Instruct-RLVR_aligned
pulmonary atelectasis,pulmonary atelectasis,0.99609375,1,Qwen2.5-7B-Instruct-RLVR_aligned
lung hypoinflation in lung,lung hyperdistention in lung,0.2041015625,0,Qwen2.5-7B-Instruct-RLVR_aligned
lung hypoinflation in lung,lung hyperdistention in lung,0.96875,0,Qwen2.5-7B-Instruct-RLVR_aligned
lung hypoinflation in lung,lung hyperdistention in lung,0.8515625,0,Qwen2.5-7B-Instruct-RLVR_aligned
lung hypoinflation in lung,lung hyperdistention in lung,0.8359375,1,Qwen2.5-7B-Instruct-RLVR_aligned
lung hypoinflation in lung,lung hyperdistention in lung,0.8203125,1,Qwen2.5-7B-Instruct-RLVR_aligned
lung hypoinflation in lung,lung hyperdistention in lung,0.96875,1,Qwen2.5-7B-Instruct-RLVR_aligned
pneumonia,pneumonia,0.240234375,0,Qwen2.5-7B-Instruct-RLVR_aligned
pneumonia,pneumonia,0.671875,1,Qwen2.5-7B-Instruct-RLVR_aligned
pneumonia,pneumonia,1.0,1,Qwen2.5-7B-Instruct-RLVR_aligned
pneumonia,pneumonia,0.93359375,1,Qwen2.5-7B-Instruct-RLVR_aligned
pulmonary atelectasis,pulmonary atelectasis,0.1748046875,0,Qwen2.5-7B-Instruct-RLVR_aligned
pulmonary atelectasis,pulmonary atelectasis,1.0,1,Qwen2.5-7B-Instruct-RLVR_aligned
pulmonary atelectasis,pulmonary atelectasis,1.0,1,Qwen2.5-7B-Instruct-RLVR_aligned
pulmonary atelectasis,pulmonary atelectasis,0.52734375,1,Qwen2.5-7B-Instruct-RLVR_aligned
pulmonary atelectasis,pulmonary atelectasis,0.99609375,1,Qwen2.5-7B-Instruct-RLVR_aligned
pulmonary atelectasis,pulmonary atelectasis,0.99609375,1,Qwen2.5-7B-Instruct-RLVR_aligned
scoliosis,scoliosis,0.6875,0,Qwen2.5-7B-Instruct-RLVR_aligned
scoliosis,scoliosis,0.154296875,0,Qwen2.5-7B-Instruct-RLVR_aligned
scoliosis,scoliosis,0.6875,1,Qwen2.5-7B-Instruct-RLVR_aligned
degenerative change in acromiocl,degenerative change in shoulder,0.99609375,0,Qwen2.5-7B-Instruct-RLVR_aligned
degenerative change in acromiocl,degenerative change in shoulder,0.22265625,0,Qwen2.5-7B-Instruct-RLVR_aligned
degenerative change in acromiocl,degenerative change in shoulder,0.98828125,1,Qwen2.5-7B-Instruct-RLVR_aligned
degenerative change in acromiocl,degenerative change in shoulder,0.90625,1,Qwen2.5-7B-Instruct-RLVR_aligned
degenerative change in acromiocl,degenerative change in shoulder,0.9921875,1,Qwen2.5-7B-Instruct-RLVR_aligned
degenerative change in acromiocl,degenerative change in shoulder,0.84375,0,Qwen2.5-7B-Instruct-RLVR_aligned
blunted costophrenic angle in,blunted costophrenic angle in costophrenic angle,0.9453125,0,Qwen2.5-7B-Instruct-RLVR_aligned
blunted costophrenic angle in,blunted costophrenic angle in costophrenic angle,0.96875,1,Qwen2.5-7B-Instruct-RLVR_aligned
blunted costophrenic angle in,blunted costophrenic angle in costophrenic angle,0.9921875,1,Qwen2.5-7B-Instruct-RLVR_aligned
blunted costophrenic angle in,blunted costophrenic angle in costophrenic angle,1.0,1,Qwen2.5-7B-Instruct-RLVR_aligned
blunted costophrenic angle in,blunted costophrenic angle in costophrenic angle,1.0,1,Qwen2.5-7B-Instruct-RLVR_aligned
blunted costophrenic angle in,blunted costophrenic angle in costophrenic angle,1.0,1,Qwen2.5-7B-Instruct-RLVR_aligned
blunted costophrenic angle in,blunted costophrenic angle in costophrenic angle,0.9765625,1,Qwen2.5-7B-Instruct-RLVR_aligned
blunted costophrenic angle in,blunted costophrenic angle in costophrenic angle,0.859375,1,Qwen2.5-7B-Instruct-RLVR_aligned
blunted costophrenic angle in,blunted costophrenic angle in costophrenic angle,0.376953125,0,Qwen2.5-7B-Instruct-RLVR_aligned
blunted costophrenic angle in,blunted costophrenic angle in costophrenic angle,1.0,1,Qwen2.5-7B-Instruct-RLVR_aligned
blunted costophrenic angle in,blunted costophrenic angle in costophrenic angle,1.0,1,Qwen2.5-7B-Instruct-RLVR_aligned
blunted costophrenic angle in,blunted costophrenic angle in costophrenic angle,1.0,1,Qwen2.5-7B-Instruct-RLVR_aligned
blunted costophrenic angle in,blunted costophrenic angle in costophrenic angle,0.8984375,0,Qwen2.5-7B-Instruct-RLVR_aligned
bilateral abnormality bilateral inter,blister,1.0,0,Qwen2.5-7B-Instruct-RLVR_aligned
bilateral abnormality bilateral inter,blister,0.2373046875,0,Qwen2.5-7B-Instruct-RLVR_aligned
normal,normal,1.0,0,Qwen2.5-7B-Instruct-RLVR_aligned
scoliosis,granuloma,0.10888671875,0,Qwen2.5-7B-Instruct-RLVR_aligned
scoliosis,granuloma,0.96484375,1,Qwen2.5-7B-Instruct-RLVR_aligned
scoliosis,granuloma,0.99609375,0,Qwen2.5-7B-Instruct-RLVR_aligned
normal,normal,1.0,0,Qwen2.5-7B-Instruct-RLVR_aligned
normal,normal,1.0,0,Qwen2.5-7B-Instruct-RLVR_aligned
normal,normal,1.0,0,Qwen2.5-7B-Instruct-RLVR_aligned
surgical instruments thoracolumbar surgery,surgical instruments,0.232421875,0,Qwen2.5-7B-Instruct-RLVR_aligned
surgical instruments thoracolumbar surgery,surgical instruments,0.9921875,1,Qwen2.5-7B-Instruct-RLVR_aligned
surgical instruments thoracolumbar surgery,surgical instruments,0.94921875,1,Qwen2.5-7B-Instruct-RLVR_aligned
chronic obstructive pulmonary disease,pulmonary atelectasis,0.75390625,0,Qwen2.5-7B-Instruct-RLVR_aligned
chronic obstructive pulmonary disease,pulmonary atelectasis,0.9765625,1,Qwen2.5-7B-Instruct-RLVR_aligned
chronic obstructive pulmonary disease,pulmonary atelectasis,1.0,1,Qwen2.5-7B-Instruct-RLVR_aligned
chronic obstructive pulmonary disease,pulmonary atelectasis,0.7578125,0,Qwen2.5-7B-Instruct-RLVR_aligned
chronic obstructive pulmonary disease,pulmonary atelectasis,0.8359375,1,Qwen2.5-7B-Instruct-RLVR_aligned
chronic obstructive pulmonary disease,pulmonary atelectasis,0.2734375,1,Qwen2.5-7B-Instruct-RLVR_aligned
pulmonary atelectasis,pulmonary atelectasis,0.1748046875,0,Qwen2.5-7B-Instruct-RLVR_aligned
pulmonary atelectasis,pulmonary atelectasis,1.0,1,Qwen2.5-7B-Instruct-RLVR_aligned
pulmonary atelectasis,pulmonary atelectasis,1.0,1,Qwen2.5-7B-Instruct-RLVR_aligned
pulmonary atelectasis,pulmonary atelectasis,0.52734375,1,Qwen2.5-7B-Instruct-RLVR_aligned
pulmonary atelectasis,pulmonary atelectasis,0.99609375,1,Qwen2.5-7B-Instruct-RLVR_aligned
pulmonary atelectasis,pulmonary atelectasis,0.99609375,1,Qwen2.5-7B-Instruct-RLVR_aligned
pulmonary edema,cardiomegaly,0.1005859375,0,Qwen2.5-7B-Instruct-RLVR_aligned
pulmonary edema,cardiomegaly,0.11376953125,0,Qwen2.5-7B-Instruct-RLVR_aligned
pulmonary edema,cardiomegaly,0.478515625,0,Qwen2.5-7B-Instruct-RLVR_aligned
pulmonary edema,cardiomegaly,0.97265625,1,Qwen2.5-7B-Instruct-RLVR_aligned
pulmonary edema,cardiomegaly,0.94921875,1,Qwen2.5-7B-Instruct-RLVR_aligned
normal,normal,1.0,0,Qwen2.5-7B-Instruct-RLVR_aligned
normal,normal,1.0,0,Qwen2.5-7B-Instruct-RLVR_aligned
pulmonary edema,pectus carinatum,0.302734375,0,Qwen2.5-7B-Instruct-RLVR_aligned
pulmonary edema,pectus carinatum,0.8515625,1,Qwen2.5-7B-Instruct-RLVR_aligned
pulmonary edema,pectus carinatum,0.439453125,0,Qwen2.5-7B-Instruct-RLVR_aligned
pulmonary edema,pectus carinatum,0.76953125,1,Qwen2.5-7B-Instruct-RLVR_aligned
pulmonary edema,pectus carinatum,0.39453125,0,Qwen2.5-7B-Instruct-RLVR_aligned
pulmonary atelectasis,cardiomegaly,0.11328125,0,Qwen2.5-7B-Instruct-RLVR_aligned
pulmonary atelectasis,cardiomegaly,0.91796875,0,Qwen2.5-7B-Instruct-RLVR_aligned
pulmonary atelectasis,cardiomegaly,0.9296875,0,Qwen2.5-7B-Instruct-RLVR_aligned
pulmonary atelectasis,cardiomegaly,1.0,1,Qwen2.5-7B-Instruct-RLVR_aligned
pulmonary atelectasis,cardiomegaly,0.99609375,1,Qwen2.5-7B-Instruct-RLVR_aligned
cicatrix,cicatrix,0.189453125,0,Qwen2.5-7B-Instruct-RLVR_aligned
cicatrix,cicatrix,0.142578125,0,Qwen2.5-7B-Instruct-RLVR_aligned
cicatrix,cicatrix,0.98828125,1,Qwen2.5-7B-Instruct-RLVR_aligned
cicatrix,cicatrix,0.189453125,0,Qwen2.5-7B-Instruct-RLVR_aligned
cicatrix,cicatrix,0.142578125,0,Qwen2.5-7B-Instruct-RLVR_aligned
cicatrix,cicatrix,0.98828125,1,Qwen2.5-7B-Instruct-RLVR_aligned
cicatrix,cicatrix,0.189453125,0,Qwen2.5-7B-Instruct-RLVR_aligned
cicatrix,cicatrix,0.142578125,0,Qwen2.5-7B-Instruct-RLVR_aligned
cicatrix,cicatrix,0.98828125,1,Qwen2.5-7B-Instruct-RLVR_aligned
normal,normal,1.0,0,Qwen2.5-7B-Instruct-RLVR_aligned
cardiomegaly,cardiomegaly,0.296875,0,Qwen2.5-7B-Instruct-RLVR_aligned
cardiomegaly,cardiomegaly,0.96875,0,Qwen2.5-7B-Instruct-RLVR_aligned
cardiomegaly,cardiomegaly,0.99609375,0,Qwen2.5-7B-Instruct-RLVR_aligned
cardiomegaly,cardiomegaly,0.98828125,0,Qwen2.5-7B-Instruct-RLVR_aligned
cardiomegaly,cardiomegaly,0.1982421875,0,Qwen2.5-7B-Instruct-RLVR_aligned
normal,normal,1.0,0,Qwen2.5-7B-Instruct-RLVR_aligned
atherosclerosis,atherosclerosis,0.296875,0,Qwen2.5-7B-Instruct-RLVR_aligned
atherosclerosis,atherosclerosis,0.9609375,1,Qwen2.5-7B-Instruct-RLVR_aligned
atherosclerosis,atherosclerosis,0.984375,1,Qwen2.5-7B-Instruct-RLVR_aligned
calcinosis,calcinosis,0.23828125,0,Qwen2.5-7B-Instruct-RLVR_aligned
calcinosis,calcinosis,0.08837890625,0,Qwen2.5-7B-Instruct-RLVR_aligned
calcinosis,calcinosis,0.1953125,0,Qwen2.5-7B-Instruct-RLVR_aligned
normal,normal,1.0,0,Qwen2.5-7B-Instruct-RLVR_aligned
pneumothorax,calcified granuloma,0.201171875,0,Qwen2.5-7B-Instruct-RLVR_aligned
pneumothorax,calcified granuloma,0.7734375,1,Qwen2.5-7B-Instruct-RLVR_aligned
pneumothorax,calcified granuloma,0.94140625,1,Qwen2.5-7B-Instruct-RLVR_aligned
pneumothorax,calcified granuloma,1.0,1,Qwen2.5-7B-Instruct-RLVR_aligned
pneumothorax,calcified granuloma,0.75390625,1,Qwen2.5-7B-Instruct-RLVR_aligned
calcinosis,calcinosis,0.23828125,0,Qwen2.5-7B-Instruct-RLVR_aligned
calcinosis,calcinosis,0.08837890625,0,Qwen2.5-7B-Instruct-RLVR_aligned
calcinosis,calcinosis,0.1953125,0,Qwen2.5-7B-Instruct-RLVR_aligned
normal,normal,1.0,0,Qwen2.5-7B-Instruct-RLVR_aligned
blunted costophrenic xxxx,blunted costophrenic angle in costophrenic angle,0.59375,0,Qwen2.5-7B-Instruct-RLVR_aligned
blunted costophrenic xxxx,blunted costophrenic angle in costophrenic angle,0.94921875,1,Qwen2.5-7B-Instruct-RLVR_aligned
blunted costophrenic xxxx,blunted costophrenic angle in costophrenic angle,0.6796875,1,Qwen2.5-7B-Instruct-RLVR_aligned
blunted costophrenic xxxx,blunted costophrenic angle in costophrenic angle,1.0,1,Qwen2.5-7B-Instruct-RLVR_aligned
blunted costophrenic xxxx,blunted costophrenic angle in costophrenic angle,1.0,1,Qwen2.5-7B-Instruct-RLVR_aligned
blunted costophrenic xxxx,blunted costophrenic angle in costophrenic angle,1.0,1,Qwen2.5-7B-Instruct-RLVR_aligned
blunted costophrenic xxxx,blunted costophrenic angle in costophrenic angle,0.9921875,0,Qwen2.5-7B-Instruct-RLVR_aligned
blunted costophrenic xxxx,blunted costophrenic angle in costophrenic angle,0.8359375,0,Qwen2.5-7B-Instruct-RLVR_aligned
blunted costophrenic xxxx,blunted costophrenic angle in costophrenic angle,0.9921875,0,Qwen2.5-7B-Instruct-RLVR_aligned
blunted costophrenic xxxx,blunted costophrenic angle in costophrenic angle,1.0,1,Qwen2.5-7B-Instruct-RLVR_aligned
blunted costophrenic xxxx,blunted costophrenic angle in costophrenic angle,1.0,1,Qwen2.5-7B-Instruct-RLVR_aligned
blunted costophrenic xxxx,blunted costophrenic angle in costophrenic angle,0.99609375,1,Qwen2.5-7B-Instruct-RLVR_aligned
blunted costophrenic xxxx,blunted costophrenic angle in costophrenic angle,0.95703125,0,Qwen2.5-7B-Instruct-RLVR_aligned
fractures bone,calcinosis,0.130859375,0,Qwen2.5-7B-Instruct-RLVR_aligned
fractures bone,calcinosis,0.2890625,1,Qwen2.5-7B-Instruct-RLVR_aligned
fractures bone,calcinosis,0.98046875,1,Qwen2.5-7B-Instruct-RLVR_aligned
normal,normal,1.0,0,Qwen2.5-7B-Instruct-RLVR_aligned
normal,normal,1.0,0,Qwen2.5-7B-Instruct-RLVR_aligned
pleural effusion,pleural effusion,0.279296875,0,Qwen2.5-7B-Instruct-RLVR_aligned
pleural effusion,pleural effusion,0.99609375,1,Qwen2.5-7B-Instruct-RLVR_aligned
pleural effusion,pleural effusion,0.71875,1,Qwen2.5-7B-Instruct-RLVR_aligned
pleural effusion,pleural effusion,0.9921875,1,Qwen2.5-7B-Instruct-RLVR_aligned
calcinosis,calcinosis,0.23828125,0,Qwen2.5-7B-Instruct-RLVR_aligned
calcinosis,calcinosis,0.08837890625,0,Qwen2.5-7B-Instruct-RLVR_aligned
calcinosis,calcinosis,0.1953125,0,Qwen2.5-7B-Instruct-RLVR_aligned
normal,normal,1.0,0,Qwen2.5-7B-Instruct-RLVR_aligned
pneumonia,patchy opacity in opacity,0.234375,0,Qwen2.5-7B-Instruct-RLVR_aligned
pneumonia,patchy opacity in opacity,0.67578125,0,Qwen2.5-7B-Instruct-RLVR_aligned
pneumonia,patchy opacity in opacity,0.80078125,0,Qwen2.5-7B-Instruct-RLVR_aligned
pneumonia,patchy opacity in opacity,0.1982421875,0,Qwen2.5-7B-Instruct-RLVR_aligned
pneumonia,patchy opacity in opacity,0.90625,0,Qwen2.5-7B-Instruct-RLVR_aligned
scoliosis,scoliosis,0.6875,0,Qwen2.5-7B-Instruct-RLVR_aligned
scoliosis,scoliosis,0.154296875,0,Qwen2.5-7B-Instruct-RLVR_aligned
scoliosis,scoliosis,0.6875,1,Qwen2.5-7B-Instruct-RLVR_aligned
normal,normal,1.0,0,Qwen2.5-7B-Instruct-RLVR_aligned
normal,normal,1.0,0,Qwen2.5-7B-Instruct-RLVR_aligned
normal,normal,1.0,0,Qwen2.5-7B-Instruct-RLVR_aligned
lung hypoinflation in lung,lung hypoinflation in lung,0.2041015625,0,Qwen2.5-7B-Instruct-RLVR_aligned
lung hypoinflation in lung,lung hypoinflation in lung,0.96875,1,Qwen2.5-7B-Instruct-RLVR_aligned
lung hypoinflation in lung,lung hypoinflation in lung,1.0,1,Qwen2.5-7B-Instruct-RLVR_aligned
lung hypoinflation in lung,lung hypoinflation in lung,1.0,1,Qwen2.5-7B-Instruct-RLVR_aligned
lung hypoinflation in lung,lung hypoinflation in lung,0.47265625,1,Qwen2.5-7B-Instruct-RLVR_aligned
lung hypoinflation in lung,lung hypoinflation in lung,0.94140625,1,Qwen2.5-7B-Instruct-RLVR_aligned
spondylosis,spondylosis,0.93359375,0,Qwen2.5-7B-Instruct-RLVR_aligned
spondylosis,spondylosis,0.98828125,0,Qwen2.5-7B-Instruct-RLVR_aligned
spondylosis,spondylosis,0.96875,0,Qwen2.5-7B-Instruct-RLVR_aligned
spondylosis,spondylosis,0.9921875,0,Qwen2.5-7B-Instruct-RLVR_aligned
spondylosis,spondylosis,0.166015625,0,Qwen2.5-7B-Instruct-RLVR_aligned
normal,normal,1.0,0,Qwen2.5-7B-Instruct-RLVR_aligned
normal,normal,1.0,0,Qwen2.5-7B-Instruct-RLVR_aligned
normal,normal,1.0,0,Qwen2.5-7B-Instruct-RLVR_aligned
pleural effusion,pleural effusion,0.279296875,0,Qwen2.5-7B-Instruct-RLVR_aligned
pleural effusion,pleural effusion,0.99609375,1,Qwen2.5-7B-Instruct-RLVR_aligned
pleural effusion,pleural effusion,0.71875,1,Qwen2.5-7B-Instruct-RLVR_aligned
pleural effusion,pleural effusion,0.9921875,1,Qwen2.5-7B-Instruct-RLVR_aligned
normal,normal,1.0,0,Qwen2.5-7B-Instruct-RLVR_aligned
clips,surgical instruments,0.08447265625,0,Qwen2.5-7B-Instruct-RLVR_aligned
clips,surgical instruments,0.0947265625,0,Qwen2.5-7B-Instruct-RLVR_aligned
clips,surgical instruments,0.2890625,0,Qwen2.5-7B-Instruct-RLVR_aligned
degenerative change in thoracic,degenerative change in thoracic vertebrae,0.95703125,0,Qwen2.5-7B-Instruct-RLVR_aligned
degenerative change in thoracic,degenerative change in thoracic vertebrae,0.7578125,1,Qwen2.5-7B-Instruct-RLVR_aligned
degenerative change in thoracic,degenerative change in thoracic vertebrae,1.0,1,Qwen2.5-7B-Instruct-RLVR_aligned
degenerative change in thoracic,degenerative change in thoracic vertebrae,0.93359375,1,Qwen2.5-7B-Instruct-RLVR_aligned
degenerative change in thoracic,degenerative change in thoracic vertebrae,0.99609375,1,Qwen2.5-7B-Instruct-RLVR_aligned
degenerative change in thoracic,degenerative change in thoracic vertebrae,0.96484375,1,Qwen2.5-7B-Instruct-RLVR_aligned
degenerative change in thoracic,degenerative change in thoracic vertebrae,1.0,1,Qwen2.5-7B-Instruct-RLVR_aligned
degenerative change in thoracic,degenerative change in thoracic vertebrae,0.78515625,0,Qwen2.5-7B-Instruct-RLVR_aligned
degenerative change in thoracic,degenerative change in thoracic vertebrae,0.96484375,1,Qwen2.5-7B-Instruct-RLVR_aligned
degenerative change in thoracic,degenerative change in thoracic vertebrae,0.98046875,1,Qwen2.5-7B-Instruct-RLVR_aligned
normal,normal,1.0,0,Qwen2.5-7B-Instruct-RLVR_aligned
deformity bone,"fractures, bone",0.1455078125,0,Qwen2.5-7B-Instruct-RLVR_aligned
deformity bone,"fractures, bone",1.0,1,Qwen2.5-7B-Instruct-RLVR_aligned
deformity bone,"fractures, bone",0.9765625,0,Qwen2.5-7B-Instruct-RLVR_aligned
deformity bone,"fractures, bone",0.72265625,0,Qwen2.5-7B-Instruct-RLVR_aligned
deformity bone,"fractures, bone",0.83203125,0,Qwen2.5-7B-Instruct-RLVR_aligned
normal,normal,1.0,0,Qwen2.5-7B-Instruct-RLVR_aligned
fractures bone,"lung, hyperlucent",0.98828125,0,Qwen2.5-7B-Instruct-RLVR_aligned
fractures bone,"lung, hyperlucent",0.51953125,0,Qwen2.5-7B-Instruct-RLVR_aligned
fractures bone,"lung, hyperlucent",0.1181640625,0,Qwen2.5-7B-Instruct-RLVR_aligned
fractures bone,"lung, hyperlucent",0.1796875,0,Qwen2.5-7B-Instruct-RLVR_aligned
atherosclerosis,atherosclerosis,0.296875,0,Qwen2.5-7B-Instruct-RLVR_aligned
atherosclerosis,atherosclerosis,0.9609375,1,Qwen2.5-7B-Instruct-RLVR_aligned
atherosclerosis,atherosclerosis,0.984375,1,Qwen2.5-7B-Instruct-RLVR_aligned
normal,normal,1.0,0,Qwen2.5-7B-Instruct-RLVR_aligned
lung hypoinflation in lung,lung hypoinflation in lung,0.2041015625,0,Qwen2.5-7B-Instruct-RLVR_aligned
lung hypoinflation in lung,lung hypoinflation in lung,0.96875,1,Qwen2.5-7B-Instruct-RLVR_aligned
lung hypoinflation in lung,lung hypoinflation in lung,1.0,1,Qwen2.5-7B-Instruct-RLVR_aligned
lung hypoinflation in lung,lung hypoinflation in lung,1.0,1,Qwen2.5-7B-Instruct-RLVR_aligned
lung hypoinflation in lung,lung hypoinflation in lung,0.47265625,1,Qwen2.5-7B-Instruct-RLVR_aligned
lung hypoinflation in lung,lung hypoinflation in lung,0.94140625,1,Qwen2.5-7B-Instruct-RLVR_aligned
blunted costophrenic sulcus,blunted costophrenic angle in costophrenic angle,0.4921875,0,Qwen2.5-7B-Instruct-RLVR_aligned
blunted costophrenic sulcus,blunted costophrenic angle in costophrenic angle,0.98046875,1,Qwen2.5-7B-Instruct-RLVR_aligned
blunted costophrenic sulcus,blunted costophrenic angle in costophrenic angle,0.98828125,1,Qwen2.5-7B-Instruct-RLVR_aligned
blunted costophrenic sulcus,blunted costophrenic angle in costophrenic angle,1.0,1,Qwen2.5-7B-Instruct-RLVR_aligned
blunted costophrenic sulcus,blunted costophrenic angle in costophrenic angle,1.0,1,Qwen2.5-7B-Instruct-RLVR_aligned
blunted costophrenic sulcus,blunted costophrenic angle in costophrenic angle,1.0,1,Qwen2.5-7B-Instruct-RLVR_aligned
blunted costophrenic sulcus,blunted costophrenic angle in costophrenic angle,0.99609375,0,Qwen2.5-7B-Instruct-RLVR_aligned
blunted costophrenic sulcus,blunted costophrenic angle in costophrenic angle,0.1796875,0,Qwen2.5-7B-Instruct-RLVR_aligned
blunted costophrenic sulcus,blunted costophrenic angle in costophrenic angle,0.6015625,0,Qwen2.5-7B-Instruct-RLVR_aligned
blunted costophrenic sulcus,blunted costophrenic angle in costophrenic angle,1.0,1,Qwen2.5-7B-Instruct-RLVR_aligned
blunted costophrenic sulcus,blunted costophrenic angle in costophrenic angle,1.0,1,Qwen2.5-7B-Instruct-RLVR_aligned
blunted costophrenic sulcus,blunted costophrenic angle in costophrenic angle,1.0,1,Qwen2.5-7B-Instruct-RLVR_aligned
blunted costophrenic sulcus,blunted costophrenic angle in costophrenic angle,1.0,0,Qwen2.5-7B-Instruct-RLVR_aligned
normal,normal,1.0,0,Qwen2.5-7B-Instruct-RLVR_aligned
normal,lucency in ribs right posterior,1.0,0,Qwen2.5-7B-Instruct-RLVR_aligned
normal,lucency in ribs right posterior,0.068359375,0,Qwen2.5-7B-Instruct-RLVR_aligned
normal,lucency in ribs right posterior,0.8984375,1,Qwen2.5-7B-Instruct-RLVR_aligned
normal,lucency in ribs right posterior,0.373046875,1,Qwen2.5-7B-Instruct-RLVR_aligned
normal,lucency in ribs right posterior,0.89453125,0,Qwen2.5-7B-Instruct-RLVR_aligned
normal,lucency in ribs right posterior,0.5859375,0,Qwen2.5-7B-Instruct-RLVR_aligned
normal,lucency in ribs right posterior,0.46484375,0,Qwen2.5-7B-Instruct-RLVR_aligned
cardiomegaly,cardiomegaly,0.296875,0,Qwen2.5-7B-Instruct-RLVR_aligned
cardiomegaly,cardiomegaly,0.96875,0,Qwen2.5-7B-Instruct-RLVR_aligned
cardiomegaly,cardiomegaly,0.99609375,0,Qwen2.5-7B-Instruct-RLVR_aligned
cardiomegaly,cardiomegaly,0.98828125,0,Qwen2.5-7B-Instruct-RLVR_aligned
cardiomegaly,cardiomegaly,0.1982421875,0,Qwen2.5-7B-Instruct-RLVR_aligned
normal,normal,1.0,0,Qwen2.5-7B-Instruct-RLVR_aligned
pulmonary nodule,round opacity in opacity,0.310546875,0,Qwen2.5-7B-Instruct-RLVR_aligned
pulmonary nodule,round opacity in opacity,0.41796875,0,Qwen2.5-7B-Instruct-RLVR_aligned
pulmonary nodule,round opacity in opacity,0.2255859375,0,Qwen2.5-7B-Instruct-RLVR_aligned
pulmonary nodule,round opacity in opacity,0.51171875,0,Qwen2.5-7B-Instruct-RLVR_aligned
atherosclerosis,cardiomegaly,1.0,0,Qwen2.5-7B-Instruct-RLVR_aligned
atherosclerosis,cardiomegaly,0.15234375,0,Qwen2.5-7B-Instruct-RLVR_aligned
atherosclerosis,cardiomegaly,0.373046875,0,Qwen2.5-7B-Instruct-RLVR_aligned
atherosclerosis,cardiomegaly,0.34375,0,Qwen2.5-7B-Instruct-RLVR_aligned
atherosclerosis,cardiomegaly,1.0,0,Qwen2.5-7B-Instruct-RLVR_aligned
lung hypoinflation in lung,lung hypoinflation in lung,0.2041015625,0,Qwen2.5-7B-Instruct-RLVR_aligned
lung hypoinflation in lung,lung hypoinflation in lung,0.96875,1,Qwen2.5-7B-Instruct-RLVR_aligned
lung hypoinflation in lung,lung hypoinflation in lung,1.0,1,Qwen2.5-7B-Instruct-RLVR_aligned
lung hypoinflation in lung,lung hypoinflation in lung,1.0,1,Qwen2.5-7B-Instruct-RLVR_aligned
lung hypoinflation in lung,lung hypoinflation in lung,0.47265625,1,Qwen2.5-7B-Instruct-RLVR_aligned
lung hypoinflation in lung,lung hypoinflation in lung,0.94140625,1,Qwen2.5-7B-Instruct-RLVR_aligned
normal,normal,1.0,0,Qwen2.5-7B-Instruct-RLVR_aligned
pulmonary atelectasis,pulmonary atelectasis,0.1748046875,0,Qwen2.5-7B-Instruct-RLVR_aligned
pulmonary atelectasis,pulmonary atelectasis,1.0,1,Qwen2.5-7B-Instruct-RLVR_aligned
pulmonary atelectasis,pulmonary atelectasis,1.0,1,Qwen2.5-7B-Instruct-RLVR_aligned
pulmonary atelectasis,pulmonary atelectasis,0.52734375,1,Qwen2.5-7B-Instruct-RLVR_aligned
pulmonary atelectasis,pulmonary atelectasis,0.99609375,1,Qwen2.5-7B-Instruct-RLVR_aligned
pulmonary atelectasis,pulmonary atelectasis,0.99609375,1,Qwen2.5-7B-Instruct-RLVR_aligned
normal,normal,1.0,0,Qwen2.5-7B-Instruct-RLVR_aligned
normal,normal,1.0,0,Qwen2.5-7B-Instruct-RLVR_aligned
degenerative change in spine,degenerative change in spine,0.80078125,0,Qwen2.5-7B-Instruct-RLVR_aligned
degenerative change in spine,degenerative change in spine,0.328125,0,Qwen2.5-7B-Instruct-RLVR_aligned
degenerative change in spine,degenerative change in spine,0.9765625,0,Qwen2.5-7B-Instruct-RLVR_aligned
degenerative change in spine,degenerative change in spine,0.5546875,1,Qwen2.5-7B-Instruct-RLVR_aligned
degenerative change in spine,degenerative change in spine,0.99609375,1,Qwen2.5-7B-Instruct-RLVR_aligned
degenerative change in spine,degenerative change in spine,0.7734375,1,Qwen2.5-7B-Instruct-RLVR_aligned
normal,normal,1.0,0,Qwen2.5-7B-Instruct-RLVR_aligned
scoliosis,scoliosis,0.6875,0,Qwen2.5-7B-Instruct-RLVR_aligned
scoliosis,scoliosis,0.154296875,0,Qwen2.5-7B-Instruct-RLVR_aligned
scoliosis,scoliosis,0.6875,1,Qwen2.5-7B-Instruct-RLVR_aligned
scoliosis,normal,0.10888671875,0,Qwen2.5-7B-Instruct-RLVR_aligned
cardiomegaly,cardiomegaly,0.296875,0,Qwen2.5-7B-Instruct-RLVR_aligned
cardiomegaly,cardiomegaly,0.96875,0,Qwen2.5-7B-Instruct-RLVR_aligned
cardiomegaly,cardiomegaly,0.99609375,0,Qwen2.5-7B-Instruct-RLVR_aligned
cardiomegaly,cardiomegaly,0.98828125,0,Qwen2.5-7B-Instruct-RLVR_aligned
cardiomegaly,cardiomegaly,0.1982421875,0,Qwen2.5-7B-Instruct-RLVR_aligned
calcinosis,calcinosis,0.23828125,0,Qwen2.5-7B-Instruct-RLVR_aligned
calcinosis,calcinosis,0.08837890625,0,Qwen2.5-7B-Instruct-RLVR_aligned
calcinosis,calcinosis,0.1953125,0,Qwen2.5-7B-Instruct-RLVR_aligned
atherosclerosis,atherosclerosis,0.296875,0,Qwen2.5-7B-Instruct-RLVR_aligned
atherosclerosis,atherosclerosis,0.9609375,1,Qwen2.5-7B-Instruct-RLVR_aligned
atherosclerosis,atherosclerosis,0.984375,1,Qwen2.5-7B-Instruct-RLVR_aligned
normal,normal,1.0,0,Qwen2.5-7B-Instruct-RLVR_aligned
normal,normal,1.0,0,Qwen2.5-7B-Instruct-RLVR_aligned
normal,normal,1.0,0,Qwen2.5-7B-Instruct-RLVR_aligned
normal,normal,1.0,0,Qwen2.5-7B-Instruct-RLVR_aligned
granuloma,granuloma,0.474609375,0,Qwen2.5-7B-Instruct-RLVR_aligned
granuloma,granuloma,0.54296875,0,Qwen2.5-7B-Instruct-RLVR_aligned
granuloma,granuloma,0.99609375,0,Qwen2.5-7B-Instruct-RLVR_aligned
cardiomegaly,cardiomegaly,0.296875,0,Qwen2.5-7B-Instruct-RLVR_aligned
cardiomegaly,cardiomegaly,0.96875,0,Qwen2.5-7B-Instruct-RLVR_aligned
cardiomegaly,cardiomegaly,0.99609375,0,Qwen2.5-7B-Instruct-RLVR_aligned
cardiomegaly,cardiomegaly,0.98828125,0,Qwen2.5-7B-Instruct-RLVR_aligned
cardiomegaly,cardiomegaly,0.1982421875,0,Qwen2.5-7B-Instruct-RLVR_aligned
spondylosis,spondylosis,0.93359375,0,Qwen2.5-7B-Instruct-RLVR_aligned
spondylosis,spondylosis,0.98828125,0,Qwen2.5-7B-Instruct-RLVR_aligned
spondylosis,spondylosis,0.96875,0,Qwen2.5-7B-Instruct-RLVR_aligned
spondylosis,spondylosis,0.9921875,0,Qwen2.5-7B-Instruct-RLVR_aligned
spondylosis,spondylosis,0.166015625,0,Qwen2.5-7B-Instruct-RLVR_aligned
hernia hiatal,"hernia, hiatal",0.25,0,Qwen2.5-7B-Instruct-RLVR_aligned
hernia hiatal,"hernia, hiatal",0.99609375,1,Qwen2.5-7B-Instruct-RLVR_aligned
hernia hiatal,"hernia, hiatal",0.99609375,1,Qwen2.5-7B-Instruct-RLVR_aligned
hernia hiatal,"hernia, hiatal",0.26171875,1,Qwen2.5-7B-Instruct-RLVR_aligned
hernia hiatal,"hernia, hiatal",0.2451171875,0,Qwen2.5-7B-Instruct-RLVR_aligned
hernia hiatal,"hernia, hiatal",1.0,1,Qwen2.5-7B-Instruct-RLVR_aligned
calcinosis,calcified granuloma,0.23828125,0,Qwen2.5-7B-Instruct-RLVR_aligned
calcinosis,calcified granuloma,0.8359375,1,Qwen2.5-7B-Instruct-RLVR_aligned
calcinosis,calcified granuloma,0.0693359375,0,Qwen2.5-7B-Instruct-RLVR_aligned
calcinosis,calcified granuloma,0.6953125,1,Qwen2.5-7B-Instruct-RLVR_aligned
calcinosis,calcified granuloma,0.609375,1,Qwen2.5-7B-Instruct-RLVR_aligned
pulmonary opacity,pulmonary opacity,0.50390625,0,Qwen2.5-7B-Instruct-RLVR_aligned
pulmonary opacity,pulmonary opacity,1.0,1,Qwen2.5-7B-Instruct-RLVR_aligned
pulmonary opacity,pulmonary opacity,0.99609375,1,Qwen2.5-7B-Instruct-RLVR_aligned
pulmonary opacity,pulmonary opacity,0.93359375,1,Qwen2.5-7B-Instruct-RLVR_aligned
lung hypoinflation in lung,lung hypoinflation in lung,0.2041015625,0,Qwen2.5-7B-Instruct-RLVR_aligned
lung hypoinflation in lung,lung hypoinflation in lung,0.96875,1,Qwen2.5-7B-Instruct-RLVR_aligned
lung hypoinflation in lung,lung hypoinflation in lung,1.0,1,Qwen2.5-7B-Instruct-RLVR_aligned
lung hypoinflation in lung,lung hypoinflation in lung,1.0,1,Qwen2.5-7B-Instruct-RLVR_aligned
lung hypoinflation in lung,lung hypoinflation in lung,0.47265625,1,Qwen2.5-7B-Instruct-RLVR_aligned
lung hypoinflation in lung,lung hypoinflation in lung,0.94140625,1,Qwen2.5-7B-Instruct-RLVR_aligned
calcified granuloma,calcified granuloma,0.9609375,0,Qwen2.5-7B-Instruct-RLVR_aligned
calcified granuloma,calcified granuloma,0.703125,0,Qwen2.5-7B-Instruct-RLVR_aligned
calcified granuloma,calcified granuloma,0.9921875,0,Qwen2.5-7B-Instruct-RLVR_aligned
calcified granuloma,calcified granuloma,0.55078125,0,Qwen2.5-7B-Instruct-RLVR_aligned
calcified granuloma,calcified granuloma,0.99609375,0,Qwen2.5-7B-Instruct-RLVR_aligned
normal,normal,1.0,0,Qwen2.5-7B-Instruct-RLVR_aligned
normal,normal,1.0,0,Qwen2.5-7B-Instruct-RLVR_aligned
scoliosis,cicatrix,0.6875,0,Qwen2.5-7B-Instruct-RLVR_aligned
scoliosis,cicatrix,0.1376953125,0,Qwen2.5-7B-Instruct-RLVR_aligned
scoliosis,cicatrix,0.400390625,0,Qwen2.5-7B-Instruct-RLVR_aligned
cardiomegaly,cardiomegaly,0.296875,0,Qwen2.5-7B-Instruct-RLVR_aligned
cardiomegaly,cardiomegaly,0.96875,0,Qwen2.5-7B-Instruct-RLVR_aligned
cardiomegaly,cardiomegaly,0.99609375,0,Qwen2.5-7B-Instruct-RLVR_aligned
cardiomegaly,cardiomegaly,0.98828125,0,Qwen2.5-7B-Instruct-RLVR_aligned
cardiomegaly,cardiomegaly,0.1982421875,0,Qwen2.5-7B-Instruct-RLVR_aligned
lung hyperdistention in lung,lung hyperdistention in lung,0.2080078125,0,Qwen2.5-7B-Instruct-RLVR_aligned
lung hyperdistention in lung,lung hyperdistention in lung,0.337890625,1,Qwen2.5-7B-Instruct-RLVR_aligned
lung hyperdistention in lung,lung hyperdistention in lung,0.76953125,1,Qwen2.5-7B-Instruct-RLVR_aligned
lung hyperdistention in lung,lung hyperdistention in lung,0.953125,1,Qwen2.5-7B-Instruct-RLVR_aligned
lung hyperdistention in lung,lung hyperdistention in lung,0.81640625,1,Qwen2.5-7B-Instruct-RLVR_aligned
lung hyperdistention in lung,lung hyperdistention in lung,0.91015625,1,Qwen2.5-7B-Instruct-RLVR_aligned
atherosclerosis,atherosclerosis,0.296875,0,Qwen2.5-7B-Instruct-RLVR_aligned
atherosclerosis,atherosclerosis,0.9609375,1,Qwen2.5-7B-Instruct-RLVR_aligned
atherosclerosis,atherosclerosis,0.984375,1,Qwen2.5-7B-Instruct-RLVR_aligned
normal,normal,1.0,0,Qwen2.5-7B-Instruct-RLVR_aligned
scoliosis,scoliosis,0.6875,0,Qwen2.5-7B-Instruct-RLVR_aligned
scoliosis,scoliosis,0.154296875,0,Qwen2.5-7B-Instruct-RLVR_aligned
scoliosis,scoliosis,0.6875,1,Qwen2.5-7B-Instruct-RLVR_aligned
pulmonary disease chronic obstructive,arthritis,0.68359375,0,Qwen2.5-7B-Instruct-RLVR_aligned
pulmonary disease chronic obstructive,arthritis,0.90625,1,Qwen2.5-7B-Instruct-RLVR_aligned
degenerative change in thoracic,degenerative change in thoracic vertebrae,0.95703125,0,Qwen2.5-7B-Instruct-RLVR_aligned
degenerative change in thoracic,degenerative change in thoracic vertebrae,0.7578125,1,Qwen2.5-7B-Instruct-RLVR_aligned
degenerative change in thoracic,degenerative change in thoracic vertebrae,1.0,1,Qwen2.5-7B-Instruct-RLVR_aligned
degenerative change in thoracic,degenerative change in thoracic vertebrae,0.93359375,1,Qwen2.5-7B-Instruct-RLVR_aligned
degenerative change in thoracic,degenerative change in thoracic vertebrae,0.99609375,1,Qwen2.5-7B-Instruct-RLVR_aligned
degenerative change in thoracic,degenerative change in thoracic vertebrae,0.96484375,1,Qwen2.5-7B-Instruct-RLVR_aligned
degenerative change in thoracic,degenerative change in thoracic vertebrae,1.0,1,Qwen2.5-7B-Instruct-RLVR_aligned
degenerative change in thoracic,degenerative change in thoracic vertebrae,0.78515625,0,Qwen2.5-7B-Instruct-RLVR_aligned
degenerative change in thoracic,degenerative change in thoracic vertebrae,0.96484375,1,Qwen2.5-7B-Instruct-RLVR_aligned
degenerative change in thoracic,degenerative change in thoracic vertebrae,0.98046875,1,Qwen2.5-7B-Instruct-RLVR_aligned
pulmonary nodule,pulmonary nodule,0.2177734375,0,Qwen2.5-7B-Instruct-RLVR_aligned
pulmonary nodule,pulmonary nodule,0.99609375,1,Qwen2.5-7B-Instruct-RLVR_aligned
pulmonary nodule,pulmonary nodule,1.0,1,Qwen2.5-7B-Instruct-RLVR_aligned
pulmonary nodule,pulmonary nodule,0.921875,1,Qwen2.5-7B-Instruct-RLVR_aligned
pulmonary nodule,pulmonary nodule,1.0,1,Qwen2.5-7B-Instruct-RLVR_aligned
cardiomegaly,cardiomegaly,0.296875,0,Qwen2.5-7B-Instruct-RLVR_aligned
cardiomegaly,cardiomegaly,0.96875,0,Qwen2.5-7B-Instruct-RLVR_aligned
cardiomegaly,cardiomegaly,0.99609375,0,Qwen2.5-7B-Instruct-RLVR_aligned
cardiomegaly,cardiomegaly,0.98828125,0,Qwen2.5-7B-Instruct-RLVR_aligned
cardiomegaly,cardiomegaly,0.1982421875,0,Qwen2.5-7B-Instruct-RLVR_aligned
degenerative change in spine,degenerative change in spine,0.80078125,0,Qwen2.5-7B-Instruct-RLVR_aligned
degenerative change in spine,degenerative change in spine,0.328125,0,Qwen2.5-7B-Instruct-RLVR_aligned
degenerative change in spine,degenerative change in spine,0.9765625,0,Qwen2.5-7B-Instruct-RLVR_aligned
degenerative change in spine,degenerative change in spine,0.5546875,1,Qwen2.5-7B-Instruct-RLVR_aligned
degenerative change in spine,degenerative change in spine,0.99609375,1,Qwen2.5-7B-Instruct-RLVR_aligned
degenerative change in spine,degenerative change in spine,0.7734375,1,Qwen2.5-7B-Instruct-RLVR_aligned
normal,normal,1.0,0,Qwen2.5-7B-Instruct-RLVR_aligned
cardiomegaly,cardiomegaly,0.296875,0,Qwen2.5-7B-Instruct-RLVR_aligned
cardiomegaly,cardiomegaly,0.96875,0,Qwen2.5-7B-Instruct-RLVR_aligned
cardiomegaly,cardiomegaly,0.99609375,0,Qwen2.5-7B-Instruct-RLVR_aligned
cardiomegaly,cardiomegaly,0.98828125,0,Qwen2.5-7B-Instruct-RLVR_aligned
cardiomegaly,cardiomegaly,0.1982421875,0,Qwen2.5-7B-Instruct-RLVR_aligned
normal,normal,1.0,0,Qwen2.5-7B-Instruct-RLVR_aligned
calcified granuloma,calcified granuloma,0.9609375,0,Qwen2.5-7B-Instruct-RLVR_aligned
calcified granuloma,calcified granuloma,0.703125,0,Qwen2.5-7B-Instruct-RLVR_aligned
calcified granuloma,calcified granuloma,0.9921875,0,Qwen2.5-7B-Instruct-RLVR_aligned
calcified granuloma,calcified granuloma,0.55078125,0,Qwen2.5-7B-Instruct-RLVR_aligned
calcified granuloma,calcified granuloma,0.99609375,0,Qwen2.5-7B-Instruct-RLVR_aligned
arthritis,arthritis,0.1650390625,0,Qwen2.5-7B-Instruct-RLVR_aligned
arthritis,arthritis,0.99609375,1,Qwen2.5-7B-Instruct-RLVR_aligned
normal,normal,1.0,0,Qwen2.5-7B-Instruct-RLVR_aligned
normal,normal,1.0,0,Qwen2.5-7B-Instruct-RLVR_aligned
normal,normal,1.0,0,Qwen2.5-7B-Instruct-RLVR_aligned
normal,normal,1.0,0,Qwen2.5-7B-Instruct-RLVR_aligned
normal,normal,1.0,0,Qwen2.5-7B-Instruct-RLVR_aligned
normal,normal,1.0,0,Qwen2.5-7B-Instruct-RLVR_aligned
lung hyperdistention in lung,chest pain,0.203125,0,Qwen2.5-7B-Instruct-RLVR_aligned
lung hyperdistention in lung,chest pain,0.69921875,0,Qwen2.5-7B-Instruct-RLVR_aligned
sarcoidosis,scoliosis,0.0869140625,0,Qwen2.5-7B-Instruct-RLVR_aligned
sarcoidosis,scoliosis,0.173828125,0,Qwen2.5-7B-Instruct-RLVR_aligned
sarcoidosis,scoliosis,0.9765625,1,Qwen2.5-7B-Instruct-RLVR_aligned
normal,normal,1.0,0,Qwen2.5-7B-Instruct-RLVR_aligned
cardiomegaly,cardiomegaly,0.296875,0,Qwen2.5-7B-Instruct-RLVR_aligned
cardiomegaly,cardiomegaly,0.96875,0,Qwen2.5-7B-Instruct-RLVR_aligned
cardiomegaly,cardiomegaly,0.99609375,0,Qwen2.5-7B-Instruct-RLVR_aligned
cardiomegaly,cardiomegaly,0.98828125,0,Qwen2.5-7B-Instruct-RLVR_aligned
cardiomegaly,cardiomegaly,0.1982421875,0,Qwen2.5-7B-Instruct-RLVR_aligned
normal,normal,1.0,0,Qwen2.5-7B-Instruct-RLVR_aligned
normal,normal,1.0,0,Qwen2.5-7B-Instruct-RLVR_aligned
pulmonary atelectasis,pulmonary atelectasis,0.1748046875,0,Qwen2.5-7B-Instruct-RLVR_aligned
pulmonary atelectasis,pulmonary atelectasis,1.0,1,Qwen2.5-7B-Instruct-RLVR_aligned
pulmonary atelectasis,pulmonary atelectasis,1.0,1,Qwen2.5-7B-Instruct-RLVR_aligned
pulmonary atelectasis,pulmonary atelectasis,0.52734375,1,Qwen2.5-7B-Instruct-RLVR_aligned
pulmonary atelectasis,pulmonary atelectasis,0.99609375,1,Qwen2.5-7B-Instruct-RLVR_aligned
pulmonary atelectasis,pulmonary atelectasis,0.99609375,1,Qwen2.5-7B-Instruct-RLVR_aligned
sutures foreign bodies,cicatrix,0.126953125,0,Qwen2.5-7B-Instruct-RLVR_aligned
sutures foreign bodies,cicatrix,0.3046875,0,Qwen2.5-7B-Instruct-RLVR_aligned
sutures foreign bodies,cicatrix,0.7890625,0,Qwen2.5-7B-Instruct-RLVR_aligned
normal,normal,1.0,0,Qwen2.5-7B-Instruct-RLVR_aligned
pulmonary opacity,pulmonary opacity,0.50390625,0,Qwen2.5-7B-Instruct-RLVR_aligned
pulmonary opacity,pulmonary opacity,1.0,1,Qwen2.5-7B-Instruct-RLVR_aligned
pulmonary opacity,pulmonary opacity,0.99609375,1,Qwen2.5-7B-Instruct-RLVR_aligned
pulmonary opacity,pulmonary opacity,0.93359375,1,Qwen2.5-7B-Instruct-RLVR_aligned
cardiomegaly,cardiomegaly,0.296875,0,Qwen2.5-7B-Instruct-RLVR_aligned
cardiomegaly,cardiomegaly,0.96875,0,Qwen2.5-7B-Instruct-RLVR_aligned
cardiomegaly,cardiomegaly,0.99609375,0,Qwen2.5-7B-Instruct-RLVR_aligned
cardiomegaly,cardiomegaly,0.98828125,0,Qwen2.5-7B-Instruct-RLVR_aligned
cardiomegaly,cardiomegaly,0.1982421875,0,Qwen2.5-7B-Instruct-RLVR_aligned
pneumonia,airspace disease,0.1630859375,0,Qwen2.5-7B-Instruct-RLVR_aligned
pneumonia,airspace disease,0.26953125,0,Qwen2.5-7B-Instruct-RLVR_aligned
pneumonia,airspace disease,0.10498046875,0,Qwen2.5-7B-Instruct-RLVR_aligned
pulmonary atelectasis,pulmonary atelectasis,0.1748046875,0,Qwen2.5-7B-Instruct-RLVR_aligned
pulmonary atelectasis,pulmonary atelectasis,1.0,1,Qwen2.5-7B-Instruct-RLVR_aligned
pulmonary atelectasis,pulmonary atelectasis,1.0,1,Qwen2.5-7B-Instruct-RLVR_aligned
pulmonary atelectasis,pulmonary atelectasis,0.52734375,1,Qwen2.5-7B-Instruct-RLVR_aligned
pulmonary atelectasis,pulmonary atelectasis,0.99609375,1,Qwen2.5-7B-Instruct-RLVR_aligned
pulmonary atelectasis,pulmonary atelectasis,0.99609375,1,Qwen2.5-7B-Instruct-RLVR_aligned
normal,normal,1.0,0,Qwen2.5-7B-Instruct-RLVR_aligned
cardiomegaly,cardiomegaly,0.296875,0,Qwen2.5-7B-Instruct-RLVR_aligned
cardiomegaly,cardiomegaly,0.96875,0,Qwen2.5-7B-Instruct-RLVR_aligned
cardiomegaly,cardiomegaly,0.99609375,0,Qwen2.5-7B-Instruct-RLVR_aligned
cardiomegaly,cardiomegaly,0.98828125,0,Qwen2.5-7B-Instruct-RLVR_aligned
cardiomegaly,cardiomegaly,0.1982421875,0,Qwen2.5-7B-Instruct-RLVR_aligned
scoliosis,kyphosis,0.6875,0,Qwen2.5-7B-Instruct-RLVR_aligned
scoliosis,kyphosis,0.306640625,0,Qwen2.5-7B-Instruct-RLVR_aligned
scoliosis,kyphosis,0.9609375,1,Qwen2.5-7B-Instruct-RLVR_aligned
pulmonary atelectasis,pulmonary atelectasis,0.1748046875,0,Qwen2.5-7B-Instruct-RLVR_aligned
pulmonary atelectasis,pulmonary atelectasis,1.0,1,Qwen2.5-7B-Instruct-RLVR_aligned
pulmonary atelectasis,pulmonary atelectasis,1.0,1,Qwen2.5-7B-Instruct-RLVR_aligned
pulmonary atelectasis,pulmonary atelectasis,0.52734375,1,Qwen2.5-7B-Instruct-RLVR_aligned
pulmonary atelectasis,pulmonary atelectasis,0.99609375,1,Qwen2.5-7B-Instruct-RLVR_aligned
pulmonary atelectasis,pulmonary atelectasis,0.99609375,1,Qwen2.5-7B-Instruct-RLVR_aligned
normal,normal,1.0,0,Qwen2.5-7B-Instruct-RLVR_aligned
cardiomegaly,pneumonia,0.30078125,0,Qwen2.5-7B-Instruct-RLVR_aligned
cardiomegaly,pneumonia,0.1455078125,0,Qwen2.5-7B-Instruct-RLVR_aligned
cardiomegaly,pneumonia,0.89453125,0,Qwen2.5-7B-Instruct-RLVR_aligned
cardiomegaly,pneumonia,0.16015625,0,Qwen2.5-7B-Instruct-RLVR_aligned
pulmonary nodule,pulmonary nodule,0.2177734375,0,Qwen2.5-7B-Instruct-RLVR_aligned
pulmonary nodule,pulmonary nodule,0.99609375,1,Qwen2.5-7B-Instruct-RLVR_aligned
pulmonary nodule,pulmonary nodule,1.0,1,Qwen2.5-7B-Instruct-RLVR_aligned
pulmonary nodule,pulmonary nodule,0.921875,1,Qwen2.5-7B-Instruct-RLVR_aligned
pulmonary nodule,pulmonary nodule,1.0,1,Qwen2.5-7B-Instruct-RLVR_aligned
normal,normal,1.0,0,Qwen2.5-7B-Instruct-RLVR_aligned
pulmonary atelectasis,pulmonary atelectasis,0.1748046875,0,Qwen2.5-7B-Instruct-RLVR_aligned
pulmonary atelectasis,pulmonary atelectasis,1.0,1,Qwen2.5-7B-Instruct-RLVR_aligned
pulmonary atelectasis,pulmonary atelectasis,1.0,1,Qwen2.5-7B-Instruct-RLVR_aligned
pulmonary atelectasis,pulmonary atelectasis,0.52734375,1,Qwen2.5-7B-Instruct-RLVR_aligned
pulmonary atelectasis,pulmonary atelectasis,0.99609375,1,Qwen2.5-7B-Instruct-RLVR_aligned
pulmonary atelectasis,pulmonary atelectasis,0.99609375,1,Qwen2.5-7B-Instruct-RLVR_aligned
atherosclerosis,atherosclerosis,0.296875,0,Qwen2.5-7B-Instruct-RLVR_aligned
atherosclerosis,atherosclerosis,0.9609375,1,Qwen2.5-7B-Instruct-RLVR_aligned
atherosclerosis,atherosclerosis,0.984375,1,Qwen2.5-7B-Instruct-RLVR_aligned
degenerative change in joint,sclerosis,0.1650390625,0,Qwen2.5-7B-Instruct-RLVR_aligned
degenerative change in joint,sclerosis,0.25,0,Qwen2.5-7B-Instruct-RLVR_aligned
pneumothorax,pneumothorax,0.201171875,0,Qwen2.5-7B-Instruct-RLVR_aligned
pneumothorax,pneumothorax,0.98828125,1,Qwen2.5-7B-Instruct-RLVR_aligned
pneumothorax,pneumothorax,1.0,1,Qwen2.5-7B-Instruct-RLVR_aligned
pneumothorax,pneumothorax,0.9921875,1,Qwen2.5-7B-Instruct-RLVR_aligned
pneumothorax,pneumothorax,1.0,1,Qwen2.5-7B-Instruct-RLVR_aligned
pneumothorax,pneumothorax,1.0,1,Qwen2.5-7B-Instruct-RLVR_aligned
normal,normal,1.0,0,Qwen2.5-7B-Instruct-RLVR_aligned
lung hyperdistention in lung,emphysema,0.2080078125,0,Qwen2.5-7B-Instruct-RLVR_aligned
lung hyperdistention in lung,emphysema,0.98828125,1,Qwen2.5-7B-Instruct-RLVR_aligned
lung hyperdistention in lung,emphysema,0.5625,1,Qwen2.5-7B-Instruct-RLVR_aligned
lung hyperdistention in lung,emphysema,0.90625,1,Qwen2.5-7B-Instruct-RLVR_aligned
lung hypoinflation in lung,lung hypoinflation in lung,0.2041015625,0,Qwen2.5-7B-Instruct-RLVR_aligned
lung hypoinflation in lung,lung hypoinflation in lung,0.96875,1,Qwen2.5-7B-Instruct-RLVR_aligned
lung hypoinflation in lung,lung hypoinflation in lung,1.0,1,Qwen2.5-7B-Instruct-RLVR_aligned
lung hypoinflation in lung,lung hypoinflation in lung,1.0,1,Qwen2.5-7B-Instruct-RLVR_aligned
lung hypoinflation in lung,lung hypoinflation in lung,0.47265625,1,Qwen2.5-7B-Instruct-RLVR_aligned
lung hypoinflation in lung,lung hypoinflation in lung,0.94140625,1,Qwen2.5-7B-Instruct-RLVR_aligned
normal,normal,1.0,0,Qwen2.5-7B-Instruct-RLVR_aligned
normal,normal,1.0,0,Qwen2.5-7B-Instruct-RLVR_aligned
lung hypoinflation in lung,lung hypoinflation in lung,0.2041015625,0,Qwen2.5-7B-Instruct-RLVR_aligned
lung hypoinflation in lung,lung hypoinflation in lung,0.96875,1,Qwen2.5-7B-Instruct-RLVR_aligned
lung hypoinflation in lung,lung hypoinflation in lung,1.0,1,Qwen2.5-7B-Instruct-RLVR_aligned
lung hypoinflation in lung,lung hypoinflation in lung,1.0,1,Qwen2.5-7B-Instruct-RLVR_aligned
lung hypoinflation in lung,lung hypoinflation in lung,0.47265625,1,Qwen2.5-7B-Instruct-RLVR_aligned
lung hypoinflation in lung,lung hypoinflation in lung,0.94140625,1,Qwen2.5-7B-Instruct-RLVR_aligned
fractures bone,"fractures, bone",0.1328125,0,Qwen2.5-7B-Instruct-RLVR_aligned
fractures bone,"fractures, bone",1.0,1,Qwen2.5-7B-Instruct-RLVR_aligned
fractures bone,"fractures, bone",0.90234375,1,Qwen2.5-7B-Instruct-RLVR_aligned
fractures bone,"fractures, bone",0.83203125,0,Qwen2.5-7B-Instruct-RLVR_aligned
fractures bone,"fractures, bone",0.171875,0,Qwen2.5-7B-Instruct-RLVR_aligned
normal,normal,1.0,0,Qwen2.5-7B-Instruct-RLVR_aligned
prominent central vascular markings,pulmonary congestion,0.265625,0,Qwen2.5-7B-Instruct-RLVR_aligned
prominent central vascular markings,pulmonary congestion,0.953125,1,Qwen2.5-7B-Instruct-RLVR_aligned
prominent central vascular markings,pulmonary congestion,1.0,1,Qwen2.5-7B-Instruct-RLVR_aligned
prominent central vascular markings,pulmonary congestion,0.51171875,0,Qwen2.5-7B-Instruct-RLVR_aligned
normal,normal,1.0,0,Qwen2.5-7B-Instruct-RLVR_aligned
degenerative change in spine,degenerative change in spine,0.80078125,0,Qwen2.5-7B-Instruct-RLVR_aligned
degenerative change in spine,degenerative change in spine,0.328125,0,Qwen2.5-7B-Instruct-RLVR_aligned
degenerative change in spine,degenerative change in spine,0.9765625,0,Qwen2.5-7B-Instruct-RLVR_aligned
degenerative change in spine,degenerative change in spine,0.5546875,1,Qwen2.5-7B-Instruct-RLVR_aligned
degenerative change in spine,degenerative change in spine,0.99609375,1,Qwen2.5-7B-Instruct-RLVR_aligned
degenerative change in spine,degenerative change in spine,0.7734375,1,Qwen2.5-7B-Instruct-RLVR_aligned
cicatrix,cicatrix,0.189453125,0,Qwen2.5-7B-Instruct-RLVR_aligned
cicatrix,cicatrix,0.142578125,0,Qwen2.5-7B-Instruct-RLVR_aligned
cicatrix,cicatrix,0.98828125,1,Qwen2.5-7B-Instruct-RLVR_aligned
normal,normal,1.0,0,Qwen2.5-7B-Instruct-RLVR_aligned
normal,normal,1.0,0,Qwen2.5-7B-Instruct-RLVR_aligned
cicatrix,cicatrix,0.189453125,0,Qwen2.5-7B-Instruct-RLVR_aligned
cicatrix,cicatrix,0.142578125,0,Qwen2.5-7B-Instruct-RLVR_aligned
cicatrix,cicatrix,0.98828125,1,Qwen2.5-7B-Instruct-RLVR_aligned
emphysema,emphysema,0.25390625,0,Qwen2.5-7B-Instruct-RLVR_aligned
emphysema,emphysema,0.66015625,1,Qwen2.5-7B-Instruct-RLVR_aligned
emphysema,emphysema,0.94921875,1,Qwen2.5-7B-Instruct-RLVR_aligned
emphysema,emphysema,0.99609375,1,Qwen2.5-7B-Instruct-RLVR_aligned
cardiomegaly,cardiomegaly,0.296875,0,Qwen2.5-7B-Instruct-RLVR_aligned
cardiomegaly,cardiomegaly,0.96875,0,Qwen2.5-7B-Instruct-RLVR_aligned
cardiomegaly,cardiomegaly,0.99609375,0,Qwen2.5-7B-Instruct-RLVR_aligned
cardiomegaly,cardiomegaly,0.98828125,0,Qwen2.5-7B-Instruct-RLVR_aligned
cardiomegaly,cardiomegaly,0.1982421875,0,Qwen2.5-7B-Instruct-RLVR_aligned
normal,normal,1.0,0,Qwen2.5-7B-Instruct-RLVR_aligned
indwelling catheter,inserted tube,0.205078125,0,Qwen2.5-7B-Instruct-RLVR_aligned
indwelling catheter,inserted tube,0.59765625,0,Qwen2.5-7B-Instruct-RLVR_aligned
indwelling catheter,inserted tube,0.25,0,Qwen2.5-7B-Instruct-RLVR_aligned
degenerative change in spine,indwelling catheter,0.380859375,0,Qwen2.5-7B-Instruct-RLVR_aligned
degenerative change in spine,indwelling catheter,0.734375,0,Qwen2.5-7B-Instruct-RLVR_aligned
degenerative change in spine,indwelling catheter,0.369140625,0,Qwen2.5-7B-Instruct-RLVR_aligned
degenerative change in spine,indwelling catheter,0.3359375,0,Qwen2.5-7B-Instruct-RLVR_aligned
degenerative change in spine,indwelling catheter,0.87890625,1,Qwen2.5-7B-Instruct-RLVR_aligned
normal,normal,1.0,0,Qwen2.5-7B-Instruct-RLVR_aligned
normal,normal,1.0,0,Qwen2.5-7B-Instruct-RLVR_aligned
calcinosis,cicatrix,0.130859375,0,Qwen2.5-7B-Instruct-RLVR_aligned
calcinosis,cicatrix,0.1875,0,Qwen2.5-7B-Instruct-RLVR_aligned
calcinosis,cicatrix,0.5703125,0,Qwen2.5-7B-Instruct-RLVR_aligned
fractures bone,"fractures, bone",0.1328125,0,Qwen2.5-7B-Instruct-RLVR_aligned
fractures bone,"fractures, bone",1.0,1,Qwen2.5-7B-Instruct-RLVR_aligned
fractures bone,"fractures, bone",0.90234375,1,Qwen2.5-7B-Instruct-RLVR_aligned
fractures bone,"fractures, bone",0.83203125,0,Qwen2.5-7B-Instruct-RLVR_aligned
fractures bone,"fractures, bone",0.171875,0,Qwen2.5-7B-Instruct-RLVR_aligned
normal,normal,1.0,0,Qwen2.5-7B-Instruct-RLVR_aligned
pulmonary atelectasis,pulmonary atelectasis,0.1748046875,0,Qwen2.5-7B-Instruct-RLVR_aligned
pulmonary atelectasis,pulmonary atelectasis,1.0,1,Qwen2.5-7B-Instruct-RLVR_aligned
pulmonary atelectasis,pulmonary atelectasis,1.0,1,Qwen2.5-7B-Instruct-RLVR_aligned
pulmonary atelectasis,pulmonary atelectasis,0.52734375,1,Qwen2.5-7B-Instruct-RLVR_aligned
pulmonary atelectasis,pulmonary atelectasis,0.99609375,1,Qwen2.5-7B-Instruct-RLVR_aligned
pulmonary atelectasis,pulmonary atelectasis,0.99609375,1,Qwen2.5-7B-Instruct-RLVR_aligned
normal,normal,1.0,0,Qwen2.5-7B-Instruct-RLVR_aligned
degenerative change in thoracic,degenerative change in thoracic vertebrae,0.95703125,0,Qwen2.5-7B-Instruct-RLVR_aligned
degenerative change in thoracic,degenerative change in thoracic vertebrae,0.7578125,1,Qwen2.5-7B-Instruct-RLVR_aligned
degenerative change in thoracic,degenerative change in thoracic vertebrae,1.0,1,Qwen2.5-7B-Instruct-RLVR_aligned
degenerative change in thoracic,degenerative change in thoracic vertebrae,0.93359375,1,Qwen2.5-7B-Instruct-RLVR_aligned
degenerative change in thoracic,degenerative change in thoracic vertebrae,0.99609375,1,Qwen2.5-7B-Instruct-RLVR_aligned
degenerative change in thoracic,degenerative change in thoracic vertebrae,0.96484375,1,Qwen2.5-7B-Instruct-RLVR_aligned
degenerative change in thoracic,degenerative change in thoracic vertebrae,1.0,1,Qwen2.5-7B-Instruct-RLVR_aligned
degenerative change in thoracic,degenerative change in thoracic vertebrae,0.78515625,0,Qwen2.5-7B-Instruct-RLVR_aligned
degenerative change in thoracic,degenerative change in thoracic vertebrae,0.96484375,1,Qwen2.5-7B-Instruct-RLVR_aligned
degenerative change in thoracic,degenerative change in thoracic vertebrae,0.98046875,1,Qwen2.5-7B-Instruct-RLVR_aligned
pleural effusion,calcified granuloma,0.279296875,0,Qwen2.5-7B-Instruct-RLVR_aligned
pleural effusion,calcified granuloma,0.4609375,1,Qwen2.5-7B-Instruct-RLVR_aligned
pleural effusion,calcified granuloma,0.59765625,1,Qwen2.5-7B-Instruct-RLVR_aligned
pleural effusion,calcified granuloma,1.0,1,Qwen2.5-7B-Instruct-RLVR_aligned
pleural effusion,calcified granuloma,0.71875,1,Qwen2.5-7B-Instruct-RLVR_aligned
normal,normal,1.0,0,Qwen2.5-7B-Instruct-RLVR_aligned
normal,normal,1.0,0,Qwen2.5-7B-Instruct-RLVR_aligned
normal,normal,1.0,0,Qwen2.5-7B-Instruct-RLVR_aligned
pulmonary atelectasis,pulmonary atelectasis,0.1748046875,0,Qwen2.5-7B-Instruct-RLVR_aligned
pulmonary atelectasis,pulmonary atelectasis,1.0,1,Qwen2.5-7B-Instruct-RLVR_aligned
pulmonary atelectasis,pulmonary atelectasis,1.0,1,Qwen2.5-7B-Instruct-RLVR_aligned
pulmonary atelectasis,pulmonary atelectasis,0.52734375,1,Qwen2.5-7B-Instruct-RLVR_aligned
pulmonary atelectasis,pulmonary atelectasis,0.99609375,1,Qwen2.5-7B-Instruct-RLVR_aligned
pulmonary atelectasis,pulmonary atelectasis,0.99609375,1,Qwen2.5-7B-Instruct-RLVR_aligned
pulmonary edema,pneumothorax,0.99609375,0,Qwen2.5-7B-Instruct-RLVR_aligned
pulmonary edema,pneumothorax,1.0,0,Qwen2.5-7B-Instruct-RLVR_aligned
pulmonary edema,pneumothorax,0.486328125,0,Qwen2.5-7B-Instruct-RLVR_aligned
pulmonary edema,pneumothorax,1.0,0,Qwen2.5-7B-Instruct-RLVR_aligned
pulmonary edema,pneumothorax,1.0,0,Qwen2.5-7B-Instruct-RLVR_aligned
pulmonary edema,pneumothorax,0.31640625,0,Qwen2.5-7B-Instruct-RLVR_aligned
normal,normal,1.0,0,Qwen2.5-7B-Instruct-RLVR_aligned
cardiomegaly,normal,0.28125,0,Qwen2.5-7B-Instruct-RLVR_aligned
normal,normal,1.0,0,Qwen2.5-7B-Instruct-RLVR_aligned
normal,normal,1.0,0,Qwen2.5-7B-Instruct-RLVR_aligned
osteophyte,osteophyte,0.8046875,0,Qwen2.5-7B-Instruct-RLVR_aligned
osteophyte,osteophyte,0.765625,1,Qwen2.5-7B-Instruct-RLVR_aligned
osteophyte,osteophyte,0.9609375,1,Qwen2.5-7B-Instruct-RLVR_aligned
pulmonary edema,pulmonary edema,0.99609375,0,Qwen2.5-7B-Instruct-RLVR_aligned
pulmonary edema,pulmonary edema,1.0,0,Qwen2.5-7B-Instruct-RLVR_aligned
pulmonary edema,pulmonary edema,0.94921875,0,Qwen2.5-7B-Instruct-RLVR_aligned
pulmonary edema,pulmonary edema,1.0,0,Qwen2.5-7B-Instruct-RLVR_aligned
pulmonary edema,pulmonary edema,0.97265625,0,Qwen2.5-7B-Instruct-RLVR_aligned
normal,normal,1.0,0,Qwen2.5-7B-Instruct-RLVR_aligned
normal,normal,1.0,0,Qwen2.5-7B-Instruct-RLVR_aligned
atherosclerosis,atherosclerosis,0.296875,0,Qwen2.5-7B-Instruct-RLVR_aligned
atherosclerosis,atherosclerosis,0.9609375,1,Qwen2.5-7B-Instruct-RLVR_aligned
atherosclerosis,atherosclerosis,0.984375,1,Qwen2.5-7B-Instruct-RLVR_aligned
calcified granuloma,calcified granuloma,0.9609375,0,Qwen2.5-7B-Instruct-RLVR_aligned
calcified granuloma,calcified granuloma,0.703125,0,Qwen2.5-7B-Instruct-RLVR_aligned
calcified granuloma,calcified granuloma,0.9921875,0,Qwen2.5-7B-Instruct-RLVR_aligned
calcified granuloma,calcified granuloma,0.55078125,0,Qwen2.5-7B-Instruct-RLVR_aligned
calcified granuloma,calcified granuloma,0.99609375,0,Qwen2.5-7B-Instruct-RLVR_aligned
normal,normal,1.0,0,Qwen2.5-7B-Instruct-RLVR_aligned
normal,normal,1.0,0,Qwen2.5-7B-Instruct-RLVR_aligned
normal,normal,1.0,0,Qwen2.5-7B-Instruct-RLVR_aligned
arthritis,arthritis,0.1650390625,0,Qwen2.5-7B-Instruct-RLVR_aligned
arthritis,arthritis,0.99609375,1,Qwen2.5-7B-Instruct-RLVR_aligned
calcinosis,round opacity in density,0.494140625,0,Qwen2.5-7B-Instruct-RLVR_aligned
calcinosis,round opacity in density,0.3515625,0,Qwen2.5-7B-Instruct-RLVR_aligned
calcinosis,round opacity in density,0.875,1,Qwen2.5-7B-Instruct-RLVR_aligned
calcinosis,round opacity in density,0.96484375,0,Qwen2.5-7B-Instruct-RLVR_aligned
atherosclerosis,cardiomegaly,1.0,0,Qwen2.5-7B-Instruct-RLVR_aligned
atherosclerosis,cardiomegaly,0.15234375,0,Qwen2.5-7B-Instruct-RLVR_aligned
atherosclerosis,cardiomegaly,0.373046875,0,Qwen2.5-7B-Instruct-RLVR_aligned
atherosclerosis,cardiomegaly,0.34375,0,Qwen2.5-7B-Instruct-RLVR_aligned
atherosclerosis,cardiomegaly,1.0,0,Qwen2.5-7B-Instruct-RLVR_aligned
normal,normal,1.0,0,Qwen2.5-7B-Instruct-RLVR_aligned
normal,normal,1.0,0,Qwen2.5-7B-Instruct-RLVR_aligned
cardiomegaly,cardiomegaly,0.296875,0,Qwen2.5-7B-Instruct-RLVR_aligned
cardiomegaly,cardiomegaly,0.96875,0,Qwen2.5-7B-Instruct-RLVR_aligned
cardiomegaly,cardiomegaly,0.99609375,0,Qwen2.5-7B-Instruct-RLVR_aligned
cardiomegaly,cardiomegaly,0.98828125,0,Qwen2.5-7B-Instruct-RLVR_aligned
cardiomegaly,cardiomegaly,0.1982421875,0,Qwen2.5-7B-Instruct-RLVR_aligned
normal,normal,1.0,0,Qwen2.5-7B-Instruct-RLVR_aligned
atherosclerosis,atherosclerosis,0.296875,0,Qwen2.5-7B-Instruct-RLVR_aligned
atherosclerosis,atherosclerosis,0.9609375,1,Qwen2.5-7B-Instruct-RLVR_aligned
atherosclerosis,atherosclerosis,0.984375,1,Qwen2.5-7B-Instruct-RLVR_aligned
normal,normal,1.0,0,Qwen2.5-7B-Instruct-RLVR_aligned
normal,normal,1.0,0,Qwen2.5-7B-Instruct-RLVR_aligned
small opacity in calcified,small opacity in calcified granuloma,0.7265625,0,Qwen2.5-7B-Instruct-RLVR_aligned
small opacity in calcified,small opacity in calcified granuloma,0.8203125,0,Qwen2.5-7B-Instruct-RLVR_aligned
small opacity in calcified,small opacity in calcified granuloma,1.0,1,Qwen2.5-7B-Instruct-RLVR_aligned
small opacity in calcified,small opacity in calcified granuloma,0.7265625,1,Qwen2.5-7B-Instruct-RLVR_aligned
small opacity in calcified,small opacity in calcified granuloma,1.0,1,Qwen2.5-7B-Instruct-RLVR_aligned
small opacity in calcified,small opacity in calcified granuloma,0.70703125,1,Qwen2.5-7B-Instruct-RLVR_aligned
small opacity in calcified,small opacity in calcified granuloma,1.0,1,Qwen2.5-7B-Instruct-RLVR_aligned
small opacity in calcified,small opacity in calcified granuloma,0.953125,0,Qwen2.5-7B-Instruct-RLVR_aligned
pulmonary disease chronic obstructive,emphysema,0.68359375,0,Qwen2.5-7B-Instruct-RLVR_aligned
pulmonary disease chronic obstructive,emphysema,0.99609375,1,Qwen2.5-7B-Instruct-RLVR_aligned
pulmonary disease chronic obstructive,emphysema,0.9140625,1,Qwen2.5-7B-Instruct-RLVR_aligned
pulmonary disease chronic obstructive,emphysema,1.0,1,Qwen2.5-7B-Instruct-RLVR_aligned
pulmonary atelectasis,pulmonary atelectasis,0.1748046875,0,Qwen2.5-7B-Instruct-RLVR_aligned
pulmonary atelectasis,pulmonary atelectasis,1.0,1,Qwen2.5-7B-Instruct-RLVR_aligned
pulmonary atelectasis,pulmonary atelectasis,1.0,1,Qwen2.5-7B-Instruct-RLVR_aligned
pulmonary atelectasis,pulmonary atelectasis,0.52734375,1,Qwen2.5-7B-Instruct-RLVR_aligned
pulmonary atelectasis,pulmonary atelectasis,0.99609375,1,Qwen2.5-7B-Instruct-RLVR_aligned
pulmonary atelectasis,pulmonary atelectasis,0.99609375,1,Qwen2.5-7B-Instruct-RLVR_aligned
normal,normal,1.0,0,Qwen2.5-7B-Instruct-RLVR_aligned
normal,normal,1.0,0,Qwen2.5-7B-Instruct-RLVR_aligned
calcinosis,cicatrix,0.130859375,0,Qwen2.5-7B-Instruct-RLVR_aligned
calcinosis,cicatrix,0.1875,0,Qwen2.5-7B-Instruct-RLVR_aligned
calcinosis,cicatrix,0.5703125,0,Qwen2.5-7B-Instruct-RLVR_aligned
normal,normal,1.0,0,Qwen2.5-7B-Instruct-RLVR_aligned
scoliosis thoracic vertebra,scoliosis,0.27734375,0,Qwen2.5-7B-Instruct-RLVR_aligned
scoliosis thoracic vertebra,scoliosis,0.984375,0,Qwen2.5-7B-Instruct-RLVR_aligned
scoliosis thoracic vertebra,scoliosis,0.478515625,0,Qwen2.5-7B-Instruct-RLVR_aligned
normal,normal,1.0,0,Qwen2.5-7B-Instruct-RLVR_aligned
copd,bronchitis,0.0732421875,0,Qwen2.5-7B-Instruct-RLVR_aligned
copd,bronchitis,0.345703125,1,Qwen2.5-7B-Instruct-RLVR_aligned
copd,bronchitis,0.392578125,0,Qwen2.5-7B-Instruct-RLVR_aligned
tortuous vessel in aorta,pulmonary atelectasis,0.7109375,0,Qwen2.5-7B-Instruct-RLVR_aligned
tortuous vessel in aorta,pulmonary atelectasis,0.419921875,0,Qwen2.5-7B-Instruct-RLVR_aligned
tortuous vessel in aorta,pulmonary atelectasis,1.0,1,Qwen2.5-7B-Instruct-RLVR_aligned
tortuous vessel in aorta,pulmonary atelectasis,0.54296875,0,Qwen2.5-7B-Instruct-RLVR_aligned
tortuous vessel in aorta,pulmonary atelectasis,1.0,0,Qwen2.5-7B-Instruct-RLVR_aligned
tortuous vessel in aorta,pulmonary atelectasis,1.0,1,Qwen2.5-7B-Instruct-RLVR_aligned
normal,normal,1.0,0,Qwen2.5-7B-Instruct-RLVR_aligned
nodule indeterminate,bilateral abnormality in medical device,0.2158203125,0,Qwen2.5-7B-Instruct-RLVR_aligned
nodule indeterminate,bilateral abnormality in medical device,0.70703125,0,Qwen2.5-7B-Instruct-RLVR_aligned
nodule indeterminate,bilateral abnormality in medical device,0.1123046875,0,Qwen2.5-7B-Instruct-RLVR_aligned
nodule indeterminate,bilateral abnormality in medical device,0.90234375,1,Qwen2.5-7B-Instruct-RLVR_aligned
nodule indeterminate,bilateral abnormality in medical device,0.5625,1,Qwen2.5-7B-Instruct-RLVR_aligned
nodule indeterminate,bilateral abnormality in medical device,0.98046875,0,Qwen2.5-7B-Instruct-RLVR_aligned
nodule indeterminate,bilateral abnormality in medical device,0.392578125,0,Qwen2.5-7B-Instruct-RLVR_aligned
normal,normal,1.0,0,Qwen2.5-7B-Instruct-RLVR_aligned
normal,normal,1.0,0,Qwen2.5-7B-Instruct-RLVR_aligned
pulmonary atelectasis,pulmonary atelectasis,0.1748046875,0,Qwen2.5-7B-Instruct-RLVR_aligned
pulmonary atelectasis,pulmonary atelectasis,1.0,1,Qwen2.5-7B-Instruct-RLVR_aligned
pulmonary atelectasis,pulmonary atelectasis,1.0,1,Qwen2.5-7B-Instruct-RLVR_aligned
pulmonary atelectasis,pulmonary atelectasis,0.52734375,1,Qwen2.5-7B-Instruct-RLVR_aligned
pulmonary atelectasis,pulmonary atelectasis,0.99609375,1,Qwen2.5-7B-Instruct-RLVR_aligned
pulmonary atelectasis,pulmonary atelectasis,0.99609375,1,Qwen2.5-7B-Instruct-RLVR_aligned
normal,normal,1.0,0,Qwen2.5-7B-Instruct-RLVR_aligned
normal,normal,1.0,0,Qwen2.5-7B-Instruct-RLVR_aligned
normal,normal,1.0,0,Qwen2.5-7B-Instruct-RLVR_aligned
calcified granuloma,calcified granuloma,0.9609375,0,Qwen2.5-7B-Instruct-RLVR_aligned
calcified granuloma,calcified granuloma,0.703125,0,Qwen2.5-7B-Instruct-RLVR_aligned
calcified granuloma,calcified granuloma,0.9921875,0,Qwen2.5-7B-Instruct-RLVR_aligned
calcified granuloma,calcified granuloma,0.55078125,0,Qwen2.5-7B-Instruct-RLVR_aligned
calcified granuloma,calcified granuloma,0.99609375,0,Qwen2.5-7B-Instruct-RLVR_aligned
normal,normal,1.0,0,Qwen2.5-7B-Instruct-RLVR_aligned
osteophyte,osteophyte,0.8046875,0,Qwen2.5-7B-Instruct-RLVR_aligned
osteophyte,osteophyte,0.765625,1,Qwen2.5-7B-Instruct-RLVR_aligned
osteophyte,osteophyte,0.9609375,1,Qwen2.5-7B-Instruct-RLVR_aligned
tortuous vessel in aorta,tortuous vessel in aorta,0.7109375,0,Qwen2.5-7B-Instruct-RLVR_aligned
tortuous vessel in aorta,tortuous vessel in aorta,0.06494140625,0,Qwen2.5-7B-Instruct-RLVR_aligned
tortuous vessel in aorta,tortuous vessel in aorta,1.0,1,Qwen2.5-7B-Instruct-RLVR_aligned
tortuous vessel in aorta,tortuous vessel in aorta,0.859375,1,Qwen2.5-7B-Instruct-RLVR_aligned
tortuous vessel in aorta,tortuous vessel in aorta,1.0,1,Qwen2.5-7B-Instruct-RLVR_aligned
tortuous vessel in aorta,tortuous vessel in aorta,0.91015625,1,Qwen2.5-7B-Instruct-RLVR_aligned
tortuous vessel in aorta,tortuous vessel in aorta,0.98828125,1,Qwen2.5-7B-Instruct-RLVR_aligned
bilateral abnormality in costophren,surgical instruments,0.486328125,0,Qwen2.5-7B-Instruct-RLVR_aligned
bilateral abnormality in costophren,surgical instruments,0.1650390625,0,Qwen2.5-7B-Instruct-RLVR_aligned
bilateral abnormality in costophren,surgical instruments,0.341796875,0,Qwen2.5-7B-Instruct-RLVR_aligned
calcinosis,calcinosis,0.23828125,0,Qwen2.5-7B-Instruct-RLVR_aligned
calcinosis,calcinosis,0.08837890625,0,Qwen2.5-7B-Instruct-RLVR_aligned
calcinosis,calcinosis,0.1953125,0,Qwen2.5-7B-Instruct-RLVR_aligned
cicatrix,cicatrix,0.189453125,0,Qwen2.5-7B-Instruct-RLVR_aligned
cicatrix,cicatrix,0.142578125,0,Qwen2.5-7B-Instruct-RLVR_aligned
cicatrix,cicatrix,0.98828125,1,Qwen2.5-7B-Instruct-RLVR_aligned
normal,normal,1.0,0,Qwen2.5-7B-Instruct-RLVR_aligned
pulmonary atelectasis,pulmonary atelectasis,0.1748046875,0,Qwen2.5-7B-Instruct-RLVR_aligned
pulmonary atelectasis,pulmonary atelectasis,1.0,1,Qwen2.5-7B-Instruct-RLVR_aligned
pulmonary atelectasis,pulmonary atelectasis,1.0,1,Qwen2.5-7B-Instruct-RLVR_aligned
pulmonary atelectasis,pulmonary atelectasis,0.52734375,1,Qwen2.5-7B-Instruct-RLVR_aligned
pulmonary atelectasis,pulmonary atelectasis,0.99609375,1,Qwen2.5-7B-Instruct-RLVR_aligned
pulmonary atelectasis,pulmonary atelectasis,0.99609375,1,Qwen2.5-7B-Instruct-RLVR_aligned
normal,normal,1.0,0,Qwen2.5-7B-Instruct-RLVR_aligned
implanted medical device,medical device in thorax,0.28515625,0,Qwen2.5-7B-Instruct-RLVR_aligned
implanted medical device,medical device in thorax,0.1943359375,0,Qwen2.5-7B-Instruct-RLVR_aligned
implanted medical device,medical device in thorax,0.99609375,0,Qwen2.5-7B-Instruct-RLVR_aligned
implanted medical device,medical device in thorax,0.66015625,0,Qwen2.5-7B-Instruct-RLVR_aligned
implanted medical device,medical device in thorax,0.23046875,0,Qwen2.5-7B-Instruct-RLVR_aligned
normal,normal,1.0,0,Qwen2.5-7B-Instruct-RLVR_aligned
normal,normal,1.0,0,Qwen2.5-7B-Instruct-RLVR_aligned
foreign bodies,surgical instruments,0.5234375,0,Qwen2.5-7B-Instruct-RLVR_aligned
foreign bodies,surgical instruments,0.08203125,0,Qwen2.5-7B-Instruct-RLVR_aligned
foreign bodies,surgical instruments,0.07177734375,0,Qwen2.5-7B-Instruct-RLVR_aligned
lung hypoinflation in lung,lung hypoinflation in lung,0.2041015625,0,Qwen2.5-7B-Instruct-RLVR_aligned
lung hypoinflation in lung,lung hypoinflation in lung,0.96875,1,Qwen2.5-7B-Instruct-RLVR_aligned
lung hypoinflation in lung,lung hypoinflation in lung,1.0,1,Qwen2.5-7B-Instruct-RLVR_aligned
lung hypoinflation in lung,lung hypoinflation in lung,1.0,1,Qwen2.5-7B-Instruct-RLVR_aligned
lung hypoinflation in lung,lung hypoinflation in lung,0.47265625,1,Qwen2.5-7B-Instruct-RLVR_aligned
lung hypoinflation in lung,lung hypoinflation in lung,0.94140625,1,Qwen2.5-7B-Instruct-RLVR_aligned
spondylosis,spondylosis,0.93359375,0,Qwen2.5-7B-Instruct-RLVR_aligned
spondylosis,spondylosis,0.98828125,0,Qwen2.5-7B-Instruct-RLVR_aligned
spondylosis,spondylosis,0.96875,0,Qwen2.5-7B-Instruct-RLVR_aligned
spondylosis,spondylosis,0.9921875,0,Qwen2.5-7B-Instruct-RLVR_aligned
spondylosis,spondylosis,0.166015625,0,Qwen2.5-7B-Instruct-RLVR_aligned
osteophyte,osteophyte,0.8046875,0,Qwen2.5-7B-Instruct-RLVR_aligned
osteophyte,osteophyte,0.765625,1,Qwen2.5-7B-Instruct-RLVR_aligned
osteophyte,osteophyte,0.9609375,1,Qwen2.5-7B-Instruct-RLVR_aligned
normal,normal,1.0,0,Qwen2.5-7B-Instruct-RLVR_aligned
cardiomegaly,cardiomegaly,0.296875,0,Qwen2.5-7B-Instruct-RLVR_aligned
cardiomegaly,cardiomegaly,0.96875,0,Qwen2.5-7B-Instruct-RLVR_aligned
cardiomegaly,cardiomegaly,0.99609375,0,Qwen2.5-7B-Instruct-RLVR_aligned
cardiomegaly,cardiomegaly,0.98828125,0,Qwen2.5-7B-Instruct-RLVR_aligned
cardiomegaly,cardiomegaly,0.1982421875,0,Qwen2.5-7B-Instruct-RLVR_aligned
calcified granuloma,calcified granuloma,0.9609375,0,Qwen2.5-7B-Instruct-RLVR_aligned
calcified granuloma,calcified granuloma,0.703125,0,Qwen2.5-7B-Instruct-RLVR_aligned
calcified granuloma,calcified granuloma,0.9921875,0,Qwen2.5-7B-Instruct-RLVR_aligned
calcified granuloma,calcified granuloma,0.55078125,0,Qwen2.5-7B-Instruct-RLVR_aligned
calcified granuloma,calcified granuloma,0.99609375,0,Qwen2.5-7B-Instruct-RLVR_aligned
cardiomegaly,cardiomegaly,0.296875,0,Qwen2.5-7B-Instruct-RLVR_aligned
cardiomegaly,cardiomegaly,0.96875,0,Qwen2.5-7B-Instruct-RLVR_aligned
cardiomegaly,cardiomegaly,0.99609375,0,Qwen2.5-7B-Instruct-RLVR_aligned
cardiomegaly,cardiomegaly,0.98828125,0,Qwen2.5-7B-Instruct-RLVR_aligned
cardiomegaly,cardiomegaly,0.1982421875,0,Qwen2.5-7B-Instruct-RLVR_aligned
normal,normal,1.0,0,Qwen2.5-7B-Instruct-RLVR_aligned
pleural effusion,pulmonary atelectasis,0.279296875,0,Qwen2.5-7B-Instruct-RLVR_aligned
pleural effusion,pulmonary atelectasis,0.37890625,0,Qwen2.5-7B-Instruct-RLVR_aligned
pleural effusion,pulmonary atelectasis,1.0,1,Qwen2.5-7B-Instruct-RLVR_aligned
pleural effusion,pulmonary atelectasis,0.66015625,0,Qwen2.5-7B-Instruct-RLVR_aligned
pleural effusion,pulmonary atelectasis,0.9921875,1,Qwen2.5-7B-Instruct-RLVR_aligned
pleural effusion,pulmonary atelectasis,0.625,1,Qwen2.5-7B-Instruct-RLVR_aligned
cicatrix,cicatrix,0.189453125,0,Qwen2.5-7B-Instruct-RLVR_aligned
cicatrix,cicatrix,0.142578125,0,Qwen2.5-7B-Instruct-RLVR_aligned
cicatrix,cicatrix,0.98828125,1,Qwen2.5-7B-Instruct-RLVR_aligned
segmental pneumonia in lung,airspace disease,0.1904296875,0,Qwen2.5-7B-Instruct-RLVR_aligned
segmental pneumonia in lung,airspace disease,0.2216796875,1,Qwen2.5-7B-Instruct-RLVR_aligned
segmental pneumonia in lung,airspace disease,0.380859375,0,Qwen2.5-7B-Instruct-RLVR_aligned
indwelling catheter,surgical instruments,0.232421875,0,Qwen2.5-7B-Instruct-RLVR_aligned
indwelling catheter,surgical instruments,0.205078125,0,Qwen2.5-7B-Instruct-RLVR_aligned
indwelling catheter,surgical instruments,0.2421875,0,Qwen2.5-7B-Instruct-RLVR_aligned
normal,normal,1.0,0,Qwen2.5-7B-Instruct-RLVR_aligned
normal,normal,1.0,0,Qwen2.5-7B-Instruct-RLVR_aligned
normal,normal,1.0,0,Qwen2.5-7B-Instruct-RLVR_aligned
normal,normal,1.0,0,Qwen2.5-7B-Instruct-RLVR_aligned
lung hyperdistention in lung,lung hyperdistention in lung,0.2080078125,0,Qwen2.5-7B-Instruct-RLVR_aligned
lung hyperdistention in lung,lung hyperdistention in lung,0.337890625,1,Qwen2.5-7B-Instruct-RLVR_aligned
lung hyperdistention in lung,lung hyperdistention in lung,0.76953125,1,Qwen2.5-7B-Instruct-RLVR_aligned
lung hyperdistention in lung,lung hyperdistention in lung,0.953125,1,Qwen2.5-7B-Instruct-RLVR_aligned
lung hyperdistention in lung,lung hyperdistention in lung,0.81640625,1,Qwen2.5-7B-Instruct-RLVR_aligned
lung hyperdistention in lung,lung hyperdistention in lung,0.91015625,1,Qwen2.5-7B-Instruct-RLVR_aligned
normal,normal,1.0,0,Qwen2.5-7B-Instruct-RLVR_aligned
normal,normal,1.0,0,Qwen2.5-7B-Instruct-RLVR_aligned
normal,pneumonia,1.0,0,Qwen2.5-7B-Instruct-RLVR_aligned
normal,pneumonia,0.44921875,0,Qwen2.5-7B-Instruct-RLVR_aligned
normal,pneumonia,0.99609375,1,Qwen2.5-7B-Instruct-RLVR_aligned
normal,pneumonia,0.30859375,1,Qwen2.5-7B-Instruct-RLVR_aligned
calcinosis,calcinosis,0.23828125,0,Qwen2.5-7B-Instruct-RLVR_aligned
calcinosis,calcinosis,0.08837890625,0,Qwen2.5-7B-Instruct-RLVR_aligned
calcinosis,calcinosis,0.1953125,0,Qwen2.5-7B-Instruct-RLVR_aligned
small opacity in calcified,small opacity in calcified granuloma,0.7265625,0,Qwen2.5-7B-Instruct-RLVR_aligned
small opacity in calcified,small opacity in calcified granuloma,0.8203125,0,Qwen2.5-7B-Instruct-RLVR_aligned
small opacity in calcified,small opacity in calcified granuloma,1.0,1,Qwen2.5-7B-Instruct-RLVR_aligned
small opacity in calcified,small opacity in calcified granuloma,0.7265625,1,Qwen2.5-7B-Instruct-RLVR_aligned
small opacity in calcified,small opacity in calcified granuloma,1.0,1,Qwen2.5-7B-Instruct-RLVR_aligned
small opacity in calcified,small opacity in calcified granuloma,0.70703125,1,Qwen2.5-7B-Instruct-RLVR_aligned
small opacity in calcified,small opacity in calcified granuloma,1.0,1,Qwen2.5-7B-Instruct-RLVR_aligned
small opacity in calcified,small opacity in calcified granuloma,0.953125,0,Qwen2.5-7B-Instruct-RLVR_aligned
pulmonary atelectasis,pulmonary atelectasis,0.1748046875,0,Qwen2.5-7B-Instruct-RLVR_aligned
pulmonary atelectasis,pulmonary atelectasis,1.0,1,Qwen2.5-7B-Instruct-RLVR_aligned
pulmonary atelectasis,pulmonary atelectasis,1.0,1,Qwen2.5-7B-Instruct-RLVR_aligned
pulmonary atelectasis,pulmonary atelectasis,0.52734375,1,Qwen2.5-7B-Instruct-RLVR_aligned
pulmonary atelectasis,pulmonary atelectasis,0.99609375,1,Qwen2.5-7B-Instruct-RLVR_aligned
pulmonary atelectasis,pulmonary atelectasis,0.99609375,1,Qwen2.5-7B-Instruct-RLVR_aligned
normal,normal,1.0,0,Qwen2.5-7B-Instruct-RLVR_aligned
calcinosis,calcinosis,0.23828125,0,Qwen2.5-7B-Instruct-RLVR_aligned
calcinosis,calcinosis,0.08837890625,0,Qwen2.5-7B-Instruct-RLVR_aligned
calcinosis,calcinosis,0.1953125,0,Qwen2.5-7B-Instruct-RLVR_aligned
indwelling catheter,indwelling catheter,0.2099609375,0,Qwen2.5-7B-Instruct-RLVR_aligned
indwelling catheter,indwelling catheter,0.99609375,1,Qwen2.5-7B-Instruct-RLVR_aligned
indwelling catheter,indwelling catheter,1.0,1,Qwen2.5-7B-Instruct-RLVR_aligned
indwelling catheter,indwelling catheter,0.7734375,1,Qwen2.5-7B-Instruct-RLVR_aligned
indwelling catheter,indwelling catheter,1.0,1,Qwen2.5-7B-Instruct-RLVR_aligned
pulmonary nodule,bilateral abnormality in nodule,0.2177734375,0,Qwen2.5-7B-Instruct-RLVR_aligned
pulmonary nodule,bilateral abnormality in nodule,0.8203125,1,Qwen2.5-7B-Instruct-RLVR_aligned
pulmonary nodule,bilateral abnormality in nodule,0.2734375,0,Qwen2.5-7B-Instruct-RLVR_aligned
pulmonary nodule,bilateral abnormality in nodule,0.87109375,1,Qwen2.5-7B-Instruct-RLVR_aligned
pulmonary nodule,bilateral abnormality in nodule,0.75,1,Qwen2.5-7B-Instruct-RLVR_aligned
pulmonary nodule,bilateral abnormality in nodule,0.875,0,Qwen2.5-7B-Instruct-RLVR_aligned
pulmonary nodule,bilateral abnormality in nodule,1.0,1,Qwen2.5-7B-Instruct-RLVR_aligned
normal,normal,1.0,0,Qwen2.5-7B-Instruct-RLVR_aligned
normal,normal,1.0,0,Qwen2.5-7B-Instruct-RLVR_aligned
normal,normal,1.0,0,Qwen2.5-7B-Instruct-RLVR_aligned
normal,normal,1.0,0,Qwen2.5-7B-Instruct-RLVR_aligned
bilateral abnormality in markings,bilateral abnormality in markings,0.61328125,0,Qwen2.5-7B-Instruct-RLVR_aligned
bilateral abnormality in markings,bilateral abnormality in markings,0.98046875,1,Qwen2.5-7B-Instruct-RLVR_aligned
bilateral abnormality in markings,bilateral abnormality in markings,0.87890625,1,Qwen2.5-7B-Instruct-RLVR_aligned
bilateral abnormality in markings,bilateral abnormality in markings,1.0,1,Qwen2.5-7B-Instruct-RLVR_aligned
bilateral abnormality in markings,bilateral abnormality in markings,0.99609375,1,Qwen2.5-7B-Instruct-RLVR_aligned
bilateral abnormality in markings,bilateral abnormality in markings,0.51171875,1,Qwen2.5-7B-Instruct-RLVR_aligned
normal,normal,1.0,0,Qwen2.5-7B-Instruct-RLVR_aligned
diaphragmatic eventration,diaphragmatic eventration,0.478515625,0,Qwen2.5-7B-Instruct-RLVR_aligned
diaphragmatic eventration,diaphragmatic eventration,0.82421875,1,Qwen2.5-7B-Instruct-RLVR_aligned
diaphragmatic eventration,diaphragmatic eventration,0.99609375,1,Qwen2.5-7B-Instruct-RLVR_aligned
diaphragmatic eventration,diaphragmatic eventration,0.94140625,1,Qwen2.5-7B-Instruct-RLVR_aligned
diaphragmatic eventration,diaphragmatic eventration,1.0,1,Qwen2.5-7B-Instruct-RLVR_aligned
normal,normal,1.0,0,Qwen2.5-7B-Instruct-RLVR_aligned
normal,normal,1.0,0,Qwen2.5-7B-Instruct-RLVR_aligned
normal,normal,1.0,0,Qwen2.5-7B-Instruct-RLVR_aligned
calcinosis,calcinosis,0.23828125,0,Qwen2.5-7B-Instruct-RLVR_aligned
calcinosis,calcinosis,0.08837890625,0,Qwen2.5-7B-Instruct-RLVR_aligned
calcinosis,calcinosis,0.1953125,0,Qwen2.5-7B-Instruct-RLVR_aligned
normal,normal,1.0,0,Qwen2.5-7B-Instruct-RLVR_aligned
bilateral pulmonary disease process,cicatrix,0.306640625,0,Qwen2.5-7B-Instruct-RLVR_aligned
bilateral pulmonary disease process,cicatrix,0.244140625,0,Qwen2.5-7B-Instruct-RLVR_aligned
bilateral pulmonary disease process,cicatrix,0.5859375,1,Qwen2.5-7B-Instruct-RLVR_aligned
cardiomegaly,cardiomegaly,0.296875,0,Qwen2.5-7B-Instruct-RLVR_aligned
cardiomegaly,cardiomegaly,0.96875,0,Qwen2.5-7B-Instruct-RLVR_aligned
cardiomegaly,cardiomegaly,0.99609375,0,Qwen2.5-7B-Instruct-RLVR_aligned
cardiomegaly,cardiomegaly,0.98828125,0,Qwen2.5-7B-Instruct-RLVR_aligned
cardiomegaly,cardiomegaly,0.1982421875,0,Qwen2.5-7B-Instruct-RLVR_aligned
normal,normal,1.0,0,Qwen2.5-7B-Instruct-RLVR_aligned
normal,normal,1.0,0,Qwen2.5-7B-Instruct-RLVR_aligned
normal,normal,1.0,0,Qwen2.5-7B-Instruct-RLVR_aligned
normal,normal,1.0,0,Qwen2.5-7B-Instruct-RLVR_aligned
normal,normal,1.0,0,Qwen2.5-7B-Instruct-RLVR_aligned
hernia hiatal,"hernia, hiatal",0.25,0,Qwen2.5-7B-Instruct-RLVR_aligned
hernia hiatal,"hernia, hiatal",0.99609375,1,Qwen2.5-7B-Instruct-RLVR_aligned
hernia hiatal,"hernia, hiatal",0.99609375,1,Qwen2.5-7B-Instruct-RLVR_aligned
hernia hiatal,"hernia, hiatal",0.26171875,1,Qwen2.5-7B-Instruct-RLVR_aligned
hernia hiatal,"hernia, hiatal",0.2451171875,0,Qwen2.5-7B-Instruct-RLVR_aligned
hernia hiatal,"hernia, hiatal",1.0,1,Qwen2.5-7B-Instruct-RLVR_aligned
normal,normal,1.0,0,Qwen2.5-7B-Instruct-RLVR_aligned
normal,normal,1.0,0,Qwen2.5-7B-Instruct-RLVR_aligned
normal,normal,1.0,0,Qwen2.5-7B-Instruct-RLVR_aligned
lung hypoinflation in lung,lung hypoinflation in lung,0.2041015625,0,Qwen2.5-7B-Instruct-RLVR_aligned
lung hypoinflation in lung,lung hypoinflation in lung,0.96875,1,Qwen2.5-7B-Instruct-RLVR_aligned
lung hypoinflation in lung,lung hypoinflation in lung,1.0,1,Qwen2.5-7B-Instruct-RLVR_aligned
lung hypoinflation in lung,lung hypoinflation in lung,1.0,1,Qwen2.5-7B-Instruct-RLVR_aligned
lung hypoinflation in lung,lung hypoinflation in lung,0.47265625,1,Qwen2.5-7B-Instruct-RLVR_aligned
lung hypoinflation in lung,lung hypoinflation in lung,0.94140625,1,Qwen2.5-7B-Instruct-RLVR_aligned
normal,normal,1.0,0,Qwen2.5-7B-Instruct-RLVR_aligned
normal,normal,1.0,0,Qwen2.5-7B-Instruct-RLVR_aligned
normal,normal,1.0,0,Qwen2.5-7B-Instruct-RLVR_aligned
degenerative change in spine,degenerative change in spine,0.80078125,0,Qwen2.5-7B-Instruct-RLVR_aligned
degenerative change in spine,degenerative change in spine,0.328125,0,Qwen2.5-7B-Instruct-RLVR_aligned
degenerative change in spine,degenerative change in spine,0.9765625,0,Qwen2.5-7B-Instruct-RLVR_aligned
degenerative change in spine,degenerative change in spine,0.5546875,1,Qwen2.5-7B-Instruct-RLVR_aligned
degenerative change in spine,degenerative change in spine,0.99609375,1,Qwen2.5-7B-Instruct-RLVR_aligned
degenerative change in spine,degenerative change in spine,0.7734375,1,Qwen2.5-7B-Instruct-RLVR_aligned
normal,normal,1.0,0,Qwen2.5-7B-Instruct-RLVR_aligned
normal,normal,1.0,0,Qwen2.5-7B-Instruct-RLVR_aligned
degenerative change in cervical,degenerative change in cervical vertebrae,0.96875,0,Qwen2.5-7B-Instruct-RLVR_aligned
degenerative change in cervical,degenerative change in cervical vertebrae,0.828125,1,Qwen2.5-7B-Instruct-RLVR_aligned
degenerative change in cervical,degenerative change in cervical vertebrae,0.99609375,1,Qwen2.5-7B-Instruct-RLVR_aligned
degenerative change in cervical,degenerative change in cervical vertebrae,0.8125,1,Qwen2.5-7B-Instruct-RLVR_aligned
degenerative change in cervical,degenerative change in cervical vertebrae,0.99609375,1,Qwen2.5-7B-Instruct-RLVR_aligned
degenerative change in cervical,degenerative change in cervical vertebrae,0.69140625,0,Qwen2.5-7B-Instruct-RLVR_aligned
degenerative change in cervical,degenerative change in cervical vertebrae,0.7421875,0,Qwen2.5-7B-Instruct-RLVR_aligned
degenerative change in cervical,degenerative change in cervical vertebrae,0.94921875,1,Qwen2.5-7B-Instruct-RLVR_aligned
degenerative change in cervical,degenerative change in cervical vertebrae,0.96875,1,Qwen2.5-7B-Instruct-RLVR_aligned
calcinosis,calcinosis,0.23828125,0,Qwen2.5-7B-Instruct-RLVR_aligned
calcinosis,calcinosis,0.08837890625,0,Qwen2.5-7B-Instruct-RLVR_aligned
calcinosis,calcinosis,0.1953125,0,Qwen2.5-7B-Instruct-RLVR_aligned
bilateral abnormality in nipple,lung hyperdistention in lung,0.318359375,0,Qwen2.5-7B-Instruct-RLVR_aligned
bilateral abnormality in nipple,lung hyperdistention in lung,0.2109375,0,Qwen2.5-7B-Instruct-RLVR_aligned
bilateral abnormality in nipple,lung hyperdistention in lung,0.6953125,0,Qwen2.5-7B-Instruct-RLVR_aligned
bilateral abnormality in nipple,lung hyperdistention in lung,0.9609375,1,Qwen2.5-7B-Instruct-RLVR_aligned
bilateral abnormality in nipple,lung hyperdistention in lung,0.515625,0,Qwen2.5-7B-Instruct-RLVR_aligned
bilateral abnormality in nipple,lung hyperdistention in lung,0.453125,0,Qwen2.5-7B-Instruct-RLVR_aligned
normal,normal,1.0,0,Qwen2.5-7B-Instruct-RLVR_aligned
cardiomegaly,cardiomegaly,0.296875,0,Qwen2.5-7B-Instruct-RLVR_aligned
cardiomegaly,cardiomegaly,0.96875,0,Qwen2.5-7B-Instruct-RLVR_aligned
cardiomegaly,cardiomegaly,0.99609375,0,Qwen2.5-7B-Instruct-RLVR_aligned
cardiomegaly,cardiomegaly,0.98828125,0,Qwen2.5-7B-Instruct-RLVR_aligned
cardiomegaly,cardiomegaly,0.1982421875,0,Qwen2.5-7B-Instruct-RLVR_aligned
degenerative change in thoracic,degenerative change in thoracic vertebrae,0.95703125,0,Qwen2.5-7B-Instruct-RLVR_aligned
degenerative change in thoracic,degenerative change in thoracic vertebrae,0.7578125,1,Qwen2.5-7B-Instruct-RLVR_aligned
degenerative change in thoracic,degenerative change in thoracic vertebrae,1.0,1,Qwen2.5-7B-Instruct-RLVR_aligned
degenerative change in thoracic,degenerative change in thoracic vertebrae,0.93359375,1,Qwen2.5-7B-Instruct-RLVR_aligned
degenerative change in thoracic,degenerative change in thoracic vertebrae,0.99609375,1,Qwen2.5-7B-Instruct-RLVR_aligned
degenerative change in thoracic,degenerative change in thoracic vertebrae,0.96484375,1,Qwen2.5-7B-Instruct-RLVR_aligned
degenerative change in thoracic,degenerative change in thoracic vertebrae,1.0,1,Qwen2.5-7B-Instruct-RLVR_aligned
degenerative change in thoracic,degenerative change in thoracic vertebrae,0.78515625,0,Qwen2.5-7B-Instruct-RLVR_aligned
degenerative change in thoracic,degenerative change in thoracic vertebrae,0.96484375,1,Qwen2.5-7B-Instruct-RLVR_aligned
degenerative change in thoracic,degenerative change in thoracic vertebrae,0.98046875,1,Qwen2.5-7B-Instruct-RLVR_aligned
normal,normal,1.0,0,Qwen2.5-7B-Instruct-RLVR_aligned
normal,normal,1.0,0,Qwen2.5-7B-Instruct-RLVR_aligned
calcinosis,calcinosis,0.23828125,0,Qwen2.5-7B-Instruct-RLVR_aligned
calcinosis,calcinosis,0.08837890625,0,Qwen2.5-7B-Instruct-RLVR_aligned
calcinosis,calcinosis,0.1953125,0,Qwen2.5-7B-Instruct-RLVR_aligned
cicatrix,cicatrix,0.189453125,0,Qwen2.5-7B-Instruct-RLVR_aligned
cicatrix,cicatrix,0.142578125,0,Qwen2.5-7B-Instruct-RLVR_aligned
cicatrix,cicatrix,0.98828125,1,Qwen2.5-7B-Instruct-RLVR_aligned
pulmonary atelectasis,normal,0.18359375,0,Qwen2.5-7B-Instruct-RLVR_aligned
normal,normal,1.0,0,Qwen2.5-7B-Instruct-RLVR_aligned
pectus carinatum,granuloma,0.283203125,0,Qwen2.5-7B-Instruct-RLVR_aligned
pectus carinatum,granuloma,0.94140625,1,Qwen2.5-7B-Instruct-RLVR_aligned
pectus carinatum,granuloma,0.76953125,0,Qwen2.5-7B-Instruct-RLVR_aligned
normal,normal,1.0,0,Qwen2.5-7B-Instruct-RLVR_aligned
normal,normal,1.0,0,Qwen2.5-7B-Instruct-RLVR_aligned
normal,normal,1.0,0,Qwen2.5-7B-Instruct-RLVR_aligned
bilateral calcinosis in granul,bilateral abnormality in calcified granuloma,1.0,0,Qwen2.5-7B-Instruct-RLVR_aligned
bilateral calcinosis in granul,bilateral abnormality in calcified granuloma,0.36328125,0,Qwen2.5-7B-Instruct-RLVR_aligned
bilateral calcinosis in granul,bilateral abnormality in calcified granuloma,0.9765625,0,Qwen2.5-7B-Instruct-RLVR_aligned
bilateral calcinosis in granul,bilateral abnormality in calcified granuloma,0.94921875,1,Qwen2.5-7B-Instruct-RLVR_aligned
bilateral calcinosis in granul,bilateral abnormality in calcified granuloma,0.2421875,0,Qwen2.5-7B-Instruct-RLVR_aligned
bilateral calcinosis in granul,bilateral abnormality in calcified granuloma,0.81640625,0,Qwen2.5-7B-Instruct-RLVR_aligned
bilateral calcinosis in granul,bilateral abnormality in calcified granuloma,0.875,1,Qwen2.5-7B-Instruct-RLVR_aligned
bilateral calcinosis in granul,bilateral abnormality in calcified granuloma,0.66015625,0,Qwen2.5-7B-Instruct-RLVR_aligned
bilateral calcinosis in granul,bilateral abnormality in calcified granuloma,1.0,1,Qwen2.5-7B-Instruct-RLVR_aligned
bilateral calcinosis in granul,bilateral abnormality in calcified granuloma,0.9296875,0,Qwen2.5-7B-Instruct-RLVR_aligned
degenerative change in thoracic,degenerative change in thoracic vertebrae,0.95703125,0,Qwen2.5-7B-Instruct-RLVR_aligned
degenerative change in thoracic,degenerative change in thoracic vertebrae,0.7578125,1,Qwen2.5-7B-Instruct-RLVR_aligned
degenerative change in thoracic,degenerative change in thoracic vertebrae,1.0,1,Qwen2.5-7B-Instruct-RLVR_aligned
degenerative change in thoracic,degenerative change in thoracic vertebrae,0.93359375,1,Qwen2.5-7B-Instruct-RLVR_aligned
degenerative change in thoracic,degenerative change in thoracic vertebrae,0.99609375,1,Qwen2.5-7B-Instruct-RLVR_aligned
degenerative change in thoracic,degenerative change in thoracic vertebrae,0.96484375,1,Qwen2.5-7B-Instruct-RLVR_aligned
degenerative change in thoracic,degenerative change in thoracic vertebrae,1.0,1,Qwen2.5-7B-Instruct-RLVR_aligned
degenerative change in thoracic,degenerative change in thoracic vertebrae,0.78515625,0,Qwen2.5-7B-Instruct-RLVR_aligned
degenerative change in thoracic,degenerative change in thoracic vertebrae,0.96484375,1,Qwen2.5-7B-Instruct-RLVR_aligned
degenerative change in thoracic,degenerative change in thoracic vertebrae,0.98046875,1,Qwen2.5-7B-Instruct-RLVR_aligned
prominent finding in mediastinum,prominent finding in mediastinum,0.98828125,0,Qwen2.5-7B-Instruct-RLVR_aligned
prominent finding in mediastinum,prominent finding in mediastinum,0.70703125,1,Qwen2.5-7B-Instruct-RLVR_aligned
prominent finding in mediastinum,prominent finding in mediastinum,0.96875,1,Qwen2.5-7B-Instruct-RLVR_aligned
prominent finding in mediastinum,prominent finding in mediastinum,1.0,1,Qwen2.5-7B-Instruct-RLVR_aligned
prominent finding in mediastinum,prominent finding in mediastinum,0.9453125,1,Qwen2.5-7B-Instruct-RLVR_aligned
prominent finding in mediastinum,prominent finding in mediastinum,1.0,1,Qwen2.5-7B-Instruct-RLVR_aligned
prominent finding in mediastinum,prominent finding in mediastinum,1.0,1,Qwen2.5-7B-Instruct-RLVR_aligned
prominent finding in mediastinum,prominent finding in mediastinum,0.95703125,1,Qwen2.5-7B-Instruct-RLVR_aligned
cardiomegaly,cardiomegaly,0.296875,0,Qwen2.5-7B-Instruct-RLVR_aligned
cardiomegaly,cardiomegaly,0.96875,0,Qwen2.5-7B-Instruct-RLVR_aligned
cardiomegaly,cardiomegaly,0.99609375,0,Qwen2.5-7B-Instruct-RLVR_aligned
cardiomegaly,cardiomegaly,0.98828125,0,Qwen2.5-7B-Instruct-RLVR_aligned
cardiomegaly,cardiomegaly,0.1982421875,0,Qwen2.5-7B-Instruct-RLVR_aligned
normal,normal,1.0,0,Qwen2.5-7B-Instruct-RLVR_aligned
normal,normal,1.0,0,Qwen2.5-7B-Instruct-RLVR_aligned
pulmonary atelectasis,pulmonary atelectasis,0.1748046875,0,Qwen2.5-7B-Instruct-RLVR_aligned
pulmonary atelectasis,pulmonary atelectasis,1.0,1,Qwen2.5-7B-Instruct-RLVR_aligned
pulmonary atelectasis,pulmonary atelectasis,1.0,1,Qwen2.5-7B-Instruct-RLVR_aligned
pulmonary atelectasis,pulmonary atelectasis,0.52734375,1,Qwen2.5-7B-Instruct-RLVR_aligned
pulmonary atelectasis,pulmonary atelectasis,0.99609375,1,Qwen2.5-7B-Instruct-RLVR_aligned
pulmonary atelectasis,pulmonary atelectasis,0.99609375,1,Qwen2.5-7B-Instruct-RLVR_aligned
cardiomegaly,cardiomegaly,0.296875,0,Qwen2.5-7B-Instruct-RLVR_aligned
cardiomegaly,cardiomegaly,0.96875,0,Qwen2.5-7B-Instruct-RLVR_aligned
cardiomegaly,cardiomegaly,0.99609375,0,Qwen2.5-7B-Instruct-RLVR_aligned
cardiomegaly,cardiomegaly,0.98828125,0,Qwen2.5-7B-Instruct-RLVR_aligned
cardiomegaly,cardiomegaly,0.1982421875,0,Qwen2.5-7B-Instruct-RLVR_aligned
calcinosis,calcinosis,0.23828125,0,Qwen2.5-7B-Instruct-RLVR_aligned
calcinosis,calcinosis,0.08837890625,0,Qwen2.5-7B-Instruct-RLVR_aligned
calcinosis,calcinosis,0.1953125,0,Qwen2.5-7B-Instruct-RLVR_aligned
technical limitation,normal,0.4375,0,Qwen2.5-7B-Instruct-RLVR_aligned
normal,normal,1.0,0,Qwen2.5-7B-Instruct-RLVR_aligned
normal,normal,1.0,0,Qwen2.5-7B-Instruct-RLVR_aligned
cardiomegaly,cardiomegaly,0.296875,0,Qwen2.5-7B-Instruct-RLVR_aligned
cardiomegaly,cardiomegaly,0.96875,0,Qwen2.5-7B-Instruct-RLVR_aligned
cardiomegaly,cardiomegaly,0.99609375,0,Qwen2.5-7B-Instruct-RLVR_aligned
cardiomegaly,cardiomegaly,0.98828125,0,Qwen2.5-7B-Instruct-RLVR_aligned
cardiomegaly,cardiomegaly,0.1982421875,0,Qwen2.5-7B-Instruct-RLVR_aligned
osteophyte,osteophyte,0.8046875,0,Qwen2.5-7B-Instruct-RLVR_aligned
osteophyte,osteophyte,0.765625,1,Qwen2.5-7B-Instruct-RLVR_aligned
osteophyte,osteophyte,0.9609375,1,Qwen2.5-7B-Instruct-RLVR_aligned
normal,normal,1.0,0,Qwen2.5-7B-Instruct-RLVR_aligned
atherosclerosis,atherosclerosis,0.296875,0,Qwen2.5-7B-Instruct-RLVR_aligned
atherosclerosis,atherosclerosis,0.9609375,1,Qwen2.5-7B-Instruct-RLVR_aligned
atherosclerosis,atherosclerosis,0.984375,1,Qwen2.5-7B-Instruct-RLVR_aligned
cardiomegaly,cardiomegaly,0.296875,0,Qwen2.5-7B-Instruct-RLVR_aligned
cardiomegaly,cardiomegaly,0.96875,0,Qwen2.5-7B-Instruct-RLVR_aligned
cardiomegaly,cardiomegaly,0.99609375,0,Qwen2.5-7B-Instruct-RLVR_aligned
cardiomegaly,cardiomegaly,0.98828125,0,Qwen2.5-7B-Instruct-RLVR_aligned
cardiomegaly,cardiomegaly,0.1982421875,0,Qwen2.5-7B-Instruct-RLVR_aligned
calcinosis,cardiomegaly,0.130859375,0,Qwen2.5-7B-Instruct-RLVR_aligned
calcinosis,cardiomegaly,0.2392578125,0,Qwen2.5-7B-Instruct-RLVR_aligned
calcinosis,cardiomegaly,0.9921875,0,Qwen2.5-7B-Instruct-RLVR_aligned
calcinosis,cardiomegaly,0.7890625,0,Qwen2.5-7B-Instruct-RLVR_aligned
calcinosis,cardiomegaly,0.1552734375,0,Qwen2.5-7B-Instruct-RLVR_aligned
normal,normal,1.0,0,Qwen2.5-7B-Instruct-RLVR_aligned
cardiomegaly,cardiomegaly,0.296875,0,Qwen2.5-7B-Instruct-RLVR_aligned
cardiomegaly,cardiomegaly,0.96875,0,Qwen2.5-7B-Instruct-RLVR_aligned
cardiomegaly,cardiomegaly,0.99609375,0,Qwen2.5-7B-Instruct-RLVR_aligned
cardiomegaly,cardiomegaly,0.98828125,0,Qwen2.5-7B-Instruct-RLVR_aligned
cardiomegaly,cardiomegaly,0.1982421875,0,Qwen2.5-7B-Instruct-RLVR_aligned
normal,normal,1.0,0,Qwen2.5-7B-Instruct-RLVR_aligned
normal,normal,1.0,0,Qwen2.5-7B-Instruct-RLVR_aligned
calcified granuloma,calcified granuloma,0.9609375,0,Qwen2.5-7B-Instruct-RLVR_aligned
calcified granuloma,calcified granuloma,0.703125,0,Qwen2.5-7B-Instruct-RLVR_aligned
calcified granuloma,calcified granuloma,0.9921875,0,Qwen2.5-7B-Instruct-RLVR_aligned
calcified granuloma,calcified granuloma,0.55078125,0,Qwen2.5-7B-Instruct-RLVR_aligned
calcified granuloma,calcified granuloma,0.99609375,0,Qwen2.5-7B-Instruct-RLVR_aligned
pulmonary opacity,pulmonary opacity,0.50390625,0,Qwen2.5-7B-Instruct-RLVR_aligned
pulmonary opacity,pulmonary opacity,1.0,1,Qwen2.5-7B-Instruct-RLVR_aligned
pulmonary opacity,pulmonary opacity,0.99609375,1,Qwen2.5-7B-Instruct-RLVR_aligned
pulmonary opacity,pulmonary opacity,0.93359375,1,Qwen2.5-7B-Instruct-RLVR_aligned
normal,normal,1.0,0,Qwen2.5-7B-Instruct-RLVR_aligned
spondylosis,spondylosis,0.93359375,0,Qwen2.5-7B-Instruct-RLVR_aligned
spondylosis,spondylosis,0.98828125,0,Qwen2.5-7B-Instruct-RLVR_aligned
spondylosis,spondylosis,0.96875,0,Qwen2.5-7B-Instruct-RLVR_aligned
spondylosis,spondylosis,0.9921875,0,Qwen2.5-7B-Instruct-RLVR_aligned
spondylosis,spondylosis,0.166015625,0,Qwen2.5-7B-Instruct-RLVR_aligned
normal,normal,1.0,0,Qwen2.5-7B-Instruct-RLVR_aligned
pleural effusion,pleural effusion,0.279296875,0,Qwen2.5-7B-Instruct-RLVR_aligned
pleural effusion,pleural effusion,0.99609375,1,Qwen2.5-7B-Instruct-RLVR_aligned
pleural effusion,pleural effusion,0.71875,1,Qwen2.5-7B-Instruct-RLVR_aligned
pleural effusion,pleural effusion,0.9921875,1,Qwen2.5-7B-Instruct-RLVR_aligned
normal,normal,1.0,0,Qwen2.5-7B-Instruct-RLVR_aligned
bilateral abnormality in lung,bilateral abnormality in lung,0.3984375,0,Qwen2.5-7B-Instruct-RLVR_aligned
bilateral abnormality in lung,bilateral abnormality in lung,0.052734375,0,Qwen2.5-7B-Instruct-RLVR_aligned
bilateral abnormality in lung,bilateral abnormality in lung,0.66015625,1,Qwen2.5-7B-Instruct-RLVR_aligned
bilateral abnormality in lung,bilateral abnormality in lung,1.0,1,Qwen2.5-7B-Instruct-RLVR_aligned
bilateral abnormality in lung,bilateral abnormality in lung,1.0,1,Qwen2.5-7B-Instruct-RLVR_aligned
bilateral abnormality in lung,bilateral abnormality in lung,0.96875,1,Qwen2.5-7B-Instruct-RLVR_aligned
calcinosis,pulmonary atelectasis,0.49609375,0,Qwen2.5-7B-Instruct-RLVR_aligned
calcinosis,pulmonary atelectasis,0.69921875,1,Qwen2.5-7B-Instruct-RLVR_aligned
calcinosis,pulmonary atelectasis,0.8984375,0,Qwen2.5-7B-Instruct-RLVR_aligned
calcinosis,pulmonary atelectasis,0.380859375,0,Qwen2.5-7B-Instruct-RLVR_aligned
calcinosis,pulmonary atelectasis,0.84765625,1,Qwen2.5-7B-Instruct-RLVR_aligned
calcinosis,pulmonary atelectasis,0.98828125,1,Qwen2.5-7B-Instruct-RLVR_aligned
normal,normal,1.0,0,Qwen2.5-7B-Instruct-RLVR_aligned
normal,normal,1.0,0,Qwen2.5-7B-Instruct-RLVR_aligned
pneumothorax,hydropneumothorax,0.2080078125,0,Qwen2.5-7B-Instruct-RLVR_aligned
pneumothorax,hydropneumothorax,0.162109375,0,Qwen2.5-7B-Instruct-RLVR_aligned
pneumothorax,hydropneumothorax,0.9921875,1,Qwen2.5-7B-Instruct-RLVR_aligned
pneumothorax,hydropneumothorax,1.0,1,Qwen2.5-7B-Instruct-RLVR_aligned
pneumothorax,hydropneumothorax,0.984375,1,Qwen2.5-7B-Instruct-RLVR_aligned
pneumothorax,hydropneumothorax,1.0,1,Qwen2.5-7B-Instruct-RLVR_aligned
pneumothorax,hydropneumothorax,1.0,1,Qwen2.5-7B-Instruct-RLVR_aligned
pulmonary edema,pulmonary edema,0.99609375,0,Qwen2.5-7B-Instruct-RLVR_aligned
pulmonary edema,pulmonary edema,1.0,0,Qwen2.5-7B-Instruct-RLVR_aligned
pulmonary edema,pulmonary edema,0.94921875,0,Qwen2.5-7B-Instruct-RLVR_aligned
pulmonary edema,pulmonary edema,1.0,0,Qwen2.5-7B-Instruct-RLVR_aligned
pulmonary edema,pulmonary edema,0.97265625,0,Qwen2.5-7B-Instruct-RLVR_aligned
degenerative change in thoracic,degenerative change in thoracic vertebrae,0.95703125,0,Qwen2.5-7B-Instruct-RLVR_aligned
degenerative change in thoracic,degenerative change in thoracic vertebrae,0.7578125,1,Qwen2.5-7B-Instruct-RLVR_aligned
degenerative change in thoracic,degenerative change in thoracic vertebrae,1.0,1,Qwen2.5-7B-Instruct-RLVR_aligned
degenerative change in thoracic,degenerative change in thoracic vertebrae,0.93359375,1,Qwen2.5-7B-Instruct-RLVR_aligned
degenerative change in thoracic,degenerative change in thoracic vertebrae,0.99609375,1,Qwen2.5-7B-Instruct-RLVR_aligned
degenerative change in thoracic,degenerative change in thoracic vertebrae,0.96484375,1,Qwen2.5-7B-Instruct-RLVR_aligned
degenerative change in thoracic,degenerative change in thoracic vertebrae,1.0,1,Qwen2.5-7B-Instruct-RLVR_aligned
degenerative change in thoracic,degenerative change in thoracic vertebrae,0.78515625,0,Qwen2.5-7B-Instruct-RLVR_aligned
degenerative change in thoracic,degenerative change in thoracic vertebrae,0.96484375,1,Qwen2.5-7B-Instruct-RLVR_aligned
degenerative change in thoracic,degenerative change in thoracic vertebrae,0.98046875,1,Qwen2.5-7B-Instruct-RLVR_aligned
pulmonary atelectasis,patchy opacity in opacity,0.1748046875,0,Qwen2.5-7B-Instruct-RLVR_aligned
pulmonary atelectasis,patchy opacity in opacity,0.875,1,Qwen2.5-7B-Instruct-RLVR_aligned
pulmonary atelectasis,patchy opacity in opacity,0.2734375,0,Qwen2.5-7B-Instruct-RLVR_aligned
pulmonary atelectasis,patchy opacity in opacity,0.70703125,1,Qwen2.5-7B-Instruct-RLVR_aligned
pulmonary atelectasis,patchy opacity in opacity,0.66015625,0,Qwen2.5-7B-Instruct-RLVR_aligned
calcinosis,calcinosis,0.23828125,0,Qwen2.5-7B-Instruct-RLVR_aligned
calcinosis,calcinosis,0.08837890625,0,Qwen2.5-7B-Instruct-RLVR_aligned
calcinosis,calcinosis,0.1953125,0,Qwen2.5-7B-Instruct-RLVR_aligned
degenerative change in thoracic,degenerative change in thoracic vertebrae,0.95703125,0,Qwen2.5-7B-Instruct-RLVR_aligned
degenerative change in thoracic,degenerative change in thoracic vertebrae,0.7578125,1,Qwen2.5-7B-Instruct-RLVR_aligned
degenerative change in thoracic,degenerative change in thoracic vertebrae,1.0,1,Qwen2.5-7B-Instruct-RLVR_aligned
degenerative change in thoracic,degenerative change in thoracic vertebrae,0.93359375,1,Qwen2.5-7B-Instruct-RLVR_aligned
degenerative change in thoracic,degenerative change in thoracic vertebrae,0.99609375,1,Qwen2.5-7B-Instruct-RLVR_aligned
degenerative change in thoracic,degenerative change in thoracic vertebrae,0.96484375,1,Qwen2.5-7B-Instruct-RLVR_aligned
degenerative change in thoracic,degenerative change in thoracic vertebrae,1.0,1,Qwen2.5-7B-Instruct-RLVR_aligned
degenerative change in thoracic,degenerative change in thoracic vertebrae,0.78515625,0,Qwen2.5-7B-Instruct-RLVR_aligned
degenerative change in thoracic,degenerative change in thoracic vertebrae,0.96484375,1,Qwen2.5-7B-Instruct-RLVR_aligned
degenerative change in thoracic,degenerative change in thoracic vertebrae,0.98046875,1,Qwen2.5-7B-Instruct-RLVR_aligned
normal,normal,1.0,0,Qwen2.5-7B-Instruct-RLVR_aligned
surgical instruments foreign body,cicatrix,0.1923828125,0,Qwen2.5-7B-Instruct-RLVR_aligned
surgical instruments foreign body,cicatrix,0.58203125,0,Qwen2.5-7B-Instruct-RLVR_aligned
surgical instruments foreign body,cicatrix,0.515625,0,Qwen2.5-7B-Instruct-RLVR_aligned
spondylosis,spondylosis,0.93359375,0,Qwen2.5-7B-Instruct-RLVR_aligned
spondylosis,spondylosis,0.98828125,0,Qwen2.5-7B-Instruct-RLVR_aligned
spondylosis,spondylosis,0.96875,0,Qwen2.5-7B-Instruct-RLVR_aligned
spondylosis,spondylosis,0.9921875,0,Qwen2.5-7B-Instruct-RLVR_aligned
spondylosis,spondylosis,0.166015625,0,Qwen2.5-7B-Instruct-RLVR_aligned
diaphragmatic eventration,diaphragmatic eventration,0.478515625,0,Qwen2.5-7B-Instruct-RLVR_aligned
diaphragmatic eventration,diaphragmatic eventration,0.82421875,1,Qwen2.5-7B-Instruct-RLVR_aligned
diaphragmatic eventration,diaphragmatic eventration,0.99609375,1,Qwen2.5-7B-Instruct-RLVR_aligned
diaphragmatic eventration,diaphragmatic eventration,0.94140625,1,Qwen2.5-7B-Instruct-RLVR_aligned
diaphragmatic eventration,diaphragmatic eventration,1.0,1,Qwen2.5-7B-Instruct-RLVR_aligned
lung hyperdistention in lungs,lung hyperdistention in lung,0.2021484375,0,Qwen2.5-7B-Instruct-RLVR_aligned
lung hyperdistention in lungs,lung hyperdistention in lung,0.458984375,0,Qwen2.5-7B-Instruct-RLVR_aligned
lung hyperdistention in lungs,lung hyperdistention in lung,0.953125,0,Qwen2.5-7B-Instruct-RLVR_aligned
lung hyperdistention in lungs,lung hyperdistention in lung,0.9609375,0,Qwen2.5-7B-Instruct-RLVR_aligned
lung hyperdistention in lungs,lung hyperdistention in lung,0.9921875,0,Qwen2.5-7B-Instruct-RLVR_aligned
lung hyperdistention in lungs,lung hyperdistention in lung,0.7109375,0,Qwen2.5-7B-Instruct-RLVR_aligned
normal,normal,1.0,0,Qwen2.5-7B-Instruct-RLVR_aligned
normal,normal,1.0,0,Qwen2.5-7B-Instruct-RLVR_aligned
cardiomegaly,cardiomegaly,0.296875,0,Qwen2.5-7B-Instruct-RLVR_aligned
cardiomegaly,cardiomegaly,0.96875,0,Qwen2.5-7B-Instruct-RLVR_aligned
cardiomegaly,cardiomegaly,0.99609375,0,Qwen2.5-7B-Instruct-RLVR_aligned
cardiomegaly,cardiomegaly,0.98828125,0,Qwen2.5-7B-Instruct-RLVR_aligned
cardiomegaly,cardiomegaly,0.1982421875,0,Qwen2.5-7B-Instruct-RLVR_aligned
hyperinflation in lung,lung hyperdistention in lung,0.26953125,0,Qwen2.5-7B-Instruct-RLVR_aligned
hyperinflation in lung,lung hyperdistention in lung,0.5390625,1,Qwen2.5-7B-Instruct-RLVR_aligned
hyperinflation in lung,lung hyperdistention in lung,0.89453125,0,Qwen2.5-7B-Instruct-RLVR_aligned
hyperinflation in lung,lung hyperdistention in lung,0.9921875,1,Qwen2.5-7B-Instruct-RLVR_aligned
hyperinflation in lung,lung hyperdistention in lung,0.30859375,0,Qwen2.5-7B-Instruct-RLVR_aligned
hyperinflation in lung,lung hyperdistention in lung,0.3828125,0,Qwen2.5-7B-Instruct-RLVR_aligned
normal,normal,1.0,0,Qwen2.5-7B-Instruct-RLVR_aligned
normal,normal,1.0,0,Qwen2.5-7B-Instruct-RLVR_aligned
normal,normal,1.0,0,Qwen2.5-7B-Instruct-RLVR_aligned
scoliosis,scoliosis,0.6875,0,Qwen2.5-7B-Instruct-RLVR_aligned
scoliosis,scoliosis,0.154296875,0,Qwen2.5-7B-Instruct-RLVR_aligned
scoliosis,scoliosis,0.6875,1,Qwen2.5-7B-Instruct-RLVR_aligned
surgical instruments,surgical instruments,0.2578125,0,Qwen2.5-7B-Instruct-RLVR_aligned
surgical instruments,surgical instruments,0.9140625,1,Qwen2.5-7B-Instruct-RLVR_aligned
surgical instruments,surgical instruments,0.9296875,1,Qwen2.5-7B-Instruct-RLVR_aligned
osteophyte,osteophyte,0.8046875,0,Qwen2.5-7B-Instruct-RLVR_aligned
osteophyte,osteophyte,0.765625,1,Qwen2.5-7B-Instruct-RLVR_aligned
osteophyte,osteophyte,0.9609375,1,Qwen2.5-7B-Instruct-RLVR_aligned
calcinosis,calcinosis,0.23828125,0,Qwen2.5-7B-Instruct-RLVR_aligned
calcinosis,calcinosis,0.08837890625,0,Qwen2.5-7B-Instruct-RLVR_aligned
calcinosis,calcinosis,0.1953125,0,Qwen2.5-7B-Instruct-RLVR_aligned
surgical instruments these are,surgical instruments,0.40625,0,Qwen2.5-7B-Instruct-RLVR_aligned
surgical instruments these are,surgical instruments,0.18359375,0,Qwen2.5-7B-Instruct-RLVR_aligned
surgical instruments these are,surgical instruments,0.89453125,1,Qwen2.5-7B-Instruct-RLVR_aligned
pulmonary emphysema,pulmonary emphysema,0.6640625,0,Qwen2.5-7B-Instruct-RLVR_aligned
pulmonary emphysema,pulmonary emphysema,1.0,0,Qwen2.5-7B-Instruct-RLVR_aligned
pulmonary emphysema,pulmonary emphysema,0.97265625,0,Qwen2.5-7B-Instruct-RLVR_aligned
pulmonary emphysema,pulmonary emphysema,1.0,0,Qwen2.5-7B-Instruct-RLVR_aligned
pulmonary emphysema,pulmonary emphysema,0.98046875,0,Qwen2.5-7B-Instruct-RLVR_aligned
pulmonary emphysema,pulmonary emphysema,1.0,0,Qwen2.5-7B-Instruct-RLVR_aligned
pulmonary emphysema,pulmonary emphysema,0.6015625,0,Qwen2.5-7B-Instruct-RLVR_aligned
pulmonary nodule,pulmonary nodule,0.2177734375,0,Qwen2.5-7B-Instruct-RLVR_aligned
pulmonary nodule,pulmonary nodule,0.99609375,1,Qwen2.5-7B-Instruct-RLVR_aligned
pulmonary nodule,pulmonary nodule,1.0,1,Qwen2.5-7B-Instruct-RLVR_aligned
pulmonary nodule,pulmonary nodule,0.921875,1,Qwen2.5-7B-Instruct-RLVR_aligned
pulmonary nodule,pulmonary nodule,1.0,1,Qwen2.5-7B-Instruct-RLVR_aligned
normal,normal,1.0,0,Qwen2.5-7B-Instruct-RLVR_aligned
small opacity in nodule,small opacity in nodule,0.341796875,0,Qwen2.5-7B-Instruct-RLVR_aligned
small opacity in nodule,small opacity in nodule,0.7890625,1,Qwen2.5-7B-Instruct-RLVR_aligned
small opacity in nodule,small opacity in nodule,0.99609375,1,Qwen2.5-7B-Instruct-RLVR_aligned
small opacity in nodule,small opacity in nodule,0.41796875,0,Qwen2.5-7B-Instruct-RLVR_aligned
small opacity in nodule,small opacity in nodule,1.0,1,Qwen2.5-7B-Instruct-RLVR_aligned
pulmonary opacity,cysts,0.50390625,0,Qwen2.5-7B-Instruct-RLVR_aligned
pulmonary opacity,cysts,0.435546875,0,Qwen2.5-7B-Instruct-RLVR_aligned
degenerative change in thoracic,"fractures, bone",0.96484375,0,Qwen2.5-7B-Instruct-RLVR_aligned
degenerative change in thoracic,"fractures, bone",0.84375,1,Qwen2.5-7B-Instruct-RLVR_aligned
degenerative change in thoracic,"fractures, bone",0.53125,1,Qwen2.5-7B-Instruct-RLVR_aligned
degenerative change in thoracic,"fractures, bone",0.3671875,0,Qwen2.5-7B-Instruct-RLVR_aligned
degenerative change in thoracic,"fractures, bone",0.2373046875,0,Qwen2.5-7B-Instruct-RLVR_aligned
diaphragmatic eventration right side,diaphragmatic eventration,0.388671875,0,Qwen2.5-7B-Instruct-RLVR_aligned
diaphragmatic eventration right side,diaphragmatic eventration,0.94921875,1,Qwen2.5-7B-Instruct-RLVR_aligned
diaphragmatic eventration right side,diaphragmatic eventration,0.98828125,1,Qwen2.5-7B-Instruct-RLVR_aligned
diaphragmatic eventration right side,diaphragmatic eventration,0.96875,1,Qwen2.5-7B-Instruct-RLVR_aligned
diaphragmatic eventration right side,diaphragmatic eventration,1.0,1,Qwen2.5-7B-Instruct-RLVR_aligned
normal,normal,1.0,0,Qwen2.5-7B-Instruct-RLVR_aligned
degenerative change in thoracic,degenerative change in thoracic vertebrae,0.95703125,0,Qwen2.5-7B-Instruct-RLVR_aligned
degenerative change in thoracic,degenerative change in thoracic vertebrae,0.7578125,1,Qwen2.5-7B-Instruct-RLVR_aligned
degenerative change in thoracic,degenerative change in thoracic vertebrae,1.0,1,Qwen2.5-7B-Instruct-RLVR_aligned
degenerative change in thoracic,degenerative change in thoracic vertebrae,0.93359375,1,Qwen2.5-7B-Instruct-RLVR_aligned
degenerative change in thoracic,degenerative change in thoracic vertebrae,0.99609375,1,Qwen2.5-7B-Instruct-RLVR_aligned
degenerative change in thoracic,degenerative change in thoracic vertebrae,0.96484375,1,Qwen2.5-7B-Instruct-RLVR_aligned
degenerative change in thoracic,degenerative change in thoracic vertebrae,1.0,1,Qwen2.5-7B-Instruct-RLVR_aligned
degenerative change in thoracic,degenerative change in thoracic vertebrae,0.78515625,0,Qwen2.5-7B-Instruct-RLVR_aligned
degenerative change in thoracic,degenerative change in thoracic vertebrae,0.96484375,1,Qwen2.5-7B-Instruct-RLVR_aligned
degenerative change in thoracic,degenerative change in thoracic vertebrae,0.98046875,1,Qwen2.5-7B-Instruct-RLVR_aligned
cicatrix,cicatrix,0.189453125,0,Qwen2.5-7B-Instruct-RLVR_aligned
cicatrix,cicatrix,0.142578125,0,Qwen2.5-7B-Instruct-RLVR_aligned
cicatrix,cicatrix,0.98828125,1,Qwen2.5-7B-Instruct-RLVR_aligned
cardiomegaly,implanted medical device,0.154296875,0,Qwen2.5-7B-Instruct-RLVR_aligned
cardiomegaly,implanted medical device,0.2431640625,0,Qwen2.5-7B-Instruct-RLVR_aligned
cardiomegaly,implanted medical device,0.10986328125,0,Qwen2.5-7B-Instruct-RLVR_aligned
cardiomegaly,implanted medical device,0.404296875,0,Qwen2.5-7B-Instruct-RLVR_aligned
normal,normal,1.0,0,Qwen2.5-7B-Instruct-RLVR_aligned
emphysema,emphysema,0.25390625,0,Qwen2.5-7B-Instruct-RLVR_aligned
emphysema,emphysema,0.66015625,1,Qwen2.5-7B-Instruct-RLVR_aligned
emphysema,emphysema,0.94921875,1,Qwen2.5-7B-Instruct-RLVR_aligned
emphysema,emphysema,0.99609375,1,Qwen2.5-7B-Instruct-RLVR_aligned
normal,normal,1.0,0,Qwen2.5-7B-Instruct-RLVR_aligned
degenerative change in spine,arthritis,0.369140625,0,Qwen2.5-7B-Instruct-RLVR_aligned
degenerative change in spine,arthritis,0.95703125,1,Qwen2.5-7B-Instruct-RLVR_aligned
cardiomegaly,cardiomegaly,0.296875,0,Qwen2.5-7B-Instruct-RLVR_aligned
cardiomegaly,cardiomegaly,0.96875,0,Qwen2.5-7B-Instruct-RLVR_aligned
cardiomegaly,cardiomegaly,0.99609375,0,Qwen2.5-7B-Instruct-RLVR_aligned
cardiomegaly,cardiomegaly,0.98828125,0,Qwen2.5-7B-Instruct-RLVR_aligned
cardiomegaly,cardiomegaly,0.1982421875,0,Qwen2.5-7B-Instruct-RLVR_aligned
normal,normal,1.0,0,Qwen2.5-7B-Instruct-RLVR_aligned
diaphragmatic eventration,diaphragmatic eventration,0.478515625,0,Qwen2.5-7B-Instruct-RLVR_aligned
diaphragmatic eventration,diaphragmatic eventration,0.82421875,1,Qwen2.5-7B-Instruct-RLVR_aligned
diaphragmatic eventration,diaphragmatic eventration,0.99609375,1,Qwen2.5-7B-Instruct-RLVR_aligned
diaphragmatic eventration,diaphragmatic eventration,0.94140625,1,Qwen2.5-7B-Instruct-RLVR_aligned
diaphragmatic eventration,diaphragmatic eventration,1.0,1,Qwen2.5-7B-Instruct-RLVR_aligned
pulmonary atelectasis,pneumonia,0.1748046875,0,Qwen2.5-7B-Instruct-RLVR_aligned
pulmonary atelectasis,pneumonia,1.0,0,Qwen2.5-7B-Instruct-RLVR_aligned
pulmonary atelectasis,pneumonia,0.99609375,1,Qwen2.5-7B-Instruct-RLVR_aligned
pulmonary atelectasis,pneumonia,0.94921875,1,Qwen2.5-7B-Instruct-RLVR_aligned
normal,normal,1.0,0,Qwen2.5-7B-Instruct-RLVR_aligned
pleural effusion,pleural effusion,0.279296875,0,Qwen2.5-7B-Instruct-RLVR_aligned
pleural effusion,pleural effusion,0.99609375,1,Qwen2.5-7B-Instruct-RLVR_aligned
pleural effusion,pleural effusion,0.71875,1,Qwen2.5-7B-Instruct-RLVR_aligned
pleural effusion,pleural effusion,0.9921875,1,Qwen2.5-7B-Instruct-RLVR_aligned
fractures bone,"fractures, bone",0.1328125,0,Qwen2.5-7B-Instruct-RLVR_aligned
fractures bone,"fractures, bone",1.0,1,Qwen2.5-7B-Instruct-RLVR_aligned
fractures bone,"fractures, bone",0.90234375,1,Qwen2.5-7B-Instruct-RLVR_aligned
fractures bone,"fractures, bone",0.83203125,0,Qwen2.5-7B-Instruct-RLVR_aligned
fractures bone,"fractures, bone",0.171875,0,Qwen2.5-7B-Instruct-RLVR_aligned
implanted medical device,medical device in thorax,0.28515625,0,Qwen2.5-7B-Instruct-RLVR_aligned
implanted medical device,medical device in thorax,0.1943359375,0,Qwen2.5-7B-Instruct-RLVR_aligned
implanted medical device,medical device in thorax,0.99609375,0,Qwen2.5-7B-Instruct-RLVR_aligned
implanted medical device,medical device in thorax,0.66015625,0,Qwen2.5-7B-Instruct-RLVR_aligned
implanted medical device,medical device in thorax,0.23046875,0,Qwen2.5-7B-Instruct-RLVR_aligned
tortuous vessel in aorta,tortuous vessel in aorta,0.7109375,0,Qwen2.5-7B-Instruct-RLVR_aligned
tortuous vessel in aorta,tortuous vessel in aorta,0.06494140625,0,Qwen2.5-7B-Instruct-RLVR_aligned
tortuous vessel in aorta,tortuous vessel in aorta,1.0,1,Qwen2.5-7B-Instruct-RLVR_aligned
tortuous vessel in aorta,tortuous vessel in aorta,0.859375,1,Qwen2.5-7B-Instruct-RLVR_aligned
tortuous vessel in aorta,tortuous vessel in aorta,1.0,1,Qwen2.5-7B-Instruct-RLVR_aligned
tortuous vessel in aorta,tortuous vessel in aorta,0.91015625,1,Qwen2.5-7B-Instruct-RLVR_aligned
tortuous vessel in aorta,tortuous vessel in aorta,0.98828125,1,Qwen2.5-7B-Instruct-RLVR_aligned
calcinosis,calcinosis,0.23828125,0,Qwen2.5-7B-Instruct-RLVR_aligned
calcinosis,calcinosis,0.08837890625,0,Qwen2.5-7B-Instruct-RLVR_aligned
calcinosis,calcinosis,0.1953125,0,Qwen2.5-7B-Instruct-RLVR_aligned
degenerative change in thoracic,degenerative change in thoracic vertebrae,0.95703125,0,Qwen2.5-7B-Instruct-RLVR_aligned
degenerative change in thoracic,degenerative change in thoracic vertebrae,0.7578125,1,Qwen2.5-7B-Instruct-RLVR_aligned
degenerative change in thoracic,degenerative change in thoracic vertebrae,1.0,1,Qwen2.5-7B-Instruct-RLVR_aligned
degenerative change in thoracic,degenerative change in thoracic vertebrae,0.93359375,1,Qwen2.5-7B-Instruct-RLVR_aligned
degenerative change in thoracic,degenerative change in thoracic vertebrae,0.99609375,1,Qwen2.5-7B-Instruct-RLVR_aligned
degenerative change in thoracic,degenerative change in thoracic vertebrae,0.96484375,1,Qwen2.5-7B-Instruct-RLVR_aligned
degenerative change in thoracic,degenerative change in thoracic vertebrae,1.0,1,Qwen2.5-7B-Instruct-RLVR_aligned
degenerative change in thoracic,degenerative change in thoracic vertebrae,0.78515625,0,Qwen2.5-7B-Instruct-RLVR_aligned
degenerative change in thoracic,degenerative change in thoracic vertebrae,0.96484375,1,Qwen2.5-7B-Instruct-RLVR_aligned
degenerative change in thoracic,degenerative change in thoracic vertebrae,0.98046875,1,Qwen2.5-7B-Instruct-RLVR_aligned
spondylosis,spondylosis,0.93359375,0,Qwen2.5-7B-Instruct-RLVR_aligned
spondylosis,spondylosis,0.98828125,0,Qwen2.5-7B-Instruct-RLVR_aligned
spondylosis,spondylosis,0.96875,0,Qwen2.5-7B-Instruct-RLVR_aligned
spondylosis,spondylosis,0.9921875,0,Qwen2.5-7B-Instruct-RLVR_aligned
spondylosis,spondylosis,0.166015625,0,Qwen2.5-7B-Instruct-RLVR_aligned
degenerative change in thoracic,degenerative change in thoracic vertebrae,0.95703125,0,Qwen2.5-7B-Instruct-RLVR_aligned
degenerative change in thoracic,degenerative change in thoracic vertebrae,0.7578125,1,Qwen2.5-7B-Instruct-RLVR_aligned
degenerative change in thoracic,degenerative change in thoracic vertebrae,1.0,1,Qwen2.5-7B-Instruct-RLVR_aligned
degenerative change in thoracic,degenerative change in thoracic vertebrae,0.93359375,1,Qwen2.5-7B-Instruct-RLVR_aligned
degenerative change in thoracic,degenerative change in thoracic vertebrae,0.99609375,1,Qwen2.5-7B-Instruct-RLVR_aligned
degenerative change in thoracic,degenerative change in thoracic vertebrae,0.96484375,1,Qwen2.5-7B-Instruct-RLVR_aligned
degenerative change in thoracic,degenerative change in thoracic vertebrae,1.0,1,Qwen2.5-7B-Instruct-RLVR_aligned
degenerative change in thoracic,degenerative change in thoracic vertebrae,0.78515625,0,Qwen2.5-7B-Instruct-RLVR_aligned
degenerative change in thoracic,degenerative change in thoracic vertebrae,0.96484375,1,Qwen2.5-7B-Instruct-RLVR_aligned
degenerative change in thoracic,degenerative change in thoracic vertebrae,0.98046875,1,Qwen2.5-7B-Instruct-RLVR_aligned
streaky opacity in opacity,streaky opacity in opacity,0.466796875,0,Qwen2.5-7B-Instruct-RLVR_aligned
streaky opacity in opacity,streaky opacity in opacity,1.0,1,Qwen2.5-7B-Instruct-RLVR_aligned
streaky opacity in opacity,streaky opacity in opacity,0.9375,1,Qwen2.5-7B-Instruct-RLVR_aligned
streaky opacity in opacity,streaky opacity in opacity,0.76953125,1,Qwen2.5-7B-Instruct-RLVR_aligned
streaky opacity in opacity,streaky opacity in opacity,0.921875,1,Qwen2.5-7B-Instruct-RLVR_aligned
streaky opacity in opacity,streaky opacity in opacity,0.68359375,0,Qwen2.5-7B-Instruct-RLVR_aligned
calcinosis,calcified granuloma,0.23828125,0,Qwen2.5-7B-Instruct-RLVR_aligned
calcinosis,calcified granuloma,0.8359375,1,Qwen2.5-7B-Instruct-RLVR_aligned
calcinosis,calcified granuloma,0.0693359375,0,Qwen2.5-7B-Instruct-RLVR_aligned
calcinosis,calcified granuloma,0.6953125,1,Qwen2.5-7B-Instruct-RLVR_aligned
calcinosis,calcified granuloma,0.609375,1,Qwen2.5-7B-Instruct-RLVR_aligned
pulmonary atelectasis,pulmonary atelectasis,0.1748046875,0,Qwen2.5-7B-Instruct-RLVR_aligned
pulmonary atelectasis,pulmonary atelectasis,1.0,1,Qwen2.5-7B-Instruct-RLVR_aligned
pulmonary atelectasis,pulmonary atelectasis,1.0,1,Qwen2.5-7B-Instruct-RLVR_aligned
pulmonary atelectasis,pulmonary atelectasis,0.52734375,1,Qwen2.5-7B-Instruct-RLVR_aligned
pulmonary atelectasis,pulmonary atelectasis,0.99609375,1,Qwen2.5-7B-Instruct-RLVR_aligned
pulmonary atelectasis,pulmonary atelectasis,0.99609375,1,Qwen2.5-7B-Instruct-RLVR_aligned
normal,normal,1.0,0,Qwen2.5-7B-Instruct-RLVR_aligned
scoliosis,scoliosis,0.6875,0,Qwen2.5-7B-Instruct-RLVR_aligned
scoliosis,scoliosis,0.154296875,0,Qwen2.5-7B-Instruct-RLVR_aligned
scoliosis,scoliosis,0.6875,1,Qwen2.5-7B-Instruct-RLVR_aligned
lung hypoinflation in lung,lung hypoinflation in lung,0.2041015625,0,Qwen2.5-7B-Instruct-RLVR_aligned
lung hypoinflation in lung,lung hypoinflation in lung,0.96875,1,Qwen2.5-7B-Instruct-RLVR_aligned
lung hypoinflation in lung,lung hypoinflation in lung,1.0,1,Qwen2.5-7B-Instruct-RLVR_aligned
lung hypoinflation in lung,lung hypoinflation in lung,1.0,1,Qwen2.5-7B-Instruct-RLVR_aligned
lung hypoinflation in lung,lung hypoinflation in lung,0.47265625,1,Qwen2.5-7B-Instruct-RLVR_aligned
lung hypoinflation in lung,lung hypoinflation in lung,0.94140625,1,Qwen2.5-7B-Instruct-RLVR_aligned
normal,normal,1.0,0,Qwen2.5-7B-Instruct-RLVR_aligned
cardiomegaly,cardiomegaly,0.296875,0,Qwen2.5-7B-Instruct-RLVR_aligned
cardiomegaly,cardiomegaly,0.96875,0,Qwen2.5-7B-Instruct-RLVR_aligned
cardiomegaly,cardiomegaly,0.99609375,0,Qwen2.5-7B-Instruct-RLVR_aligned
cardiomegaly,cardiomegaly,0.98828125,0,Qwen2.5-7B-Instruct-RLVR_aligned
cardiomegaly,cardiomegaly,0.1982421875,0,Qwen2.5-7B-Instruct-RLVR_aligned
normal,normal,1.0,0,Qwen2.5-7B-Instruct-RLVR_aligned
normal,normal,1.0,0,Qwen2.5-7B-Instruct-RLVR_aligned
pulmonary atelectasis,streaky opacity in opacity,0.1748046875,0,Qwen2.5-7B-Instruct-RLVR_aligned
pulmonary atelectasis,streaky opacity in opacity,0.197265625,1,Qwen2.5-7B-Instruct-RLVR_aligned
pulmonary atelectasis,streaky opacity in opacity,1.0,1,Qwen2.5-7B-Instruct-RLVR_aligned
pulmonary atelectasis,streaky opacity in opacity,0.328125,0,Qwen2.5-7B-Instruct-RLVR_aligned
pulmonary atelectasis,streaky opacity in opacity,0.83203125,1,Qwen2.5-7B-Instruct-RLVR_aligned
pulmonary atelectasis,streaky opacity in opacity,0.94921875,0,Qwen2.5-7B-Instruct-RLVR_aligned
normal,normal,1.0,0,Qwen2.5-7B-Instruct-RLVR_aligned
degenerative change in spine,degenerative change in spine,0.80078125,0,Qwen2.5-7B-Instruct-RLVR_aligned
degenerative change in spine,degenerative change in spine,0.328125,0,Qwen2.5-7B-Instruct-RLVR_aligned
degenerative change in spine,degenerative change in spine,0.9765625,0,Qwen2.5-7B-Instruct-RLVR_aligned
degenerative change in spine,degenerative change in spine,0.5546875,1,Qwen2.5-7B-Instruct-RLVR_aligned
degenerative change in spine,degenerative change in spine,0.99609375,1,Qwen2.5-7B-Instruct-RLVR_aligned
degenerative change in spine,degenerative change in spine,0.7734375,1,Qwen2.5-7B-Instruct-RLVR_aligned
normal,normal,1.0,0,Qwen2.5-7B-Instruct-RLVR_aligned
calcinosis,calcinosis,0.23828125,0,Qwen2.5-7B-Instruct-RLVR_aligned
calcinosis,calcinosis,0.08837890625,0,Qwen2.5-7B-Instruct-RLVR_aligned
calcinosis,calcinosis,0.1953125,0,Qwen2.5-7B-Instruct-RLVR_aligned
surgical clips,surgical instruments,0.61328125,0,Qwen2.5-7B-Instruct-RLVR_aligned
surgical clips,surgical instruments,0.9375,1,Qwen2.5-7B-Instruct-RLVR_aligned
surgical clips,surgical instruments,0.703125,0,Qwen2.5-7B-Instruct-RLVR_aligned
calcified granuloma,granuloma,0.9609375,0,Qwen2.5-7B-Instruct-RLVR_aligned
calcified granuloma,granuloma,0.64453125,0,Qwen2.5-7B-Instruct-RLVR_aligned
calcified granuloma,granuloma,1.0,0,Qwen2.5-7B-Instruct-RLVR_aligned
calcinosis,"tortuous vessel in aorta, thoracic",0.18359375,0,Qwen2.5-7B-Instruct-RLVR_aligned
calcinosis,"tortuous vessel in aorta, thoracic",0.28125,0,Qwen2.5-7B-Instruct-RLVR_aligned
calcinosis,"tortuous vessel in aorta, thoracic",0.267578125,0,Qwen2.5-7B-Instruct-RLVR_aligned
calcinosis,"tortuous vessel in aorta, thoracic",0.259765625,0,Qwen2.5-7B-Instruct-RLVR_aligned
calcinosis,"tortuous vessel in aorta, thoracic",0.95703125,0,Qwen2.5-7B-Instruct-RLVR_aligned
calcinosis,"tortuous vessel in aorta, thoracic",0.234375,0,Qwen2.5-7B-Instruct-RLVR_aligned
calcinosis,"tortuous vessel in aorta, thoracic",0.2890625,0,Qwen2.5-7B-Instruct-RLVR_aligned
calcinosis,"tortuous vessel in aorta, thoracic",0.6171875,0,Qwen2.5-7B-Instruct-RLVR_aligned
calcinosis,"tortuous vessel in aorta, thoracic",0.94921875,0,Qwen2.5-7B-Instruct-RLVR_aligned
calcinosis,"tortuous vessel in aorta, thoracic",0.470703125,0,Qwen2.5-7B-Instruct-RLVR_aligned
normal,normal,1.0,0,Qwen2.5-7B-Instruct-RLVR_aligned
normal,normal,1.0,0,Qwen2.5-7B-Instruct-RLVR_aligned
lung hyperlucent,"lung, hyperlucent",0.322265625,0,Qwen2.5-7B-Instruct-RLVR_aligned
lung hyperlucent,"lung, hyperlucent",0.42578125,0,Qwen2.5-7B-Instruct-RLVR_aligned
lung hyperlucent,"lung, hyperlucent",0.1728515625,1,Qwen2.5-7B-Instruct-RLVR_aligned
lung hyperlucent,"lung, hyperlucent",0.96875,1,Qwen2.5-7B-Instruct-RLVR_aligned
calcinosis,calcinosis,0.23828125,0,Qwen2.5-7B-Instruct-RLVR_aligned
calcinosis,calcinosis,0.08837890625,0,Qwen2.5-7B-Instruct-RLVR_aligned
calcinosis,calcinosis,0.1953125,0,Qwen2.5-7B-Instruct-RLVR_aligned
normal,normal,1.0,0,Qwen2.5-7B-Instruct-RLVR_aligned
normal,normal,1.0,0,Qwen2.5-7B-Instruct-RLVR_aligned
normal,normal,1.0,0,Qwen2.5-7B-Instruct-RLVR_aligned
normal,normal,1.0,0,Qwen2.5-7B-Instruct-RLVR_aligned
pulmonary emphysema,"lung, hyperlucent",0.134765625,0,Qwen2.5-7B-Instruct-RLVR_aligned
pulmonary emphysema,"lung, hyperlucent",0.271484375,0,Qwen2.5-7B-Instruct-RLVR_aligned
pulmonary emphysema,"lung, hyperlucent",0.259765625,0,Qwen2.5-7B-Instruct-RLVR_aligned
pulmonary emphysema,"lung, hyperlucent",0.51953125,0,Qwen2.5-7B-Instruct-RLVR_aligned
normal,normal,1.0,0,Qwen2.5-7B-Instruct-RLVR_aligned
calcinosis,calcinosis,0.23828125,0,Qwen2.5-7B-Instruct-RLVR_aligned
calcinosis,calcinosis,0.08837890625,0,Qwen2.5-7B-Instruct-RLVR_aligned
calcinosis,calcinosis,0.1953125,0,Qwen2.5-7B-Instruct-RLVR_aligned
calcinosis,calcinosis,0.23828125,0,Qwen2.5-7B-Instruct-RLVR_aligned
calcinosis,calcinosis,0.08837890625,0,Qwen2.5-7B-Instruct-RLVR_aligned
calcinosis,calcinosis,0.1953125,0,Qwen2.5-7B-Instruct-RLVR_aligned
atherosclerosis,atherosclerosis,0.296875,0,Qwen2.5-7B-Instruct-RLVR_aligned
atherosclerosis,atherosclerosis,0.9609375,1,Qwen2.5-7B-Instruct-RLVR_aligned
atherosclerosis,atherosclerosis,0.984375,1,Qwen2.5-7B-Instruct-RLVR_aligned
lung transparent,"lung, hyperlucent",0.091796875,0,Qwen2.5-7B-Instruct-RLVR_aligned
lung transparent,"lung, hyperlucent",0.171875,0,Qwen2.5-7B-Instruct-RLVR_aligned
lung transparent,"lung, hyperlucent",0.107421875,0,Qwen2.5-7B-Instruct-RLVR_aligned
lung transparent,"lung, hyperlucent",0.314453125,0,Qwen2.5-7B-Instruct-RLVR_aligned
cardiomegaly,cardiomegaly,0.296875,0,Qwen2.5-7B-Instruct-RLVR_aligned
cardiomegaly,cardiomegaly,0.96875,0,Qwen2.5-7B-Instruct-RLVR_aligned
cardiomegaly,cardiomegaly,0.99609375,0,Qwen2.5-7B-Instruct-RLVR_aligned
cardiomegaly,cardiomegaly,0.98828125,0,Qwen2.5-7B-Instruct-RLVR_aligned
cardiomegaly,cardiomegaly,0.1982421875,0,Qwen2.5-7B-Instruct-RLVR_aligned
normal,normal,1.0,0,Qwen2.5-7B-Instruct-RLVR_aligned
lung hypoinflation in lung,lung hypoinflation in lung,0.2041015625,0,Qwen2.5-7B-Instruct-RLVR_aligned
lung hypoinflation in lung,lung hypoinflation in lung,0.96875,1,Qwen2.5-7B-Instruct-RLVR_aligned
lung hypoinflation in lung,lung hypoinflation in lung,1.0,1,Qwen2.5-7B-Instruct-RLVR_aligned
lung hypoinflation in lung,lung hypoinflation in lung,1.0,1,Qwen2.5-7B-Instruct-RLVR_aligned
lung hypoinflation in lung,lung hypoinflation in lung,0.47265625,1,Qwen2.5-7B-Instruct-RLVR_aligned
lung hypoinflation in lung,lung hypoinflation in lung,0.94140625,1,Qwen2.5-7B-Instruct-RLVR_aligned
cardiomegaly,cardiomegaly,0.296875,0,Qwen2.5-7B-Instruct-RLVR_aligned
cardiomegaly,cardiomegaly,0.96875,0,Qwen2.5-7B-Instruct-RLVR_aligned
cardiomegaly,cardiomegaly,0.99609375,0,Qwen2.5-7B-Instruct-RLVR_aligned
cardiomegaly,cardiomegaly,0.98828125,0,Qwen2.5-7B-Instruct-RLVR_aligned
cardiomegaly,cardiomegaly,0.1982421875,0,Qwen2.5-7B-Instruct-RLVR_aligned
normal,normal,1.0,0,Qwen2.5-7B-Instruct-RLVR_aligned
normal,normal,1.0,0,Qwen2.5-7B-Instruct-RLVR_aligned
normal,normal,1.0,0,Qwen2.5-7B-Instruct-RLVR_aligned
normal,normal,1.0,0,Qwen2.5-7B-Instruct-RLVR_aligned
cardiomegaly,cardiomegaly,0.296875,0,Qwen2.5-7B-Instruct-RLVR_aligned
cardiomegaly,cardiomegaly,0.96875,0,Qwen2.5-7B-Instruct-RLVR_aligned
cardiomegaly,cardiomegaly,0.99609375,0,Qwen2.5-7B-Instruct-RLVR_aligned
cardiomegaly,cardiomegaly,0.98828125,0,Qwen2.5-7B-Instruct-RLVR_aligned
cardiomegaly,cardiomegaly,0.1982421875,0,Qwen2.5-7B-Instruct-RLVR_aligned
normal,normal,1.0,0,Qwen2.5-7B-Instruct-RLVR_aligned
tortuous vessel in aorta,"tortuous vessel in aorta, thoracic",0.69921875,0,Qwen2.5-7B-Instruct-RLVR_aligned
tortuous vessel in aorta,"tortuous vessel in aorta, thoracic",0.06689453125,0,Qwen2.5-7B-Instruct-RLVR_aligned
tortuous vessel in aorta,"tortuous vessel in aorta, thoracic",1.0,1,Qwen2.5-7B-Instruct-RLVR_aligned
tortuous vessel in aorta,"tortuous vessel in aorta, thoracic",0.8203125,1,Qwen2.5-7B-Instruct-RLVR_aligned
tortuous vessel in aorta,"tortuous vessel in aorta, thoracic",1.0,1,Qwen2.5-7B-Instruct-RLVR_aligned
tortuous vessel in aorta,"tortuous vessel in aorta, thoracic",0.90234375,1,Qwen2.5-7B-Instruct-RLVR_aligned
tortuous vessel in aorta,"tortuous vessel in aorta, thoracic",0.984375,1,Qwen2.5-7B-Instruct-RLVR_aligned
tortuous vessel in aorta,"tortuous vessel in aorta, thoracic",0.734375,0,Qwen2.5-7B-Instruct-RLVR_aligned
tortuous vessel in aorta,"tortuous vessel in aorta, thoracic",0.796875,0,Qwen2.5-7B-Instruct-RLVR_aligned
tortuous vessel in aorta,"tortuous vessel in aorta, thoracic",0.408203125,0,Qwen2.5-7B-Instruct-RLVR_aligned
calcified granuloma,calcified granuloma,0.9609375,0,Qwen2.5-7B-Instruct-RLVR_aligned
calcified granuloma,calcified granuloma,0.703125,0,Qwen2.5-7B-Instruct-RLVR_aligned
calcified granuloma,calcified granuloma,0.9921875,0,Qwen2.5-7B-Instruct-RLVR_aligned
calcified granuloma,calcified granuloma,0.55078125,0,Qwen2.5-7B-Instruct-RLVR_aligned
calcified granuloma,calcified granuloma,0.99609375,0,Qwen2.5-7B-Instruct-RLVR_aligned
cardiomegaly,cardiomegaly,0.296875,0,Qwen2.5-7B-Instruct-RLVR_aligned
cardiomegaly,cardiomegaly,0.96875,0,Qwen2.5-7B-Instruct-RLVR_aligned
cardiomegaly,cardiomegaly,0.99609375,0,Qwen2.5-7B-Instruct-RLVR_aligned
cardiomegaly,cardiomegaly,0.98828125,0,Qwen2.5-7B-Instruct-RLVR_aligned
cardiomegaly,cardiomegaly,0.1982421875,0,Qwen2.5-7B-Instruct-RLVR_aligned
normal,normal,1.0,0,Qwen2.5-7B-Instruct-RLVR_aligned
hernia hiatal,"hernia, hiatal",0.25,0,Qwen2.5-7B-Instruct-RLVR_aligned
hernia hiatal,"hernia, hiatal",0.99609375,1,Qwen2.5-7B-Instruct-RLVR_aligned
hernia hiatal,"hernia, hiatal",0.99609375,1,Qwen2.5-7B-Instruct-RLVR_aligned
hernia hiatal,"hernia, hiatal",0.26171875,1,Qwen2.5-7B-Instruct-RLVR_aligned
hernia hiatal,"hernia, hiatal",0.2451171875,0,Qwen2.5-7B-Instruct-RLVR_aligned
hernia hiatal,"hernia, hiatal",1.0,1,Qwen2.5-7B-Instruct-RLVR_aligned
normal,normal,1.0,0,Qwen2.5-7B-Instruct-RLVR_aligned
pleural effusion,pleural effusion,0.279296875,0,Qwen2.5-7B-Instruct-RLVR_aligned
pleural effusion,pleural effusion,0.99609375,1,Qwen2.5-7B-Instruct-RLVR_aligned
pleural effusion,pleural effusion,0.71875,1,Qwen2.5-7B-Instruct-RLVR_aligned
pleural effusion,pleural effusion,0.9921875,1,Qwen2.5-7B-Instruct-RLVR_aligned
pulmonary atelectasis,pulmonary atelectasis,0.1748046875,0,Qwen2.5-7B-Instruct-RLVR_aligned
pulmonary atelectasis,pulmonary atelectasis,1.0,1,Qwen2.5-7B-Instruct-RLVR_aligned
pulmonary atelectasis,pulmonary atelectasis,1.0,1,Qwen2.5-7B-Instruct-RLVR_aligned
pulmonary atelectasis,pulmonary atelectasis,0.52734375,1,Qwen2.5-7B-Instruct-RLVR_aligned
pulmonary atelectasis,pulmonary atelectasis,0.99609375,1,Qwen2.5-7B-Instruct-RLVR_aligned
pulmonary atelectasis,pulmonary atelectasis,0.99609375,1,Qwen2.5-7B-Instruct-RLVR_aligned
normal,normal,1.0,0,Qwen2.5-7B-Instruct-RLVR_aligned
tortuous vessel in aorta,diaphragmatic eventration,0.70703125,0,Qwen2.5-7B-Instruct-RLVR_aligned
tortuous vessel in aorta,diaphragmatic eventration,1.0,1,Qwen2.5-7B-Instruct-RLVR_aligned
tortuous vessel in aorta,diaphragmatic eventration,0.640625,1,Qwen2.5-7B-Instruct-RLVR_aligned
tortuous vessel in aorta,diaphragmatic eventration,0.53125,0,Qwen2.5-7B-Instruct-RLVR_aligned
tortuous vessel in aorta,diaphragmatic eventration,1.0,1,Qwen2.5-7B-Instruct-RLVR_aligned
osteophyte,osteophyte,0.8046875,0,Qwen2.5-7B-Instruct-RLVR_aligned
osteophyte,osteophyte,0.765625,1,Qwen2.5-7B-Instruct-RLVR_aligned
osteophyte,osteophyte,0.9609375,1,Qwen2.5-7B-Instruct-RLVR_aligned
atherosclerosis,atherosclerosis,0.296875,0,Qwen2.5-7B-Instruct-RLVR_aligned
atherosclerosis,atherosclerosis,0.9609375,1,Qwen2.5-7B-Instruct-RLVR_aligned
atherosclerosis,atherosclerosis,0.984375,1,Qwen2.5-7B-Instruct-RLVR_aligned
atherosclerosis,atherosclerosis,0.296875,0,Qwen2.5-7B-Instruct-RLVR_aligned
atherosclerosis,atherosclerosis,0.9609375,1,Qwen2.5-7B-Instruct-RLVR_aligned
atherosclerosis,atherosclerosis,0.984375,1,Qwen2.5-7B-Instruct-RLVR_aligned
pleural effusion,pleural effusion,0.279296875,0,Qwen2.5-7B-Instruct-RLVR_aligned
pleural effusion,pleural effusion,0.99609375,1,Qwen2.5-7B-Instruct-RLVR_aligned
pleural effusion,pleural effusion,0.71875,1,Qwen2.5-7B-Instruct-RLVR_aligned
pleural effusion,pleural effusion,0.9921875,1,Qwen2.5-7B-Instruct-RLVR_aligned
scoliosis,granuloma,0.10888671875,0,Qwen2.5-7B-Instruct-RLVR_aligned
scoliosis,granuloma,0.96484375,1,Qwen2.5-7B-Instruct-RLVR_aligned
scoliosis,granuloma,0.99609375,0,Qwen2.5-7B-Instruct-RLVR_aligned
tortuous vessel in aorta,tortuous vessel in aorta,0.7109375,0,Qwen2.5-7B-Instruct-RLVR_aligned
tortuous vessel in aorta,tortuous vessel in aorta,0.06494140625,0,Qwen2.5-7B-Instruct-RLVR_aligned
tortuous vessel in aorta,tortuous vessel in aorta,1.0,1,Qwen2.5-7B-Instruct-RLVR_aligned
tortuous vessel in aorta,tortuous vessel in aorta,0.859375,1,Qwen2.5-7B-Instruct-RLVR_aligned
tortuous vessel in aorta,tortuous vessel in aorta,1.0,1,Qwen2.5-7B-Instruct-RLVR_aligned
tortuous vessel in aorta,tortuous vessel in aorta,0.91015625,1,Qwen2.5-7B-Instruct-RLVR_aligned
tortuous vessel in aorta,tortuous vessel in aorta,0.98828125,1,Qwen2.5-7B-Instruct-RLVR_aligned
cardiomegaly,cardiomegaly,0.296875,0,Qwen2.5-7B-Instruct-RLVR_aligned
cardiomegaly,cardiomegaly,0.96875,0,Qwen2.5-7B-Instruct-RLVR_aligned
cardiomegaly,cardiomegaly,0.99609375,0,Qwen2.5-7B-Instruct-RLVR_aligned
cardiomegaly,cardiomegaly,0.98828125,0,Qwen2.5-7B-Instruct-RLVR_aligned
cardiomegaly,cardiomegaly,0.1982421875,0,Qwen2.5-7B-Instruct-RLVR_aligned
lung hypoinflation in lung,lung hypoinflation in lung,0.2041015625,0,Qwen2.5-7B-Instruct-RLVR_aligned
lung hypoinflation in lung,lung hypoinflation in lung,0.96875,1,Qwen2.5-7B-Instruct-RLVR_aligned
lung hypoinflation in lung,lung hypoinflation in lung,1.0,1,Qwen2.5-7B-Instruct-RLVR_aligned
lung hypoinflation in lung,lung hypoinflation in lung,1.0,1,Qwen2.5-7B-Instruct-RLVR_aligned
lung hypoinflation in lung,lung hypoinflation in lung,0.47265625,1,Qwen2.5-7B-Instruct-RLVR_aligned
lung hypoinflation in lung,lung hypoinflation in lung,0.94140625,1,Qwen2.5-7B-Instruct-RLVR_aligned
osteophyte,osteophyte,0.8046875,0,Qwen2.5-7B-Instruct-RLVR_aligned
osteophyte,osteophyte,0.765625,1,Qwen2.5-7B-Instruct-RLVR_aligned
osteophyte,osteophyte,0.9609375,1,Qwen2.5-7B-Instruct-RLVR_aligned
pulmonary opacity,pulmonary atelectasis,0.50390625,0,Qwen2.5-7B-Instruct-RLVR_aligned
pulmonary opacity,pulmonary atelectasis,1.0,1,Qwen2.5-7B-Instruct-RLVR_aligned
pulmonary opacity,pulmonary atelectasis,1.0,1,Qwen2.5-7B-Instruct-RLVR_aligned
pulmonary opacity,pulmonary atelectasis,0.93359375,0,Qwen2.5-7B-Instruct-RLVR_aligned
pulmonary opacity,pulmonary atelectasis,0.9609375,1,Qwen2.5-7B-Instruct-RLVR_aligned
pulmonary opacity,pulmonary atelectasis,0.5859375,1,Qwen2.5-7B-Instruct-RLVR_aligned
normal,normal,1.0,0,Qwen2.5-7B-Instruct-RLVR_aligned
pulmonary fibrosis,atherosclerosis,0.302734375,0,Qwen2.5-7B-Instruct-RLVR_aligned
pulmonary fibrosis,atherosclerosis,0.25390625,0,Qwen2.5-7B-Instruct-RLVR_aligned
pulmonary fibrosis,atherosclerosis,0.890625,1,Qwen2.5-7B-Instruct-RLVR_aligned
normal,normal,1.0,0,Qwen2.5-7B-Instruct-RLVR_aligned
calcified granuloma,calcified granuloma,0.9609375,0,Qwen2.5-7B-Instruct-RLVR_aligned
calcified granuloma,calcified granuloma,0.703125,0,Qwen2.5-7B-Instruct-RLVR_aligned
calcified granuloma,calcified granuloma,0.9921875,0,Qwen2.5-7B-Instruct-RLVR_aligned
calcified granuloma,calcified granuloma,0.55078125,0,Qwen2.5-7B-Instruct-RLVR_aligned
calcified granuloma,calcified granuloma,0.99609375,0,Qwen2.5-7B-Instruct-RLVR_aligned
pleural effusion,pleural effusion,0.279296875,0,Qwen2.5-7B-Instruct-RLVR_aligned
pleural effusion,pleural effusion,0.99609375,1,Qwen2.5-7B-Instruct-RLVR_aligned
pleural effusion,pleural effusion,0.71875,1,Qwen2.5-7B-Instruct-RLVR_aligned
pleural effusion,pleural effusion,0.9921875,1,Qwen2.5-7B-Instruct-RLVR_aligned
normal,normal,1.0,0,Qwen2.5-7B-Instruct-RLVR_aligned
normal,normal,1.0,0,Qwen2.5-7B-Instruct-RLVR_aligned
pulmonary disease chronic obstructive,cystic fibrosis,0.138671875,0,Qwen2.5-7B-Instruct-RLVR_aligned
pulmonary disease chronic obstructive,cystic fibrosis,0.99609375,0,Qwen2.5-7B-Instruct-RLVR_aligned
pulmonary disease chronic obstructive,cystic fibrosis,0.40625,0,Qwen2.5-7B-Instruct-RLVR_aligned
pulmonary disease chronic obstructive,cystic fibrosis,0.96875,0,Qwen2.5-7B-Instruct-RLVR_aligned
pulmonary disease chronic obstructive,cystic fibrosis,0.3203125,0,Qwen2.5-7B-Instruct-RLVR_aligned
pulmonary nodule,granuloma,0.224609375,0,Qwen2.5-7B-Instruct-RLVR_aligned
pulmonary nodule,granuloma,0.953125,1,Qwen2.5-7B-Instruct-RLVR_aligned
pulmonary nodule,granuloma,0.73046875,1,Qwen2.5-7B-Instruct-RLVR_aligned
bilateral degenerative change in,lung hyperdistention in lung,0.95703125,0,Qwen2.5-7B-Instruct-RLVR_aligned
bilateral degenerative change in,lung hyperdistention in lung,0.365234375,0,Qwen2.5-7B-Instruct-RLVR_aligned
bilateral degenerative change in,lung hyperdistention in lung,0.41015625,0,Qwen2.5-7B-Instruct-RLVR_aligned
bilateral degenerative change in,lung hyperdistention in lung,0.498046875,1,Qwen2.5-7B-Instruct-RLVR_aligned
bilateral degenerative change in,lung hyperdistention in lung,0.58984375,0,Qwen2.5-7B-Instruct-RLVR_aligned
bilateral degenerative change in,lung hyperdistention in lung,0.84765625,0,Qwen2.5-7B-Instruct-RLVR_aligned
cicatrix,cicatrix,0.189453125,0,Qwen2.5-7B-Instruct-RLVR_aligned
cicatrix,cicatrix,0.142578125,0,Qwen2.5-7B-Instruct-RLVR_aligned
cicatrix,cicatrix,0.98828125,1,Qwen2.5-7B-Instruct-RLVR_aligned
pulmonary nodule,pulmonary nodule,0.2177734375,0,Qwen2.5-7B-Instruct-RLVR_aligned
pulmonary nodule,pulmonary nodule,0.99609375,1,Qwen2.5-7B-Instruct-RLVR_aligned
pulmonary nodule,pulmonary nodule,1.0,1,Qwen2.5-7B-Instruct-RLVR_aligned
pulmonary nodule,pulmonary nodule,0.921875,1,Qwen2.5-7B-Instruct-RLVR_aligned
pulmonary nodule,pulmonary nodule,1.0,1,Qwen2.5-7B-Instruct-RLVR_aligned
normal,normal,1.0,0,Qwen2.5-7B-Instruct-RLVR_aligned
