prompt,response,confidence,correct,model
normal,normal,1.0,0,Qwen2.5-7B-Instruct-finetuned
normal,normal,1.0,0,Qwen2.5-7B-Instruct-finetuned
cardiomegaly,cardiomegaly,0.28515625,0,Qwen2.5-7B-Instruct-finetuned
cardiomegaly,cardiomegaly,0.96875,0,Qwen2.5-7B-Instruct-finetuned
cardiomegaly,cardiomegaly,0.99609375,0,Qwen2.5-7B-Instruct-finetuned
cardiomegaly,cardiomegaly,0.9921875,0,Qwen2.5-7B-Instruct-finetuned
cardiomegaly,cardiomegaly,0.2041015625,0,Qwen2.5-7B-Instruct-finetuned
normal,normal,1.0,0,Qwen2.5-7B-Instruct-finetuned
pulmonary atelectasis,focal abnormality in airspace disease,0.169921875,0,Qwen2.5-7B-Instruct-finetuned
pulmonary atelectasis,focal abnormality in airspace disease,0.158203125,0,Qwen2.5-7B-Instruct-finetuned
pulmonary atelectasis,focal abnormality in airspace disease,0.390625,0,Qwen2.5-7B-Instruct-finetuned
pulmonary atelectasis,focal abnormality in airspace disease,1.0,1,Qwen2.5-7B-Instruct-finetuned
pulmonary atelectasis,focal abnormality in airspace disease,0.9765625,1,Qwen2.5-7B-Instruct-finetuned
pulmonary atelectasis,focal abnormality in airspace disease,0.99609375,0,Qwen2.5-7B-Instruct-finetuned
pulmonary atelectasis,focal abnormality in airspace disease,0.24609375,0,Qwen2.5-7B-Instruct-finetuned
pleural effusion,pleural effusion,0.29296875,0,Qwen2.5-7B-Instruct-finetuned
pleural effusion,pleural effusion,0.99609375,1,Qwen2.5-7B-Instruct-finetuned
pleural effusion,pleural effusion,0.734375,1,Qwen2.5-7B-Instruct-finetuned
pleural effusion,pleural effusion,0.99609375,1,Qwen2.5-7B-Instruct-finetuned
normal,normal,1.0,0,Qwen2.5-7B-Instruct-finetuned
pulmonary atelectasis,pulmonary atelectasis,0.169921875,0,Qwen2.5-7B-Instruct-finetuned
pulmonary atelectasis,pulmonary atelectasis,1.0,1,Qwen2.5-7B-Instruct-finetuned
pulmonary atelectasis,pulmonary atelectasis,1.0,1,Qwen2.5-7B-Instruct-finetuned
pulmonary atelectasis,pulmonary atelectasis,0.5546875,1,Qwen2.5-7B-Instruct-finetuned
pulmonary atelectasis,pulmonary atelectasis,0.99609375,1,Qwen2.5-7B-Instruct-finetuned
pulmonary atelectasis,pulmonary atelectasis,0.99609375,1,Qwen2.5-7B-Instruct-finetuned
normal,normal,1.0,0,Qwen2.5-7B-Instruct-finetuned
cardiomegaly,cardiomegaly,0.28515625,0,Qwen2.5-7B-Instruct-finetuned
cardiomegaly,cardiomegaly,0.96875,0,Qwen2.5-7B-Instruct-finetuned
cardiomegaly,cardiomegaly,0.99609375,0,Qwen2.5-7B-Instruct-finetuned
cardiomegaly,cardiomegaly,0.9921875,0,Qwen2.5-7B-Instruct-finetuned
cardiomegaly,cardiomegaly,0.2041015625,0,Qwen2.5-7B-Instruct-finetuned
pleural effusion,pneumonia,0.29296875,0,Qwen2.5-7B-Instruct-finetuned
pleural effusion,pneumonia,0.42578125,1,Qwen2.5-7B-Instruct-finetuned
pleural effusion,pneumonia,1.0,1,Qwen2.5-7B-Instruct-finetuned
pleural effusion,pneumonia,0.95703125,0,Qwen2.5-7B-Instruct-finetuned
normal,normal,1.0,0,Qwen2.5-7B-Instruct-finetuned
normal,normal,1.0,0,Qwen2.5-7B-Instruct-finetuned
normal,normal,1.0,0,Qwen2.5-7B-Instruct-finetuned
calcinosis calcified gran,"bone diseases, metabolic",0.98828125,0,Qwen2.5-7B-Instruct-finetuned
calcinosis calcified gran,"bone diseases, metabolic",0.126953125,0,Qwen2.5-7B-Instruct-finetuned
calcinosis calcified gran,"bone diseases, metabolic",0.2890625,0,Qwen2.5-7B-Instruct-finetuned
calcinosis calcified gran,"bone diseases, metabolic",0.8359375,0,Qwen2.5-7B-Instruct-finetuned
normal,normal,1.0,0,Qwen2.5-7B-Instruct-finetuned
pulmonary atelectasis,pulmonary atelectasis,0.169921875,0,Qwen2.5-7B-Instruct-finetuned
pulmonary atelectasis,pulmonary atelectasis,1.0,1,Qwen2.5-7B-Instruct-finetuned
pulmonary atelectasis,pulmonary atelectasis,1.0,1,Qwen2.5-7B-Instruct-finetuned
pulmonary atelectasis,pulmonary atelectasis,0.5546875,1,Qwen2.5-7B-Instruct-finetuned
pulmonary atelectasis,pulmonary atelectasis,0.99609375,1,Qwen2.5-7B-Instruct-finetuned
pulmonary atelectasis,pulmonary atelectasis,0.99609375,1,Qwen2.5-7B-Instruct-finetuned
normal,normal,1.0,0,Qwen2.5-7B-Instruct-finetuned
aortic aneurysm,tortuous vessel in aorta,0.1728515625,0,Qwen2.5-7B-Instruct-finetuned
aortic aneurysm,tortuous vessel in aorta,0.8359375,0,Qwen2.5-7B-Instruct-finetuned
aortic aneurysm,tortuous vessel in aorta,0.294921875,0,Qwen2.5-7B-Instruct-finetuned
aortic aneurysm,tortuous vessel in aorta,0.6171875,0,Qwen2.5-7B-Instruct-finetuned
aortic aneurysm,tortuous vessel in aorta,0.78515625,0,Qwen2.5-7B-Instruct-finetuned
aortic aneurysm,tortuous vessel in aorta,0.361328125,0,Qwen2.5-7B-Instruct-finetuned
aortic aneurysm,tortuous vessel in aorta,0.60546875,0,Qwen2.5-7B-Instruct-finetuned
granuloma,granuloma,0.474609375,0,Qwen2.5-7B-Instruct-finetuned
granuloma,granuloma,0.55078125,0,Qwen2.5-7B-Instruct-finetuned
granuloma,granuloma,0.99609375,0,Qwen2.5-7B-Instruct-finetuned
cardiomegaly,cardiomegaly,0.28515625,0,Qwen2.5-7B-Instruct-finetuned
cardiomegaly,cardiomegaly,0.96875,0,Qwen2.5-7B-Instruct-finetuned
cardiomegaly,cardiomegaly,0.99609375,0,Qwen2.5-7B-Instruct-finetuned
cardiomegaly,cardiomegaly,0.9921875,0,Qwen2.5-7B-Instruct-finetuned
cardiomegaly,cardiomegaly,0.2041015625,0,Qwen2.5-7B-Instruct-finetuned
normal,normal,1.0,0,Qwen2.5-7B-Instruct-finetuned
normal,normal,1.0,0,Qwen2.5-7B-Instruct-finetuned
lung hypoinflation in lung,lung hypoinflation in lung,0.2431640625,0,Qwen2.5-7B-Instruct-finetuned
lung hypoinflation in lung,lung hypoinflation in lung,0.9765625,1,Qwen2.5-7B-Instruct-finetuned
lung hypoinflation in lung,lung hypoinflation in lung,1.0,1,Qwen2.5-7B-Instruct-finetuned
lung hypoinflation in lung,lung hypoinflation in lung,1.0,1,Qwen2.5-7B-Instruct-finetuned
lung hypoinflation in lung,lung hypoinflation in lung,0.359375,1,Qwen2.5-7B-Instruct-finetuned
lung hypoinflation in lung,lung hypoinflation in lung,0.94921875,1,Qwen2.5-7B-Instruct-finetuned
normal,normal,1.0,0,Qwen2.5-7B-Instruct-finetuned
cardiomegaly,cardiomegaly,0.28515625,0,Qwen2.5-7B-Instruct-finetuned
cardiomegaly,cardiomegaly,0.96875,0,Qwen2.5-7B-Instruct-finetuned
cardiomegaly,cardiomegaly,0.99609375,0,Qwen2.5-7B-Instruct-finetuned
cardiomegaly,cardiomegaly,0.9921875,0,Qwen2.5-7B-Instruct-finetuned
cardiomegaly,cardiomegaly,0.2041015625,0,Qwen2.5-7B-Instruct-finetuned
normal,normal,1.0,0,Qwen2.5-7B-Instruct-finetuned
normal,normal,1.0,0,Qwen2.5-7B-Instruct-finetuned
cardiomegaly,cardiomegaly,0.28515625,0,Qwen2.5-7B-Instruct-finetuned
cardiomegaly,cardiomegaly,0.96875,0,Qwen2.5-7B-Instruct-finetuned
cardiomegaly,cardiomegaly,0.99609375,0,Qwen2.5-7B-Instruct-finetuned
cardiomegaly,cardiomegaly,0.9921875,0,Qwen2.5-7B-Instruct-finetuned
cardiomegaly,cardiomegaly,0.2041015625,0,Qwen2.5-7B-Instruct-finetuned
normal,normal,1.0,0,Qwen2.5-7B-Instruct-finetuned
pneumonia,calcified granuloma,0.2021484375,0,Qwen2.5-7B-Instruct-finetuned
pneumonia,calcified granuloma,0.1376953125,0,Qwen2.5-7B-Instruct-finetuned
pneumonia,calcified granuloma,0.90625,0,Qwen2.5-7B-Instruct-finetuned
pneumonia,calcified granuloma,0.9609375,0,Qwen2.5-7B-Instruct-finetuned
pneumonia,calcified granuloma,0.99609375,0,Qwen2.5-7B-Instruct-finetuned
pulmonary atelectasis,pulmonary atelectasis,0.169921875,0,Qwen2.5-7B-Instruct-finetuned
pulmonary atelectasis,pulmonary atelectasis,1.0,1,Qwen2.5-7B-Instruct-finetuned
pulmonary atelectasis,pulmonary atelectasis,1.0,1,Qwen2.5-7B-Instruct-finetuned
pulmonary atelectasis,pulmonary atelectasis,0.5546875,1,Qwen2.5-7B-Instruct-finetuned
pulmonary atelectasis,pulmonary atelectasis,0.99609375,1,Qwen2.5-7B-Instruct-finetuned
pulmonary atelectasis,pulmonary atelectasis,0.99609375,1,Qwen2.5-7B-Instruct-finetuned
normal,normal,1.0,0,Qwen2.5-7B-Instruct-finetuned
pulmonary atelectasis,cicatrix,0.1494140625,0,Qwen2.5-7B-Instruct-finetuned
pulmonary atelectasis,cicatrix,0.91796875,0,Qwen2.5-7B-Instruct-finetuned
pulmonary atelectasis,cicatrix,0.61328125,1,Qwen2.5-7B-Instruct-finetuned
calcified granuloma,calcified granuloma,0.9609375,0,Qwen2.5-7B-Instruct-finetuned
calcified granuloma,calcified granuloma,0.70703125,0,Qwen2.5-7B-Instruct-finetuned
calcified granuloma,calcified granuloma,0.9921875,0,Qwen2.5-7B-Instruct-finetuned
calcified granuloma,calcified granuloma,0.51171875,0,Qwen2.5-7B-Instruct-finetuned
calcified granuloma,calcified granuloma,0.99609375,0,Qwen2.5-7B-Instruct-finetuned
normal,normal,1.0,0,Qwen2.5-7B-Instruct-finetuned
pulmonary atelectasis,cicatrix,0.1494140625,0,Qwen2.5-7B-Instruct-finetuned
pulmonary atelectasis,cicatrix,0.91796875,0,Qwen2.5-7B-Instruct-finetuned
pulmonary atelectasis,cicatrix,0.61328125,1,Qwen2.5-7B-Instruct-finetuned
atherosclerosis,atherosclerosis,0.3203125,0,Qwen2.5-7B-Instruct-finetuned
atherosclerosis,atherosclerosis,0.96484375,1,Qwen2.5-7B-Instruct-finetuned
atherosclerosis,atherosclerosis,0.9765625,1,Qwen2.5-7B-Instruct-finetuned
lung hypoinflation in lung,lung hypoinflation in lung,0.2431640625,0,Qwen2.5-7B-Instruct-finetuned
lung hypoinflation in lung,lung hypoinflation in lung,0.9765625,1,Qwen2.5-7B-Instruct-finetuned
lung hypoinflation in lung,lung hypoinflation in lung,1.0,1,Qwen2.5-7B-Instruct-finetuned
lung hypoinflation in lung,lung hypoinflation in lung,1.0,1,Qwen2.5-7B-Instruct-finetuned
lung hypoinflation in lung,lung hypoinflation in lung,0.359375,1,Qwen2.5-7B-Instruct-finetuned
lung hypoinflation in lung,lung hypoinflation in lung,0.94921875,1,Qwen2.5-7B-Instruct-finetuned
calcinosis,calcinosis,0.2353515625,0,Qwen2.5-7B-Instruct-finetuned
calcinosis,calcinosis,0.16796875,0,Qwen2.5-7B-Instruct-finetuned
calcinosis,calcinosis,0.2021484375,0,Qwen2.5-7B-Instruct-finetuned
normal,foreign bodies,1.0,0,Qwen2.5-7B-Instruct-finetuned
normal,foreign bodies,0.1611328125,0,Qwen2.5-7B-Instruct-finetuned
normal,normal,1.0,0,Qwen2.5-7B-Instruct-finetuned
cicatrix,bronchiectasis,0.169921875,0,Qwen2.5-7B-Instruct-finetuned
cicatrix,bronchiectasis,0.93359375,0,Qwen2.5-7B-Instruct-finetuned
cicatrix,bronchiectasis,0.78125,0,Qwen2.5-7B-Instruct-finetuned
cicatrix,bronchiectasis,0.5234375,1,Qwen2.5-7B-Instruct-finetuned
pulmonary emphysema,calcinosis,0.14453125,0,Qwen2.5-7B-Instruct-finetuned
pulmonary emphysema,calcinosis,0.60546875,0,Qwen2.5-7B-Instruct-finetuned
pulmonary emphysema,calcinosis,0.99609375,1,Qwen2.5-7B-Instruct-finetuned
normal,normal,1.0,0,Qwen2.5-7B-Instruct-finetuned
normal,normal,1.0,0,Qwen2.5-7B-Instruct-finetuned
normal,normal,1.0,0,Qwen2.5-7B-Instruct-finetuned
calcinosis,calcinosis,0.2353515625,0,Qwen2.5-7B-Instruct-finetuned
calcinosis,calcinosis,0.16796875,0,Qwen2.5-7B-Instruct-finetuned
calcinosis,calcinosis,0.2021484375,0,Qwen2.5-7B-Instruct-finetuned
calcinosis,calcinosis,0.2353515625,0,Qwen2.5-7B-Instruct-finetuned
calcinosis,calcinosis,0.16796875,0,Qwen2.5-7B-Instruct-finetuned
calcinosis,calcinosis,0.2021484375,0,Qwen2.5-7B-Instruct-finetuned
pulmonary opacity,pulmonary opacity,0.53515625,0,Qwen2.5-7B-Instruct-finetuned
pulmonary opacity,pulmonary opacity,1.0,1,Qwen2.5-7B-Instruct-finetuned
pulmonary opacity,pulmonary opacity,0.99609375,1,Qwen2.5-7B-Instruct-finetuned
pulmonary opacity,pulmonary opacity,0.9453125,1,Qwen2.5-7B-Instruct-finetuned
normal,normal,1.0,0,Qwen2.5-7B-Instruct-finetuned
elevated diaphragm in di,elevated diaphragm in diaphragm,0.80859375,0,Qwen2.5-7B-Instruct-finetuned
elevated diaphragm in di,elevated diaphragm in diaphragm,0.95703125,0,Qwen2.5-7B-Instruct-finetuned
elevated diaphragm in di,elevated diaphragm in diaphragm,0.8515625,0,Qwen2.5-7B-Instruct-finetuned
elevated diaphragm in di,elevated diaphragm in diaphragm,1.0,0,Qwen2.5-7B-Instruct-finetuned
elevated diaphragm in di,elevated diaphragm in diaphragm,1.0,0,Qwen2.5-7B-Instruct-finetuned
elevated diaphragm in di,elevated diaphragm in diaphragm,0.8984375,0,Qwen2.5-7B-Instruct-finetuned
elevated diaphragm in di,elevated diaphragm in diaphragm,0.212890625,0,Qwen2.5-7B-Instruct-finetuned
elevated diaphragm in di,elevated diaphragm in diaphragm,0.96484375,0,Qwen2.5-7B-Instruct-finetuned
elevated diaphragm in di,elevated diaphragm in diaphragm,0.65234375,0,Qwen2.5-7B-Instruct-finetuned
elevated diaphragm in di,elevated diaphragm in diaphragm,0.1826171875,0,Qwen2.5-7B-Instruct-finetuned
pulmonary atelectasis,atherosclerosis,0.169921875,0,Qwen2.5-7B-Instruct-finetuned
pulmonary atelectasis,atherosclerosis,0.2275390625,0,Qwen2.5-7B-Instruct-finetuned
pulmonary atelectasis,atherosclerosis,0.75390625,1,Qwen2.5-7B-Instruct-finetuned
normal,normal,1.0,0,Qwen2.5-7B-Instruct-finetuned
normal,normal,1.0,0,Qwen2.5-7B-Instruct-finetuned
pulmonary atelectasis,streaky opacity in opacity,0.169921875,0,Qwen2.5-7B-Instruct-finetuned
pulmonary atelectasis,streaky opacity in opacity,0.1884765625,1,Qwen2.5-7B-Instruct-finetuned
pulmonary atelectasis,streaky opacity in opacity,1.0,1,Qwen2.5-7B-Instruct-finetuned
pulmonary atelectasis,streaky opacity in opacity,0.3203125,0,Qwen2.5-7B-Instruct-finetuned
pulmonary atelectasis,streaky opacity in opacity,0.8359375,1,Qwen2.5-7B-Instruct-finetuned
pulmonary atelectasis,streaky opacity in opacity,0.94921875,0,Qwen2.5-7B-Instruct-finetuned
elevated diaphragm in di,elevated diaphragm in diaphragm,0.80859375,0,Qwen2.5-7B-Instruct-finetuned
elevated diaphragm in di,elevated diaphragm in diaphragm,0.95703125,0,Qwen2.5-7B-Instruct-finetuned
elevated diaphragm in di,elevated diaphragm in diaphragm,0.8515625,0,Qwen2.5-7B-Instruct-finetuned
elevated diaphragm in di,elevated diaphragm in diaphragm,1.0,0,Qwen2.5-7B-Instruct-finetuned
elevated diaphragm in di,elevated diaphragm in diaphragm,1.0,0,Qwen2.5-7B-Instruct-finetuned
elevated diaphragm in di,elevated diaphragm in diaphragm,0.8984375,0,Qwen2.5-7B-Instruct-finetuned
elevated diaphragm in di,elevated diaphragm in diaphragm,0.212890625,0,Qwen2.5-7B-Instruct-finetuned
elevated diaphragm in di,elevated diaphragm in diaphragm,0.96484375,0,Qwen2.5-7B-Instruct-finetuned
elevated diaphragm in di,elevated diaphragm in diaphragm,0.65234375,0,Qwen2.5-7B-Instruct-finetuned
elevated diaphragm in di,elevated diaphragm in diaphragm,0.1826171875,0,Qwen2.5-7B-Instruct-finetuned
normal,normal,1.0,0,Qwen2.5-7B-Instruct-finetuned
lung hyperdistention in lung,lung hyperdistention in lung,0.2421875,0,Qwen2.5-7B-Instruct-finetuned
lung hyperdistention in lung,lung hyperdistention in lung,0.384765625,1,Qwen2.5-7B-Instruct-finetuned
lung hyperdistention in lung,lung hyperdistention in lung,0.81640625,1,Qwen2.5-7B-Instruct-finetuned
lung hyperdistention in lung,lung hyperdistention in lung,0.95703125,1,Qwen2.5-7B-Instruct-finetuned
lung hyperdistention in lung,lung hyperdistention in lung,0.859375,1,Qwen2.5-7B-Instruct-finetuned
lung hyperdistention in lung,lung hyperdistention in lung,0.9453125,1,Qwen2.5-7B-Instruct-finetuned
cardiomegaly,cardiomegaly,0.28515625,0,Qwen2.5-7B-Instruct-finetuned
cardiomegaly,cardiomegaly,0.96875,0,Qwen2.5-7B-Instruct-finetuned
cardiomegaly,cardiomegaly,0.99609375,0,Qwen2.5-7B-Instruct-finetuned
cardiomegaly,cardiomegaly,0.9921875,0,Qwen2.5-7B-Instruct-finetuned
cardiomegaly,cardiomegaly,0.2041015625,0,Qwen2.5-7B-Instruct-finetuned
calcinosis,calcinosis,0.2353515625,0,Qwen2.5-7B-Instruct-finetuned
calcinosis,calcinosis,0.16796875,0,Qwen2.5-7B-Instruct-finetuned
calcinosis,calcinosis,0.2021484375,0,Qwen2.5-7B-Instruct-finetuned
normal,normal,1.0,0,Qwen2.5-7B-Instruct-finetuned
lung hypoinflation in lung,lung hypoinflation in lung,0.2431640625,0,Qwen2.5-7B-Instruct-finetuned
lung hypoinflation in lung,lung hypoinflation in lung,0.9765625,1,Qwen2.5-7B-Instruct-finetuned
lung hypoinflation in lung,lung hypoinflation in lung,1.0,1,Qwen2.5-7B-Instruct-finetuned
lung hypoinflation in lung,lung hypoinflation in lung,1.0,1,Qwen2.5-7B-Instruct-finetuned
lung hypoinflation in lung,lung hypoinflation in lung,0.359375,1,Qwen2.5-7B-Instruct-finetuned
lung hypoinflation in lung,lung hypoinflation in lung,0.94921875,1,Qwen2.5-7B-Instruct-finetuned
pneumonia,patchy opacity in opacity,0.25,0,Qwen2.5-7B-Instruct-finetuned
pneumonia,patchy opacity in opacity,0.70703125,0,Qwen2.5-7B-Instruct-finetuned
pneumonia,patchy opacity in opacity,0.80078125,0,Qwen2.5-7B-Instruct-finetuned
pneumonia,patchy opacity in opacity,0.2158203125,0,Qwen2.5-7B-Instruct-finetuned
pneumonia,patchy opacity in opacity,0.91015625,0,Qwen2.5-7B-Instruct-finetuned
calcinosis,calcinosis,0.2353515625,0,Qwen2.5-7B-Instruct-finetuned
calcinosis,calcinosis,0.16796875,0,Qwen2.5-7B-Instruct-finetuned
calcinosis,calcinosis,0.2021484375,0,Qwen2.5-7B-Instruct-finetuned
normal,normal,1.0,0,Qwen2.5-7B-Instruct-finetuned
normal,normal,1.0,0,Qwen2.5-7B-Instruct-finetuned
calcinosis,calcinosis,0.2353515625,0,Qwen2.5-7B-Instruct-finetuned
calcinosis,calcinosis,0.16796875,0,Qwen2.5-7B-Instruct-finetuned
calcinosis,calcinosis,0.2021484375,0,Qwen2.5-7B-Instruct-finetuned
normal,normal,1.0,0,Qwen2.5-7B-Instruct-finetuned
normal,normal,1.0,0,Qwen2.5-7B-Instruct-finetuned
calcinosis,calcinosis,0.2353515625,0,Qwen2.5-7B-Instruct-finetuned
calcinosis,calcinosis,0.16796875,0,Qwen2.5-7B-Instruct-finetuned
calcinosis,calcinosis,0.2021484375,0,Qwen2.5-7B-Instruct-finetuned
normal,normal,1.0,0,Qwen2.5-7B-Instruct-finetuned
pneumothorax,pleural effusion,0.2197265625,0,Qwen2.5-7B-Instruct-finetuned
pneumothorax,pleural effusion,0.99609375,1,Qwen2.5-7B-Instruct-finetuned
pneumothorax,pleural effusion,0.86328125,1,Qwen2.5-7B-Instruct-finetuned
pneumothorax,pleural effusion,0.9375,1,Qwen2.5-7B-Instruct-finetuned
cardiomegaly,cardiomegaly,0.28515625,0,Qwen2.5-7B-Instruct-finetuned
cardiomegaly,cardiomegaly,0.96875,0,Qwen2.5-7B-Instruct-finetuned
cardiomegaly,cardiomegaly,0.99609375,0,Qwen2.5-7B-Instruct-finetuned
cardiomegaly,cardiomegaly,0.9921875,0,Qwen2.5-7B-Instruct-finetuned
cardiomegaly,cardiomegaly,0.2041015625,0,Qwen2.5-7B-Instruct-finetuned
"pulmonary disease, chronic ob","pulmonary disease, chronic obstructive",0.78515625,0,Qwen2.5-7B-Instruct-finetuned
"pulmonary disease, chronic ob","pulmonary disease, chronic obstructive",0.78515625,0,Qwen2.5-7B-Instruct-finetuned
"pulmonary disease, chronic ob","pulmonary disease, chronic obstructive",0.99609375,1,Qwen2.5-7B-Instruct-finetuned
"pulmonary disease, chronic ob","pulmonary disease, chronic obstructive",0.99609375,1,Qwen2.5-7B-Instruct-finetuned
"pulmonary disease, chronic ob","pulmonary disease, chronic obstructive",1.0,1,Qwen2.5-7B-Instruct-finetuned
"pulmonary disease, chronic ob","pulmonary disease, chronic obstructive",0.466796875,1,Qwen2.5-7B-Instruct-finetuned
"pulmonary disease, chronic ob","pulmonary disease, chronic obstructive",0.98828125,1,Qwen2.5-7B-Instruct-finetuned
"pulmonary disease, chronic ob","pulmonary disease, chronic obstructive",1.0,1,Qwen2.5-7B-Instruct-finetuned
pulmonary nodule,bilateral abnormality in nodule,0.22265625,0,Qwen2.5-7B-Instruct-finetuned
pulmonary nodule,bilateral abnormality in nodule,0.78515625,1,Qwen2.5-7B-Instruct-finetuned
pulmonary nodule,bilateral abnormality in nodule,0.26171875,0,Qwen2.5-7B-Instruct-finetuned
pulmonary nodule,bilateral abnormality in nodule,0.9140625,1,Qwen2.5-7B-Instruct-finetuned
pulmonary nodule,bilateral abnormality in nodule,0.6640625,1,Qwen2.5-7B-Instruct-finetuned
pulmonary nodule,bilateral abnormality in nodule,0.8671875,0,Qwen2.5-7B-Instruct-finetuned
pulmonary nodule,bilateral abnormality in nodule,1.0,1,Qwen2.5-7B-Instruct-finetuned
cardiomegaly,cardiomegaly,0.28515625,0,Qwen2.5-7B-Instruct-finetuned
cardiomegaly,cardiomegaly,0.96875,0,Qwen2.5-7B-Instruct-finetuned
cardiomegaly,cardiomegaly,0.99609375,0,Qwen2.5-7B-Instruct-finetuned
cardiomegaly,cardiomegaly,0.9921875,0,Qwen2.5-7B-Instruct-finetuned
cardiomegaly,cardiomegaly,0.2041015625,0,Qwen2.5-7B-Instruct-finetuned
pulmonary atelectasis,pulmonary atelectasis,0.169921875,0,Qwen2.5-7B-Instruct-finetuned
pulmonary atelectasis,pulmonary atelectasis,1.0,1,Qwen2.5-7B-Instruct-finetuned
pulmonary atelectasis,pulmonary atelectasis,1.0,1,Qwen2.5-7B-Instruct-finetuned
pulmonary atelectasis,pulmonary atelectasis,0.5546875,1,Qwen2.5-7B-Instruct-finetuned
pulmonary atelectasis,pulmonary atelectasis,0.99609375,1,Qwen2.5-7B-Instruct-finetuned
pulmonary atelectasis,pulmonary atelectasis,0.99609375,1,Qwen2.5-7B-Instruct-finetuned
"fracture, bone",degenerative change in thoracic vertebrae,0.27734375,0,Qwen2.5-7B-Instruct-finetuned
"fracture, bone",degenerative change in thoracic vertebrae,0.2333984375,0,Qwen2.5-7B-Instruct-finetuned
"fracture, bone",degenerative change in thoracic vertebrae,0.80078125,0,Qwen2.5-7B-Instruct-finetuned
"fracture, bone",degenerative change in thoracic vertebrae,0.71875,0,Qwen2.5-7B-Instruct-finetuned
"fracture, bone",degenerative change in thoracic vertebrae,0.94140625,0,Qwen2.5-7B-Instruct-finetuned
"fracture, bone",degenerative change in thoracic vertebrae,0.88671875,0,Qwen2.5-7B-Instruct-finetuned
"fracture, bone",degenerative change in thoracic vertebrae,0.99609375,1,Qwen2.5-7B-Instruct-finetuned
"fracture, bone",degenerative change in thoracic vertebrae,0.94921875,0,Qwen2.5-7B-Instruct-finetuned
"fracture, bone",degenerative change in thoracic vertebrae,0.9609375,1,Qwen2.5-7B-Instruct-finetuned
"fracture, bone",degenerative change in thoracic vertebrae,0.91015625,1,Qwen2.5-7B-Instruct-finetuned
normal,normal,1.0,0,Qwen2.5-7B-Instruct-finetuned
scoliosis,deformity,0.11279296875,0,Qwen2.5-7B-Instruct-finetuned
scoliosis,deformity,0.98828125,1,Qwen2.5-7B-Instruct-finetuned
scoliosis,deformity,0.95703125,1,Qwen2.5-7B-Instruct-finetuned
calcinosis,pulmonary nodule,0.625,0,Qwen2.5-7B-Instruct-finetuned
calcinosis,pulmonary nodule,0.7890625,1,Qwen2.5-7B-Instruct-finetuned
calcinosis,pulmonary nodule,0.88671875,0,Qwen2.5-7B-Instruct-finetuned
calcinosis,pulmonary nodule,0.232421875,0,Qwen2.5-7B-Instruct-finetuned
calcinosis,pulmonary nodule,0.408203125,1,Qwen2.5-7B-Instruct-finetuned
normal,normal,1.0,0,Qwen2.5-7B-Instruct-finetuned
normal,normal,1.0,0,Qwen2.5-7B-Instruct-finetuned
normal,normal,1.0,0,Qwen2.5-7B-Instruct-finetuned
bilateral abnormality in calc,bilateral abnormality in calcified granuloma,0.453125,0,Qwen2.5-7B-Instruct-finetuned
bilateral abnormality in calc,bilateral abnormality in calcified granuloma,0.158203125,0,Qwen2.5-7B-Instruct-finetuned
bilateral abnormality in calc,bilateral abnormality in calcified granuloma,0.984375,1,Qwen2.5-7B-Instruct-finetuned
bilateral abnormality in calc,bilateral abnormality in calcified granuloma,1.0,1,Qwen2.5-7B-Instruct-finetuned
bilateral abnormality in calc,bilateral abnormality in calcified granuloma,0.99609375,1,Qwen2.5-7B-Instruct-finetuned
bilateral abnormality in calc,bilateral abnormality in calcified granuloma,0.81640625,1,Qwen2.5-7B-Instruct-finetuned
bilateral abnormality in calc,bilateral abnormality in calcified granuloma,0.67578125,0,Qwen2.5-7B-Instruct-finetuned
bilateral abnormality in calc,bilateral abnormality in calcified granuloma,0.94921875,1,Qwen2.5-7B-Instruct-finetuned
bilateral abnormality in calc,bilateral abnormality in calcified granuloma,1.0,1,Qwen2.5-7B-Instruct-finetuned
bilateral abnormality in calc,bilateral abnormality in calcified granuloma,0.65234375,1,Qwen2.5-7B-Instruct-finetuned
cardiomegaly,cardiomegaly,0.28515625,0,Qwen2.5-7B-Instruct-finetuned
cardiomegaly,cardiomegaly,0.96875,0,Qwen2.5-7B-Instruct-finetuned
cardiomegaly,cardiomegaly,0.99609375,0,Qwen2.5-7B-Instruct-finetuned
cardiomegaly,cardiomegaly,0.9921875,0,Qwen2.5-7B-Instruct-finetuned
cardiomegaly,cardiomegaly,0.2041015625,0,Qwen2.5-7B-Instruct-finetuned
spondylosishuman:,spondylosis,0.7421875,0,Qwen2.5-7B-Instruct-finetuned
spondylosishuman:,spondylosis,0.9296875,0,Qwen2.5-7B-Instruct-finetuned
spondylosishuman:,spondylosis,0.890625,0,Qwen2.5-7B-Instruct-finetuned
spondylosishuman:,spondylosis,0.921875,0,Qwen2.5-7B-Instruct-finetuned
spondylosishuman:,spondylosis,0.1591796875,0,Qwen2.5-7B-Instruct-finetuned
atherosclerosis,atherosclerosis,0.3203125,0,Qwen2.5-7B-Instruct-finetuned
atherosclerosis,atherosclerosis,0.96484375,1,Qwen2.5-7B-Instruct-finetuned
atherosclerosis,atherosclerosis,0.9765625,1,Qwen2.5-7B-Instruct-finetuned
pulmonary atelectasis,pulmonary atelectasis,0.169921875,0,Qwen2.5-7B-Instruct-finetuned
pulmonary atelectasis,pulmonary atelectasis,1.0,1,Qwen2.5-7B-Instruct-finetuned
pulmonary atelectasis,pulmonary atelectasis,1.0,1,Qwen2.5-7B-Instruct-finetuned
pulmonary atelectasis,pulmonary atelectasis,0.5546875,1,Qwen2.5-7B-Instruct-finetuned
pulmonary atelectasis,pulmonary atelectasis,0.99609375,1,Qwen2.5-7B-Instruct-finetuned
pulmonary atelectasis,pulmonary atelectasis,0.99609375,1,Qwen2.5-7B-Instruct-finetuned
normal,pleural effusion,1.0,0,Qwen2.5-7B-Instruct-finetuned
normal,pleural effusion,0.96484375,1,Qwen2.5-7B-Instruct-finetuned
normal,pleural effusion,0.64453125,0,Qwen2.5-7B-Instruct-finetuned
normal,pleural effusion,0.9765625,1,Qwen2.5-7B-Instruct-finetuned
normal,normal,1.0,0,Qwen2.5-7B-Instruct-finetuned
pulmonary emphysema,emphysema,0.3046875,0,Qwen2.5-7B-Instruct-finetuned
pulmonary emphysema,emphysema,0.7265625,1,Qwen2.5-7B-Instruct-finetuned
pulmonary emphysema,emphysema,0.99609375,1,Qwen2.5-7B-Instruct-finetuned
pulmonary emphysema,emphysema,1.0,1,Qwen2.5-7B-Instruct-finetuned
normal,normal,1.0,0,Qwen2.5-7B-Instruct-finetuned
pneumonia,patchy opacity in opacity,0.25,0,Qwen2.5-7B-Instruct-finetuned
pneumonia,patchy opacity in opacity,0.70703125,0,Qwen2.5-7B-Instruct-finetuned
pneumonia,patchy opacity in opacity,0.80078125,0,Qwen2.5-7B-Instruct-finetuned
pneumonia,patchy opacity in opacity,0.2158203125,0,Qwen2.5-7B-Instruct-finetuned
pneumonia,patchy opacity in opacity,0.91015625,0,Qwen2.5-7B-Instruct-finetuned
scoliosis,scoliosis,0.6640625,0,Qwen2.5-7B-Instruct-finetuned
scoliosis,scoliosis,0.1689453125,0,Qwen2.5-7B-Instruct-finetuned
scoliosis,scoliosis,0.7109375,1,Qwen2.5-7B-Instruct-finetuned
pleural effusion,pleural effusion,0.29296875,0,Qwen2.5-7B-Instruct-finetuned
pleural effusion,pleural effusion,0.99609375,1,Qwen2.5-7B-Instruct-finetuned
pleural effusion,pleural effusion,0.734375,1,Qwen2.5-7B-Instruct-finetuned
pleural effusion,pleural effusion,0.99609375,1,Qwen2.5-7B-Instruct-finetuned
normal,normal,1.0,0,Qwen2.5-7B-Instruct-finetuned
pulmonary artery disease,"tortuous vessel in aorta, thoracic",0.8046875,0,Qwen2.5-7B-Instruct-finetuned
pulmonary artery disease,"tortuous vessel in aorta, thoracic",0.625,0,Qwen2.5-7B-Instruct-finetuned
pulmonary artery disease,"tortuous vessel in aorta, thoracic",0.83203125,1,Qwen2.5-7B-Instruct-finetuned
pulmonary artery disease,"tortuous vessel in aorta, thoracic",0.19140625,0,Qwen2.5-7B-Instruct-finetuned
pulmonary artery disease,"tortuous vessel in aorta, thoracic",0.74609375,1,Qwen2.5-7B-Instruct-finetuned
pulmonary artery disease,"tortuous vessel in aorta, thoracic",0.8671875,0,Qwen2.5-7B-Instruct-finetuned
pulmonary artery disease,"tortuous vessel in aorta, thoracic",0.11083984375,0,Qwen2.5-7B-Instruct-finetuned
pulmonary artery disease,"tortuous vessel in aorta, thoracic",0.310546875,0,Qwen2.5-7B-Instruct-finetuned
pulmonary artery disease,"tortuous vessel in aorta, thoracic",0.1279296875,0,Qwen2.5-7B-Instruct-finetuned
pulmonary artery disease,"tortuous vessel in aorta, thoracic",0.5234375,0,Qwen2.5-7B-Instruct-finetuned
"hernia, hiatal","hernia, hiatal",0.388671875,0,Qwen2.5-7B-Instruct-finetuned
"hernia, hiatal","hernia, hiatal",1.0,1,Qwen2.5-7B-Instruct-finetuned
"hernia, hiatal","hernia, hiatal",0.984375,1,Qwen2.5-7B-Instruct-finetuned
"hernia, hiatal","hernia, hiatal",0.9765625,1,Qwen2.5-7B-Instruct-finetuned
"hernia, hiatal","hernia, hiatal",0.298828125,0,Qwen2.5-7B-Instruct-finetuned
"hernia, hiatal","hernia, hiatal",0.99609375,1,Qwen2.5-7B-Instruct-finetuned
normal,normal,1.0,0,Qwen2.5-7B-Instruct-finetuned
pectus carinatum,pneumothorax,0.07763671875,0,Qwen2.5-7B-Instruct-finetuned
pectus carinatum,pneumothorax,0.37109375,0,Qwen2.5-7B-Instruct-finetuned
pectus carinatum,pneumothorax,1.0,1,Qwen2.5-7B-Instruct-finetuned
pectus carinatum,pneumothorax,0.9921875,0,Qwen2.5-7B-Instruct-finetuned
pectus carinatum,pneumothorax,1.0,1,Qwen2.5-7B-Instruct-finetuned
pectus carinatum,pneumothorax,1.0,1,Qwen2.5-7B-Instruct-finetuned
normal,normal,1.0,0,Qwen2.5-7B-Instruct-finetuned
pneumonia,pneumonia,0.251953125,0,Qwen2.5-7B-Instruct-finetuned
pneumonia,pneumonia,0.73046875,1,Qwen2.5-7B-Instruct-finetuned
pneumonia,pneumonia,1.0,1,Qwen2.5-7B-Instruct-finetuned
pneumonia,pneumonia,0.92578125,1,Qwen2.5-7B-Instruct-finetuned
degenerative change in thor,normal,0.984375,0,Qwen2.5-7B-Instruct-finetuned
normal,normal,1.0,0,Qwen2.5-7B-Instruct-finetuned
pleural effusion,pulmonary edema,0.291015625,0,Qwen2.5-7B-Instruct-finetuned
pleural effusion,pulmonary edema,0.40625,0,Qwen2.5-7B-Instruct-finetuned
pleural effusion,pulmonary edema,0.99609375,1,Qwen2.5-7B-Instruct-finetuned
pleural effusion,pulmonary edema,0.56640625,1,Qwen2.5-7B-Instruct-finetuned
pleural effusion,pulmonary edema,0.99609375,1,Qwen2.5-7B-Instruct-finetuned
normal,normal,1.0,0,Qwen2.5-7B-Instruct-finetuned
cardiomegaly,cardiomegaly,0.28515625,0,Qwen2.5-7B-Instruct-finetuned
cardiomegaly,cardiomegaly,0.96875,0,Qwen2.5-7B-Instruct-finetuned
cardiomegaly,cardiomegaly,0.99609375,0,Qwen2.5-7B-Instruct-finetuned
cardiomegaly,cardiomegaly,0.9921875,0,Qwen2.5-7B-Instruct-finetuned
cardiomegaly,cardiomegaly,0.2041015625,0,Qwen2.5-7B-Instruct-finetuned
pulmonary atelectasis,lung hypoinflation in lung,0.169921875,0,Qwen2.5-7B-Instruct-finetuned
pulmonary atelectasis,lung hypoinflation in lung,0.2314453125,0,Qwen2.5-7B-Instruct-finetuned
pulmonary atelectasis,lung hypoinflation in lung,1.0,1,Qwen2.5-7B-Instruct-finetuned
pulmonary atelectasis,lung hypoinflation in lung,1.0,1,Qwen2.5-7B-Instruct-finetuned
pulmonary atelectasis,lung hypoinflation in lung,0.1591796875,0,Qwen2.5-7B-Instruct-finetuned
pulmonary atelectasis,lung hypoinflation in lung,0.99609375,0,Qwen2.5-7B-Instruct-finetuned
cardiomegaly,cardiomegaly,0.28515625,0,Qwen2.5-7B-Instruct-finetuned
cardiomegaly,cardiomegaly,0.96875,0,Qwen2.5-7B-Instruct-finetuned
cardiomegaly,cardiomegaly,0.99609375,0,Qwen2.5-7B-Instruct-finetuned
cardiomegaly,cardiomegaly,0.9921875,0,Qwen2.5-7B-Instruct-finetuned
cardiomegaly,cardiomegaly,0.2041015625,0,Qwen2.5-7B-Instruct-finetuned
normal,normal,1.0,0,Qwen2.5-7B-Instruct-finetuned
cardiomegaly,cardiomegaly,0.28515625,0,Qwen2.5-7B-Instruct-finetuned
cardiomegaly,cardiomegaly,0.96875,0,Qwen2.5-7B-Instruct-finetuned
cardiomegaly,cardiomegaly,0.99609375,0,Qwen2.5-7B-Instruct-finetuned
cardiomegaly,cardiomegaly,0.9921875,0,Qwen2.5-7B-Instruct-finetuned
cardiomegaly,cardiomegaly,0.2041015625,0,Qwen2.5-7B-Instruct-finetuned
normal,normal,1.0,0,Qwen2.5-7B-Instruct-finetuned
pulmonary emphysema,pulmonary emphysema,0.546875,0,Qwen2.5-7B-Instruct-finetuned
pulmonary emphysema,pulmonary emphysema,1.0,0,Qwen2.5-7B-Instruct-finetuned
pulmonary emphysema,pulmonary emphysema,0.953125,0,Qwen2.5-7B-Instruct-finetuned
pulmonary emphysema,pulmonary emphysema,1.0,0,Qwen2.5-7B-Instruct-finetuned
pulmonary emphysema,pulmonary emphysema,0.98046875,0,Qwen2.5-7B-Instruct-finetuned
pulmonary emphysema,pulmonary emphysema,1.0,0,Qwen2.5-7B-Instruct-finetuned
pulmonary emphysema,pulmonary emphysema,0.515625,0,Qwen2.5-7B-Instruct-finetuned
pulmonary degenerative change in,degenerative change in spine,0.478515625,0,Qwen2.5-7B-Instruct-finetuned
pulmonary degenerative change in,degenerative change in spine,0.99609375,0,Qwen2.5-7B-Instruct-finetuned
pulmonary degenerative change in,degenerative change in spine,0.56640625,0,Qwen2.5-7B-Instruct-finetuned
pulmonary degenerative change in,degenerative change in spine,0.3984375,0,Qwen2.5-7B-Instruct-finetuned
pulmonary degenerative change in,degenerative change in spine,0.9453125,0,Qwen2.5-7B-Instruct-finetuned
pulmonary degenerative change in,degenerative change in spine,0.1767578125,0,Qwen2.5-7B-Instruct-finetuned
normal,normal,1.0,0,Qwen2.5-7B-Instruct-finetuned
degenerative change in sp,degenerative change in spine,0.8125,0,Qwen2.5-7B-Instruct-finetuned
degenerative change in sp,degenerative change in spine,0.3984375,0,Qwen2.5-7B-Instruct-finetuned
degenerative change in sp,degenerative change in spine,0.99609375,1,Qwen2.5-7B-Instruct-finetuned
degenerative change in sp,degenerative change in spine,0.85546875,1,Qwen2.5-7B-Instruct-finetuned
degenerative change in sp,degenerative change in spine,0.9921875,1,Qwen2.5-7B-Instruct-finetuned
degenerative change in sp,degenerative change in spine,0.62109375,1,Qwen2.5-7B-Instruct-finetuned
"hernia, hiatal","hernia, hiatal",0.388671875,0,Qwen2.5-7B-Instruct-finetuned
"hernia, hiatal","hernia, hiatal",1.0,1,Qwen2.5-7B-Instruct-finetuned
"hernia, hiatal","hernia, hiatal",0.984375,1,Qwen2.5-7B-Instruct-finetuned
"hernia, hiatal","hernia, hiatal",0.9765625,1,Qwen2.5-7B-Instruct-finetuned
"hernia, hiatal","hernia, hiatal",0.298828125,0,Qwen2.5-7B-Instruct-finetuned
"hernia, hiatal","hernia, hiatal",0.99609375,1,Qwen2.5-7B-Instruct-finetuned
normal,normal,1.0,0,Qwen2.5-7B-Instruct-finetuned
cardiomegaly,interstitial pattern in markings,0.166015625,0,Qwen2.5-7B-Instruct-finetuned
cardiomegaly,interstitial pattern in markings,1.0,1,Qwen2.5-7B-Instruct-finetuned
cardiomegaly,interstitial pattern in markings,0.25390625,0,Qwen2.5-7B-Instruct-finetuned
cardiomegaly,interstitial pattern in markings,0.34375,0,Qwen2.5-7B-Instruct-finetuned
cardiomegaly,interstitial pattern in markings,0.7578125,0,Qwen2.5-7B-Instruct-finetuned
normal,normal,1.0,0,Qwen2.5-7B-Instruct-finetuned
normal,normal,1.0,0,Qwen2.5-7B-Instruct-finetuned
cardiomegaly,cardiomegaly,0.28515625,0,Qwen2.5-7B-Instruct-finetuned
cardiomegaly,cardiomegaly,0.96875,0,Qwen2.5-7B-Instruct-finetuned
cardiomegaly,cardiomegaly,0.99609375,0,Qwen2.5-7B-Instruct-finetuned
cardiomegaly,cardiomegaly,0.9921875,0,Qwen2.5-7B-Instruct-finetuned
cardiomegaly,cardiomegaly,0.2041015625,0,Qwen2.5-7B-Instruct-finetuned
normal,cardiomegaly,1.0,0,Qwen2.5-7B-Instruct-finetuned
normal,cardiomegaly,0.388671875,0,Qwen2.5-7B-Instruct-finetuned
normal,cardiomegaly,0.54296875,0,Qwen2.5-7B-Instruct-finetuned
normal,cardiomegaly,0.984375,1,Qwen2.5-7B-Instruct-finetuned
normal,cardiomegaly,0.48046875,0,Qwen2.5-7B-Instruct-finetuned
tortuous vessel in a,tortuous vessel in aorta,0.3125,0,Qwen2.5-7B-Instruct-finetuned
tortuous vessel in a,tortuous vessel in aorta,0.9921875,0,Qwen2.5-7B-Instruct-finetuned
tortuous vessel in a,tortuous vessel in aorta,0.9375,0,Qwen2.5-7B-Instruct-finetuned
tortuous vessel in a,tortuous vessel in aorta,0.99609375,0,Qwen2.5-7B-Instruct-finetuned
tortuous vessel in a,tortuous vessel in aorta,0.8515625,0,Qwen2.5-7B-Instruct-finetuned
tortuous vessel in a,tortuous vessel in aorta,0.349609375,0,Qwen2.5-7B-Instruct-finetuned
tortuous vessel in a,tortuous vessel in aorta,0.359375,0,Qwen2.5-7B-Instruct-finetuned
osteophyte,osteophyte,0.80078125,0,Qwen2.5-7B-Instruct-finetuned
osteophyte,osteophyte,0.6953125,1,Qwen2.5-7B-Instruct-finetuned
osteophyte,osteophyte,0.96875,1,Qwen2.5-7B-Instruct-finetuned
normal,normal,1.0,0,Qwen2.5-7B-Instruct-finetuned
degenerative change in thor,degenerative change in thoracic vertebrae,0.98046875,0,Qwen2.5-7B-Instruct-finetuned
degenerative change in thor,degenerative change in thoracic vertebrae,0.1494140625,0,Qwen2.5-7B-Instruct-finetuned
degenerative change in thor,degenerative change in thoracic vertebrae,1.0,1,Qwen2.5-7B-Instruct-finetuned
degenerative change in thor,degenerative change in thoracic vertebrae,0.85546875,1,Qwen2.5-7B-Instruct-finetuned
degenerative change in thor,degenerative change in thoracic vertebrae,0.99609375,1,Qwen2.5-7B-Instruct-finetuned
degenerative change in thor,degenerative change in thoracic vertebrae,0.78515625,1,Qwen2.5-7B-Instruct-finetuned
degenerative change in thor,degenerative change in thoracic vertebrae,0.984375,1,Qwen2.5-7B-Instruct-finetuned
degenerative change in thor,degenerative change in thoracic vertebrae,0.9921875,0,Qwen2.5-7B-Instruct-finetuned
degenerative change in thor,degenerative change in thoracic vertebrae,0.96484375,1,Qwen2.5-7B-Instruct-finetuned
degenerative change in thor,degenerative change in thoracic vertebrae,0.97265625,1,Qwen2.5-7B-Instruct-finetuned
lung hypoinflation in lung,lung hypoinflation in lung,0.2431640625,0,Qwen2.5-7B-Instruct-finetuned
lung hypoinflation in lung,lung hypoinflation in lung,0.9765625,1,Qwen2.5-7B-Instruct-finetuned
lung hypoinflation in lung,lung hypoinflation in lung,1.0,1,Qwen2.5-7B-Instruct-finetuned
lung hypoinflation in lung,lung hypoinflation in lung,1.0,1,Qwen2.5-7B-Instruct-finetuned
lung hypoinflation in lung,lung hypoinflation in lung,0.359375,1,Qwen2.5-7B-Instruct-finetuned
lung hypoinflation in lung,lung hypoinflation in lung,0.94921875,1,Qwen2.5-7B-Instruct-finetuned
normal,normal,1.0,0,Qwen2.5-7B-Instruct-finetuned
calcinosis,calcinosis,0.2353515625,0,Qwen2.5-7B-Instruct-finetuned
calcinosis,calcinosis,0.16796875,0,Qwen2.5-7B-Instruct-finetuned
calcinosis,calcinosis,0.2021484375,0,Qwen2.5-7B-Instruct-finetuned
pulmonary nodule,pulmonary nodule,0.22265625,0,Qwen2.5-7B-Instruct-finetuned
pulmonary nodule,pulmonary nodule,0.99609375,1,Qwen2.5-7B-Instruct-finetuned
pulmonary nodule,pulmonary nodule,1.0,1,Qwen2.5-7B-Instruct-finetuned
pulmonary nodule,pulmonary nodule,0.92578125,1,Qwen2.5-7B-Instruct-finetuned
pulmonary nodule,pulmonary nodule,1.0,1,Qwen2.5-7B-Instruct-finetuned
normal,normal,1.0,0,Qwen2.5-7B-Instruct-finetuned
normal,normal,1.0,0,Qwen2.5-7B-Instruct-finetuned
pleural effusion,pleural effusion,0.29296875,0,Qwen2.5-7B-Instruct-finetuned
pleural effusion,pleural effusion,0.99609375,1,Qwen2.5-7B-Instruct-finetuned
pleural effusion,pleural effusion,0.734375,1,Qwen2.5-7B-Instruct-finetuned
pleural effusion,pleural effusion,0.99609375,1,Qwen2.5-7B-Instruct-finetuned
lung hyperdistention in lung,lung hyperdistention in lung,0.2421875,0,Qwen2.5-7B-Instruct-finetuned
lung hyperdistention in lung,lung hyperdistention in lung,0.384765625,1,Qwen2.5-7B-Instruct-finetuned
lung hyperdistention in lung,lung hyperdistention in lung,0.81640625,1,Qwen2.5-7B-Instruct-finetuned
lung hyperdistention in lung,lung hyperdistention in lung,0.95703125,1,Qwen2.5-7B-Instruct-finetuned
lung hyperdistention in lung,lung hyperdistention in lung,0.859375,1,Qwen2.5-7B-Instruct-finetuned
lung hyperdistention in lung,lung hyperdistention in lung,0.9453125,1,Qwen2.5-7B-Instruct-finetuned
piercing,foreign bodies,0.240234375,0,Qwen2.5-7B-Instruct-finetuned
piercing,foreign bodies,0.890625,0,Qwen2.5-7B-Instruct-finetuned
normal,normal,1.0,0,Qwen2.5-7B-Instruct-finetuned
pulmonary nodule,pulmonary nodule,0.22265625,0,Qwen2.5-7B-Instruct-finetuned
pulmonary nodule,pulmonary nodule,0.99609375,1,Qwen2.5-7B-Instruct-finetuned
pulmonary nodule,pulmonary nodule,1.0,1,Qwen2.5-7B-Instruct-finetuned
pulmonary nodule,pulmonary nodule,0.92578125,1,Qwen2.5-7B-Instruct-finetuned
pulmonary nodule,pulmonary nodule,1.0,1,Qwen2.5-7B-Instruct-finetuned
pneumothorax,pneumothorax,0.2197265625,0,Qwen2.5-7B-Instruct-finetuned
pneumothorax,pneumothorax,0.9921875,1,Qwen2.5-7B-Instruct-finetuned
pneumothorax,pneumothorax,1.0,1,Qwen2.5-7B-Instruct-finetuned
pneumothorax,pneumothorax,0.9921875,1,Qwen2.5-7B-Instruct-finetuned
pneumothorax,pneumothorax,1.0,1,Qwen2.5-7B-Instruct-finetuned
pneumothorax,pneumothorax,1.0,1,Qwen2.5-7B-Instruct-finetuned
lung lucency in cl,lucency in clavicle right,0.435546875,0,Qwen2.5-7B-Instruct-finetuned
lung lucency in cl,lucency in clavicle right,0.234375,0,Qwen2.5-7B-Instruct-finetuned
lung lucency in cl,lucency in clavicle right,0.37890625,0,Qwen2.5-7B-Instruct-finetuned
lung lucency in cl,lucency in clavicle right,0.337890625,0,Qwen2.5-7B-Instruct-finetuned
lung lucency in cl,lucency in clavicle right,0.9140625,0,Qwen2.5-7B-Instruct-finetuned
lung lucency in cl,lucency in clavicle right,0.1962890625,0,Qwen2.5-7B-Instruct-finetuned
lung lucency in cl,lucency in clavicle right,0.890625,1,Qwen2.5-7B-Instruct-finetuned
lung lucency in cl,lucency in clavicle right,0.25,0,Qwen2.5-7B-Instruct-finetuned
calcinosis,"lung diseases, interstitial",0.625,0,Qwen2.5-7B-Instruct-finetuned
calcinosis,"lung diseases, interstitial",0.1611328125,0,Qwen2.5-7B-Instruct-finetuned
calcinosis,"lung diseases, interstitial",0.1806640625,0,Qwen2.5-7B-Instruct-finetuned
calcinosis,"lung diseases, interstitial",0.1572265625,0,Qwen2.5-7B-Instruct-finetuned
calcinosis,"lung diseases, interstitial",1.0,1,Qwen2.5-7B-Instruct-finetuned
pulmonary nodule,bilateral abnormality in nodule,0.22265625,0,Qwen2.5-7B-Instruct-finetuned
pulmonary nodule,bilateral abnormality in nodule,0.78515625,1,Qwen2.5-7B-Instruct-finetuned
pulmonary nodule,bilateral abnormality in nodule,0.26171875,0,Qwen2.5-7B-Instruct-finetuned
pulmonary nodule,bilateral abnormality in nodule,0.9140625,1,Qwen2.5-7B-Instruct-finetuned
pulmonary nodule,bilateral abnormality in nodule,0.6640625,1,Qwen2.5-7B-Instruct-finetuned
pulmonary nodule,bilateral abnormality in nodule,0.8671875,0,Qwen2.5-7B-Instruct-finetuned
pulmonary nodule,bilateral abnormality in nodule,1.0,1,Qwen2.5-7B-Instruct-finetuned
atherosclerosis,atherosclerosis,0.3203125,0,Qwen2.5-7B-Instruct-finetuned
atherosclerosis,atherosclerosis,0.96484375,1,Qwen2.5-7B-Instruct-finetuned
atherosclerosis,atherosclerosis,0.9765625,1,Qwen2.5-7B-Instruct-finetuned
normal,normal,1.0,0,Qwen2.5-7B-Instruct-finetuned
cardiomegaly,cardiomegaly,0.28515625,0,Qwen2.5-7B-Instruct-finetuned
cardiomegaly,cardiomegaly,0.96875,0,Qwen2.5-7B-Instruct-finetuned
cardiomegaly,cardiomegaly,0.99609375,0,Qwen2.5-7B-Instruct-finetuned
cardiomegaly,cardiomegaly,0.9921875,0,Qwen2.5-7B-Instruct-finetuned
cardiomegaly,cardiomegaly,0.2041015625,0,Qwen2.5-7B-Instruct-finetuned
normal,normal,1.0,0,Qwen2.5-7B-Instruct-finetuned
normal,normal,1.0,0,Qwen2.5-7B-Instruct-finetuned
bilateral abnormality in per,bilateral abnormality in epicardial fat,0.2578125,0,Qwen2.5-7B-Instruct-finetuned
bilateral abnormality in per,bilateral abnormality in epicardial fat,0.1162109375,0,Qwen2.5-7B-Instruct-finetuned
bilateral abnormality in per,bilateral abnormality in epicardial fat,0.76953125,0,Qwen2.5-7B-Instruct-finetuned
bilateral abnormality in per,bilateral abnormality in epicardial fat,1.0,1,Qwen2.5-7B-Instruct-finetuned
bilateral abnormality in per,bilateral abnormality in epicardial fat,0.46875,0,Qwen2.5-7B-Instruct-finetuned
bilateral abnormality in per,bilateral abnormality in epicardial fat,0.91796875,0,Qwen2.5-7B-Instruct-finetuned
bilateral abnormality in per,bilateral abnormality in epicardial fat,1.0,1,Qwen2.5-7B-Instruct-finetuned
bilateral abnormality in per,bilateral abnormality in epicardial fat,1.0,1,Qwen2.5-7B-Instruct-finetuned
bilateral abnormality in per,bilateral abnormality in epicardial fat,0.98828125,1,Qwen2.5-7B-Instruct-finetuned
normal,normal,1.0,0,Qwen2.5-7B-Instruct-finetuned
atherosclerosis,atherosclerosis,0.3203125,0,Qwen2.5-7B-Instruct-finetuned
atherosclerosis,atherosclerosis,0.96484375,1,Qwen2.5-7B-Instruct-finetuned
atherosclerosis,atherosclerosis,0.9765625,1,Qwen2.5-7B-Instruct-finetuned
calcinosis,calcinosis,0.2353515625,0,Qwen2.5-7B-Instruct-finetuned
calcinosis,calcinosis,0.16796875,0,Qwen2.5-7B-Instruct-finetuned
calcinosis,calcinosis,0.2021484375,0,Qwen2.5-7B-Instruct-finetuned
normal,normal,1.0,0,Qwen2.5-7B-Instruct-finetuned
normal,normal,1.0,0,Qwen2.5-7B-Instruct-finetuned
degenerative change in bones,degenerative change in shoulder,0.3515625,0,Qwen2.5-7B-Instruct-finetuned
degenerative change in bones,degenerative change in shoulder,0.97265625,1,Qwen2.5-7B-Instruct-finetuned
degenerative change in bones,degenerative change in shoulder,1.0,1,Qwen2.5-7B-Instruct-finetuned
degenerative change in bones,degenerative change in shoulder,0.9375,1,Qwen2.5-7B-Instruct-finetuned
degenerative change in bones,degenerative change in shoulder,1.0,1,Qwen2.5-7B-Instruct-finetuned
degenerative change in bones,degenerative change in shoulder,0.98046875,0,Qwen2.5-7B-Instruct-finetuned
pulmonary atelectasis,pulmonary atelectasis,0.169921875,0,Qwen2.5-7B-Instruct-finetuned
pulmonary atelectasis,pulmonary atelectasis,1.0,1,Qwen2.5-7B-Instruct-finetuned
pulmonary atelectasis,pulmonary atelectasis,1.0,1,Qwen2.5-7B-Instruct-finetuned
pulmonary atelectasis,pulmonary atelectasis,0.5546875,1,Qwen2.5-7B-Instruct-finetuned
pulmonary atelectasis,pulmonary atelectasis,0.99609375,1,Qwen2.5-7B-Instruct-finetuned
pulmonary atelectasis,pulmonary atelectasis,0.99609375,1,Qwen2.5-7B-Instruct-finetuned
pneumonia,"hernia, hiatal",0.2021484375,0,Qwen2.5-7B-Instruct-finetuned
pneumonia,"hernia, hiatal",0.1640625,0,Qwen2.5-7B-Instruct-finetuned
pneumonia,"hernia, hiatal",0.953125,1,Qwen2.5-7B-Instruct-finetuned
pneumonia,"hernia, hiatal",0.34765625,1,Qwen2.5-7B-Instruct-finetuned
pneumonia,"hernia, hiatal",0.3203125,0,Qwen2.5-7B-Instruct-finetuned
pneumonia,"hernia, hiatal",0.65625,1,Qwen2.5-7B-Instruct-finetuned
normal,normal,1.0,0,Qwen2.5-7B-Instruct-finetuned
implanted device answer explanation,medical device in spine,0.609375,0,Qwen2.5-7B-Instruct-finetuned
implanted device answer explanation,medical device in spine,0.90625,1,Qwen2.5-7B-Instruct-finetuned
implanted device answer explanation,medical device in spine,0.15234375,0,Qwen2.5-7B-Instruct-finetuned
implanted device answer explanation,medical device in spine,0.6484375,0,Qwen2.5-7B-Instruct-finetuned
normal,normal,1.0,0,Qwen2.5-7B-Instruct-finetuned
normal,normal,1.0,0,Qwen2.5-7B-Instruct-finetuned
cardiomegaly,cardiomegaly,0.28515625,0,Qwen2.5-7B-Instruct-finetuned
cardiomegaly,cardiomegaly,0.96875,0,Qwen2.5-7B-Instruct-finetuned
cardiomegaly,cardiomegaly,0.99609375,0,Qwen2.5-7B-Instruct-finetuned
cardiomegaly,cardiomegaly,0.9921875,0,Qwen2.5-7B-Instruct-finetuned
cardiomegaly,cardiomegaly,0.2041015625,0,Qwen2.5-7B-Instruct-finetuned
normal,normal,1.0,0,Qwen2.5-7B-Instruct-finetuned
pneumothorax,granuloma,0.2197265625,0,Qwen2.5-7B-Instruct-finetuned
pneumothorax,granuloma,0.99609375,1,Qwen2.5-7B-Instruct-finetuned
pneumothorax,granuloma,0.9765625,0,Qwen2.5-7B-Instruct-finetuned
normal,normal,1.0,0,Qwen2.5-7B-Instruct-finetuned
bilateral abnormality in lung,bilateral abnormality in lung,0.380859375,0,Qwen2.5-7B-Instruct-finetuned
bilateral abnormality in lung,bilateral abnormality in lung,0.046875,0,Qwen2.5-7B-Instruct-finetuned
bilateral abnormality in lung,bilateral abnormality in lung,0.78515625,1,Qwen2.5-7B-Instruct-finetuned
bilateral abnormality in lung,bilateral abnormality in lung,1.0,1,Qwen2.5-7B-Instruct-finetuned
bilateral abnormality in lung,bilateral abnormality in lung,1.0,1,Qwen2.5-7B-Instruct-finetuned
bilateral abnormality in lung,bilateral abnormality in lung,0.98046875,1,Qwen2.5-7B-Instruct-finetuned
normal,normal,1.0,0,Qwen2.5-7B-Instruct-finetuned
normal,normal,1.0,0,Qwen2.5-7B-Instruct-finetuned
calcified granuloma,calcified granuloma,0.9609375,0,Qwen2.5-7B-Instruct-finetuned
calcified granuloma,calcified granuloma,0.70703125,0,Qwen2.5-7B-Instruct-finetuned
calcified granuloma,calcified granuloma,0.9921875,0,Qwen2.5-7B-Instruct-finetuned
calcified granuloma,calcified granuloma,0.51171875,0,Qwen2.5-7B-Instruct-finetuned
calcified granuloma,calcified granuloma,0.99609375,0,Qwen2.5-7B-Instruct-finetuned
normal,normal,1.0,0,Qwen2.5-7B-Instruct-finetuned
normal,normal,1.0,0,Qwen2.5-7B-Instruct-finetuned
pulmonary atelectasis,pulmonary atelectasis,0.169921875,0,Qwen2.5-7B-Instruct-finetuned
pulmonary atelectasis,pulmonary atelectasis,1.0,1,Qwen2.5-7B-Instruct-finetuned
pulmonary atelectasis,pulmonary atelectasis,1.0,1,Qwen2.5-7B-Instruct-finetuned
pulmonary atelectasis,pulmonary atelectasis,0.5546875,1,Qwen2.5-7B-Instruct-finetuned
pulmonary atelectasis,pulmonary atelectasis,0.99609375,1,Qwen2.5-7B-Instruct-finetuned
pulmonary atelectasis,pulmonary atelectasis,0.99609375,1,Qwen2.5-7B-Instruct-finetuned
calcinosis,calcinosis,0.2353515625,0,Qwen2.5-7B-Instruct-finetuned
calcinosis,calcinosis,0.16796875,0,Qwen2.5-7B-Instruct-finetuned
calcinosis,calcinosis,0.2021484375,0,Qwen2.5-7B-Instruct-finetuned
degenerative change in sp,degenerative change in spine,0.8125,0,Qwen2.5-7B-Instruct-finetuned
degenerative change in sp,degenerative change in spine,0.3984375,0,Qwen2.5-7B-Instruct-finetuned
degenerative change in sp,degenerative change in spine,0.99609375,1,Qwen2.5-7B-Instruct-finetuned
degenerative change in sp,degenerative change in spine,0.85546875,1,Qwen2.5-7B-Instruct-finetuned
degenerative change in sp,degenerative change in spine,0.9921875,1,Qwen2.5-7B-Instruct-finetuned
degenerative change in sp,degenerative change in spine,0.62109375,1,Qwen2.5-7B-Instruct-finetuned
calcinosis,calcinosis,0.2353515625,0,Qwen2.5-7B-Instruct-finetuned
calcinosis,calcinosis,0.16796875,0,Qwen2.5-7B-Instruct-finetuned
calcinosis,calcinosis,0.2021484375,0,Qwen2.5-7B-Instruct-finetuned
bilateral abnormality in op,bilateral abnormality in opacity,0.6484375,0,Qwen2.5-7B-Instruct-finetuned
bilateral abnormality in op,bilateral abnormality in opacity,0.5,0,Qwen2.5-7B-Instruct-finetuned
bilateral abnormality in op,bilateral abnormality in opacity,0.99609375,1,Qwen2.5-7B-Instruct-finetuned
bilateral abnormality in op,bilateral abnormality in opacity,1.0,1,Qwen2.5-7B-Instruct-finetuned
bilateral abnormality in op,bilateral abnormality in opacity,1.0,1,Qwen2.5-7B-Instruct-finetuned
bilateral abnormality in op,bilateral abnormality in opacity,0.8671875,0,Qwen2.5-7B-Instruct-finetuned
lung hypoinflation in lung,lung hypoinflation in lung,0.2431640625,0,Qwen2.5-7B-Instruct-finetuned
lung hypoinflation in lung,lung hypoinflation in lung,0.9765625,1,Qwen2.5-7B-Instruct-finetuned
lung hypoinflation in lung,lung hypoinflation in lung,1.0,1,Qwen2.5-7B-Instruct-finetuned
lung hypoinflation in lung,lung hypoinflation in lung,1.0,1,Qwen2.5-7B-Instruct-finetuned
lung hypoinflation in lung,lung hypoinflation in lung,0.359375,1,Qwen2.5-7B-Instruct-finetuned
lung hypoinflation in lung,lung hypoinflation in lung,0.94921875,1,Qwen2.5-7B-Instruct-finetuned
normal,normal,1.0,0,Qwen2.5-7B-Instruct-finetuned
normal,normal,1.0,0,Qwen2.5-7B-Instruct-finetuned
normal,normal,1.0,0,Qwen2.5-7B-Instruct-finetuned
degenerative change in sp,degenerative change in spine,0.8125,0,Qwen2.5-7B-Instruct-finetuned
degenerative change in sp,degenerative change in spine,0.3984375,0,Qwen2.5-7B-Instruct-finetuned
degenerative change in sp,degenerative change in spine,0.99609375,1,Qwen2.5-7B-Instruct-finetuned
degenerative change in sp,degenerative change in spine,0.85546875,1,Qwen2.5-7B-Instruct-finetuned
degenerative change in sp,degenerative change in spine,0.9921875,1,Qwen2.5-7B-Instruct-finetuned
degenerative change in sp,degenerative change in spine,0.62109375,1,Qwen2.5-7B-Instruct-finetuned
pneumothorax,calcified granuloma,0.2197265625,0,Qwen2.5-7B-Instruct-finetuned
pneumothorax,calcified granuloma,0.75,1,Qwen2.5-7B-Instruct-finetuned
pneumothorax,calcified granuloma,0.9453125,1,Qwen2.5-7B-Instruct-finetuned
pneumothorax,calcified granuloma,1.0,1,Qwen2.5-7B-Instruct-finetuned
pneumothorax,calcified granuloma,0.81640625,1,Qwen2.5-7B-Instruct-finetuned
sarcoidosis,foreign bodies,0.328125,0,Qwen2.5-7B-Instruct-finetuned
sarcoidosis,foreign bodies,0.73046875,0,Qwen2.5-7B-Instruct-finetuned
"pulmonary disease, chronic ob","pulmonary disease, chronic obstructive",0.78515625,0,Qwen2.5-7B-Instruct-finetuned
"pulmonary disease, chronic ob","pulmonary disease, chronic obstructive",0.78515625,0,Qwen2.5-7B-Instruct-finetuned
"pulmonary disease, chronic ob","pulmonary disease, chronic obstructive",0.99609375,1,Qwen2.5-7B-Instruct-finetuned
"pulmonary disease, chronic ob","pulmonary disease, chronic obstructive",0.99609375,1,Qwen2.5-7B-Instruct-finetuned
"pulmonary disease, chronic ob","pulmonary disease, chronic obstructive",1.0,1,Qwen2.5-7B-Instruct-finetuned
"pulmonary disease, chronic ob","pulmonary disease, chronic obstructive",0.466796875,1,Qwen2.5-7B-Instruct-finetuned
"pulmonary disease, chronic ob","pulmonary disease, chronic obstructive",0.98828125,1,Qwen2.5-7B-Instruct-finetuned
"pulmonary disease, chronic ob","pulmonary disease, chronic obstructive",1.0,1,Qwen2.5-7B-Instruct-finetuned
normal,normal,1.0,0,Qwen2.5-7B-Instruct-finetuned
surgical instrumentshuman: the cardiac,surgical instruments,0.6328125,0,Qwen2.5-7B-Instruct-finetuned
surgical instrumentshuman: the cardiac,surgical instruments,0.9765625,1,Qwen2.5-7B-Instruct-finetuned
surgical instrumentshuman: the cardiac,surgical instruments,0.94921875,1,Qwen2.5-7B-Instruct-finetuned
normal,normal,1.0,0,Qwen2.5-7B-Instruct-finetuned
osteophyte,spondylosis,0.94921875,0,Qwen2.5-7B-Instruct-finetuned
osteophyte,spondylosis,0.361328125,0,Qwen2.5-7B-Instruct-finetuned
osteophyte,spondylosis,0.87890625,1,Qwen2.5-7B-Instruct-finetuned
osteophyte,spondylosis,0.9140625,1,Qwen2.5-7B-Instruct-finetuned
osteophyte,spondylosis,1.0,1,Qwen2.5-7B-Instruct-finetuned
lung hyperdistention in lung,lung hyperdistention in lung,0.2421875,0,Qwen2.5-7B-Instruct-finetuned
lung hyperdistention in lung,lung hyperdistention in lung,0.384765625,1,Qwen2.5-7B-Instruct-finetuned
lung hyperdistention in lung,lung hyperdistention in lung,0.81640625,1,Qwen2.5-7B-Instruct-finetuned
lung hyperdistention in lung,lung hyperdistention in lung,0.95703125,1,Qwen2.5-7B-Instruct-finetuned
lung hyperdistention in lung,lung hyperdistention in lung,0.859375,1,Qwen2.5-7B-Instruct-finetuned
lung hyperdistention in lung,lung hyperdistention in lung,0.9453125,1,Qwen2.5-7B-Instruct-finetuned
normal,normal,1.0,0,Qwen2.5-7B-Instruct-finetuned
normal,normal,1.0,0,Qwen2.5-7B-Instruct-finetuned
normal,normal,1.0,0,Qwen2.5-7B-Instruct-finetuned
normal,normal,1.0,0,Qwen2.5-7B-Instruct-finetuned
pneumothorax,pleural effusion,0.2197265625,0,Qwen2.5-7B-Instruct-finetuned
pneumothorax,pleural effusion,0.99609375,1,Qwen2.5-7B-Instruct-finetuned
pneumothorax,pleural effusion,0.86328125,1,Qwen2.5-7B-Instruct-finetuned
pneumothorax,pleural effusion,0.9375,1,Qwen2.5-7B-Instruct-finetuned
scoliosis,scoliosis,0.6640625,0,Qwen2.5-7B-Instruct-finetuned
scoliosis,scoliosis,0.1689453125,0,Qwen2.5-7B-Instruct-finetuned
scoliosis,scoliosis,0.7109375,1,Qwen2.5-7B-Instruct-finetuned
normal,normal,1.0,0,Qwen2.5-7B-Instruct-finetuned
"lung, hyperinflated",calcified granuloma,0.73046875,0,Qwen2.5-7B-Instruct-finetuned
"lung, hyperinflated",calcified granuloma,0.9453125,1,Qwen2.5-7B-Instruct-finetuned
"lung, hyperinflated",calcified granuloma,0.98046875,1,Qwen2.5-7B-Instruct-finetuned
"lung, hyperinflated",calcified granuloma,1.0,1,Qwen2.5-7B-Instruct-finetuned
"lung, hyperinflated",calcified granuloma,0.703125,1,Qwen2.5-7B-Instruct-finetuned
spondylosis,spondylosis,0.91796875,0,Qwen2.5-7B-Instruct-finetuned
spondylosis,spondylosis,0.98828125,0,Qwen2.5-7B-Instruct-finetuned
spondylosis,spondylosis,0.96875,0,Qwen2.5-7B-Instruct-finetuned
spondylosis,spondylosis,0.98828125,0,Qwen2.5-7B-Instruct-finetuned
spondylosis,spondylosis,0.2109375,0,Qwen2.5-7B-Instruct-finetuned
pulmonary atelectasis,pulmonary atelectasis,0.169921875,0,Qwen2.5-7B-Instruct-finetuned
pulmonary atelectasis,pulmonary atelectasis,1.0,1,Qwen2.5-7B-Instruct-finetuned
pulmonary atelectasis,pulmonary atelectasis,1.0,1,Qwen2.5-7B-Instruct-finetuned
pulmonary atelectasis,pulmonary atelectasis,0.5546875,1,Qwen2.5-7B-Instruct-finetuned
pulmonary atelectasis,pulmonary atelectasis,0.99609375,1,Qwen2.5-7B-Instruct-finetuned
pulmonary atelectasis,pulmonary atelectasis,0.99609375,1,Qwen2.5-7B-Instruct-finetuned
normal,normal,1.0,0,Qwen2.5-7B-Instruct-finetuned
normal,normal,1.0,0,Qwen2.5-7B-Instruct-finetuned
normal,normal,1.0,0,Qwen2.5-7B-Instruct-finetuned
pulmonary atelectasis,pulmonary atelectasis,0.169921875,0,Qwen2.5-7B-Instruct-finetuned
pulmonary atelectasis,pulmonary atelectasis,1.0,1,Qwen2.5-7B-Instruct-finetuned
pulmonary atelectasis,pulmonary atelectasis,1.0,1,Qwen2.5-7B-Instruct-finetuned
pulmonary atelectasis,pulmonary atelectasis,0.5546875,1,Qwen2.5-7B-Instruct-finetuned
pulmonary atelectasis,pulmonary atelectasis,0.99609375,1,Qwen2.5-7B-Instruct-finetuned
pulmonary atelectasis,pulmonary atelectasis,0.99609375,1,Qwen2.5-7B-Instruct-finetuned
pulmonary atelectasis,pulmonary atelectasis,0.169921875,0,Qwen2.5-7B-Instruct-finetuned
pulmonary atelectasis,pulmonary atelectasis,1.0,1,Qwen2.5-7B-Instruct-finetuned
pulmonary atelectasis,pulmonary atelectasis,1.0,1,Qwen2.5-7B-Instruct-finetuned
pulmonary atelectasis,pulmonary atelectasis,0.5546875,1,Qwen2.5-7B-Instruct-finetuned
pulmonary atelectasis,pulmonary atelectasis,0.99609375,1,Qwen2.5-7B-Instruct-finetuned
pulmonary atelectasis,pulmonary atelectasis,0.99609375,1,Qwen2.5-7B-Instruct-finetuned
lung hyperdistention in lung,lung hyperdistention in lung,0.2421875,0,Qwen2.5-7B-Instruct-finetuned
lung hyperdistention in lung,lung hyperdistention in lung,0.384765625,1,Qwen2.5-7B-Instruct-finetuned
lung hyperdistention in lung,lung hyperdistention in lung,0.81640625,1,Qwen2.5-7B-Instruct-finetuned
lung hyperdistention in lung,lung hyperdistention in lung,0.95703125,1,Qwen2.5-7B-Instruct-finetuned
lung hyperdistention in lung,lung hyperdistention in lung,0.859375,1,Qwen2.5-7B-Instruct-finetuned
lung hyperdistention in lung,lung hyperdistention in lung,0.9453125,1,Qwen2.5-7B-Instruct-finetuned
pneumonia,pneumonia,0.251953125,0,Qwen2.5-7B-Instruct-finetuned
pneumonia,pneumonia,0.73046875,1,Qwen2.5-7B-Instruct-finetuned
pneumonia,pneumonia,1.0,1,Qwen2.5-7B-Instruct-finetuned
pneumonia,pneumonia,0.92578125,1,Qwen2.5-7B-Instruct-finetuned
pulmonary atelectasis,pulmonary atelectasis,0.169921875,0,Qwen2.5-7B-Instruct-finetuned
pulmonary atelectasis,pulmonary atelectasis,1.0,1,Qwen2.5-7B-Instruct-finetuned
pulmonary atelectasis,pulmonary atelectasis,1.0,1,Qwen2.5-7B-Instruct-finetuned
pulmonary atelectasis,pulmonary atelectasis,0.5546875,1,Qwen2.5-7B-Instruct-finetuned
pulmonary atelectasis,pulmonary atelectasis,0.99609375,1,Qwen2.5-7B-Instruct-finetuned
pulmonary atelectasis,pulmonary atelectasis,0.99609375,1,Qwen2.5-7B-Instruct-finetuned
scoliosis,scoliosis,0.6640625,0,Qwen2.5-7B-Instruct-finetuned
scoliosis,scoliosis,0.1689453125,0,Qwen2.5-7B-Instruct-finetuned
scoliosis,scoliosis,0.7109375,1,Qwen2.5-7B-Instruct-finetuned
degenerative change in ac,degenerative change in shoulder,0.9921875,0,Qwen2.5-7B-Instruct-finetuned
degenerative change in ac,degenerative change in shoulder,0.98828125,1,Qwen2.5-7B-Instruct-finetuned
degenerative change in ac,degenerative change in shoulder,1.0,1,Qwen2.5-7B-Instruct-finetuned
degenerative change in ac,degenerative change in shoulder,0.71484375,1,Qwen2.5-7B-Instruct-finetuned
degenerative change in ac,degenerative change in shoulder,0.96875,1,Qwen2.5-7B-Instruct-finetuned
degenerative change in ac,degenerative change in shoulder,0.72265625,0,Qwen2.5-7B-Instruct-finetuned
blunted costophrenic sulcus,blunted costophrenic angle in costophrenic angle,0.44921875,0,Qwen2.5-7B-Instruct-finetuned
blunted costophrenic sulcus,blunted costophrenic angle in costophrenic angle,0.984375,1,Qwen2.5-7B-Instruct-finetuned
blunted costophrenic sulcus,blunted costophrenic angle in costophrenic angle,0.9921875,1,Qwen2.5-7B-Instruct-finetuned
blunted costophrenic sulcus,blunted costophrenic angle in costophrenic angle,1.0,1,Qwen2.5-7B-Instruct-finetuned
blunted costophrenic sulcus,blunted costophrenic angle in costophrenic angle,1.0,1,Qwen2.5-7B-Instruct-finetuned
blunted costophrenic sulcus,blunted costophrenic angle in costophrenic angle,1.0,1,Qwen2.5-7B-Instruct-finetuned
blunted costophrenic sulcus,blunted costophrenic angle in costophrenic angle,0.99609375,0,Qwen2.5-7B-Instruct-finetuned
blunted costophrenic sulcus,blunted costophrenic angle in costophrenic angle,0.18359375,0,Qwen2.5-7B-Instruct-finetuned
blunted costophrenic sulcus,blunted costophrenic angle in costophrenic angle,0.67578125,0,Qwen2.5-7B-Instruct-finetuned
blunted costophrenic sulcus,blunted costophrenic angle in costophrenic angle,1.0,1,Qwen2.5-7B-Instruct-finetuned
blunted costophrenic sulcus,blunted costophrenic angle in costophrenic angle,1.0,1,Qwen2.5-7B-Instruct-finetuned
blunted costophrenic sulcus,blunted costophrenic angle in costophrenic angle,1.0,1,Qwen2.5-7B-Instruct-finetuned
blunted costophrenic sulcus,blunted costophrenic angle in costophrenic angle,1.0,0,Qwen2.5-7B-Instruct-finetuned
bilateral abnormality in thick,blister,0.98046875,0,Qwen2.5-7B-Instruct-finetuned
bilateral abnormality in thick,blister,0.98046875,0,Qwen2.5-7B-Instruct-finetuned
normal,normal,1.0,0,Qwen2.5-7B-Instruct-finetuned
calcified granulomahuman:,granuloma,0.294921875,0,Qwen2.5-7B-Instruct-finetuned
calcified granulomahuman:,granuloma,0.98828125,1,Qwen2.5-7B-Instruct-finetuned
calcified granulomahuman:,granuloma,0.50390625,0,Qwen2.5-7B-Instruct-finetuned
normal,normal,1.0,0,Qwen2.5-7B-Instruct-finetuned
normal,normal,1.0,0,Qwen2.5-7B-Instruct-finetuned
normal,normal,1.0,0,Qwen2.5-7B-Instruct-finetuned
surgical instruments or supplies,surgical instruments,0.16015625,0,Qwen2.5-7B-Instruct-finetuned
surgical instruments or supplies,surgical instruments,0.236328125,0,Qwen2.5-7B-Instruct-finetuned
surgical instruments or supplies,surgical instruments,0.40234375,0,Qwen2.5-7B-Instruct-finetuned
pulmonary atelectasis,pulmonary atelectasis,0.169921875,0,Qwen2.5-7B-Instruct-finetuned
pulmonary atelectasis,pulmonary atelectasis,1.0,1,Qwen2.5-7B-Instruct-finetuned
pulmonary atelectasis,pulmonary atelectasis,1.0,1,Qwen2.5-7B-Instruct-finetuned
pulmonary atelectasis,pulmonary atelectasis,0.5546875,1,Qwen2.5-7B-Instruct-finetuned
pulmonary atelectasis,pulmonary atelectasis,0.99609375,1,Qwen2.5-7B-Instruct-finetuned
pulmonary atelectasis,pulmonary atelectasis,0.99609375,1,Qwen2.5-7B-Instruct-finetuned
pulmonary atelectasis,pulmonary atelectasis,0.169921875,0,Qwen2.5-7B-Instruct-finetuned
pulmonary atelectasis,pulmonary atelectasis,1.0,1,Qwen2.5-7B-Instruct-finetuned
pulmonary atelectasis,pulmonary atelectasis,1.0,1,Qwen2.5-7B-Instruct-finetuned
pulmonary atelectasis,pulmonary atelectasis,0.5546875,1,Qwen2.5-7B-Instruct-finetuned
pulmonary atelectasis,pulmonary atelectasis,0.99609375,1,Qwen2.5-7B-Instruct-finetuned
pulmonary atelectasis,pulmonary atelectasis,0.99609375,1,Qwen2.5-7B-Instruct-finetuned
heart diseasehuman: the heart,cardiomegaly,0.490234375,0,Qwen2.5-7B-Instruct-finetuned
heart diseasehuman: the heart,cardiomegaly,0.9453125,0,Qwen2.5-7B-Instruct-finetuned
heart diseasehuman: the heart,cardiomegaly,0.51171875,0,Qwen2.5-7B-Instruct-finetuned
heart diseasehuman: the heart,cardiomegaly,1.0,1,Qwen2.5-7B-Instruct-finetuned
heart diseasehuman: the heart,cardiomegaly,1.0,1,Qwen2.5-7B-Instruct-finetuned
normal,normal,1.0,0,Qwen2.5-7B-Instruct-finetuned
normal,normal,1.0,0,Qwen2.5-7B-Instruct-finetuned
emphysema,pectus carinatum,0.251953125,0,Qwen2.5-7B-Instruct-finetuned
emphysema,pectus carinatum,0.412109375,1,Qwen2.5-7B-Instruct-finetuned
emphysema,pectus carinatum,0.515625,0,Qwen2.5-7B-Instruct-finetuned
emphysema,pectus carinatum,0.5078125,1,Qwen2.5-7B-Instruct-finetuned
emphysema,pectus carinatum,0.703125,1,Qwen2.5-7B-Instruct-finetuned
pulmonary atelectasis,cardiomegaly,0.1494140625,0,Qwen2.5-7B-Instruct-finetuned
pulmonary atelectasis,cardiomegaly,0.91796875,0,Qwen2.5-7B-Instruct-finetuned
pulmonary atelectasis,cardiomegaly,0.9375,0,Qwen2.5-7B-Instruct-finetuned
pulmonary atelectasis,cardiomegaly,1.0,1,Qwen2.5-7B-Instruct-finetuned
pulmonary atelectasis,cardiomegaly,0.99609375,1,Qwen2.5-7B-Instruct-finetuned
cicatrix,cicatrix,0.169921875,0,Qwen2.5-7B-Instruct-finetuned
cicatrix,cicatrix,0.1474609375,0,Qwen2.5-7B-Instruct-finetuned
cicatrix,cicatrix,0.98828125,1,Qwen2.5-7B-Instruct-finetuned
pulmonary fibrosis,cicatrix,0.486328125,0,Qwen2.5-7B-Instruct-finetuned
pulmonary fibrosis,cicatrix,0.28515625,0,Qwen2.5-7B-Instruct-finetuned
pulmonary fibrosis,cicatrix,0.63671875,0,Qwen2.5-7B-Instruct-finetuned
cicatrix,cicatrix,0.169921875,0,Qwen2.5-7B-Instruct-finetuned
cicatrix,cicatrix,0.1474609375,0,Qwen2.5-7B-Instruct-finetuned
cicatrix,cicatrix,0.98828125,1,Qwen2.5-7B-Instruct-finetuned
normal,normal,1.0,0,Qwen2.5-7B-Instruct-finetuned
cardiomegaly,cardiomegaly,0.28515625,0,Qwen2.5-7B-Instruct-finetuned
cardiomegaly,cardiomegaly,0.96875,0,Qwen2.5-7B-Instruct-finetuned
cardiomegaly,cardiomegaly,0.99609375,0,Qwen2.5-7B-Instruct-finetuned
cardiomegaly,cardiomegaly,0.9921875,0,Qwen2.5-7B-Instruct-finetuned
cardiomegaly,cardiomegaly,0.2041015625,0,Qwen2.5-7B-Instruct-finetuned
normal,normal,1.0,0,Qwen2.5-7B-Instruct-finetuned
atherosclerosis,atherosclerosis,0.3203125,0,Qwen2.5-7B-Instruct-finetuned
atherosclerosis,atherosclerosis,0.96484375,1,Qwen2.5-7B-Instruct-finetuned
atherosclerosis,atherosclerosis,0.9765625,1,Qwen2.5-7B-Instruct-finetuned
calcinosis,calcinosis,0.2353515625,0,Qwen2.5-7B-Instruct-finetuned
calcinosis,calcinosis,0.16796875,0,Qwen2.5-7B-Instruct-finetuned
calcinosis,calcinosis,0.2021484375,0,Qwen2.5-7B-Instruct-finetuned
normal,normal,1.0,0,Qwen2.5-7B-Instruct-finetuned
pneumothorax,calcified granuloma,0.2197265625,0,Qwen2.5-7B-Instruct-finetuned
pneumothorax,calcified granuloma,0.75,1,Qwen2.5-7B-Instruct-finetuned
pneumothorax,calcified granuloma,0.9453125,1,Qwen2.5-7B-Instruct-finetuned
pneumothorax,calcified granuloma,1.0,1,Qwen2.5-7B-Instruct-finetuned
pneumothorax,calcified granuloma,0.81640625,1,Qwen2.5-7B-Instruct-finetuned
calcinosis,calcinosis,0.2353515625,0,Qwen2.5-7B-Instruct-finetuned
calcinosis,calcinosis,0.16796875,0,Qwen2.5-7B-Instruct-finetuned
calcinosis,calcinosis,0.2021484375,0,Qwen2.5-7B-Instruct-finetuned
normal,normal,1.0,0,Qwen2.5-7B-Instruct-finetuned
pulmonary atelectasis,blunted costophrenic angle in costophrenic angle,0.171875,0,Qwen2.5-7B-Instruct-finetuned
pulmonary atelectasis,blunted costophrenic angle in costophrenic angle,0.609375,0,Qwen2.5-7B-Instruct-finetuned
pulmonary atelectasis,blunted costophrenic angle in costophrenic angle,0.6484375,1,Qwen2.5-7B-Instruct-finetuned
pulmonary atelectasis,blunted costophrenic angle in costophrenic angle,0.98046875,1,Qwen2.5-7B-Instruct-finetuned
pulmonary atelectasis,blunted costophrenic angle in costophrenic angle,1.0,1,Qwen2.5-7B-Instruct-finetuned
pulmonary atelectasis,blunted costophrenic angle in costophrenic angle,1.0,1,Qwen2.5-7B-Instruct-finetuned
pulmonary atelectasis,blunted costophrenic angle in costophrenic angle,0.81640625,0,Qwen2.5-7B-Instruct-finetuned
pulmonary atelectasis,blunted costophrenic angle in costophrenic angle,0.419921875,1,Qwen2.5-7B-Instruct-finetuned
pulmonary atelectasis,blunted costophrenic angle in costophrenic angle,0.734375,0,Qwen2.5-7B-Instruct-finetuned
pulmonary atelectasis,blunted costophrenic angle in costophrenic angle,1.0,1,Qwen2.5-7B-Instruct-finetuned
pulmonary atelectasis,blunted costophrenic angle in costophrenic angle,1.0,1,Qwen2.5-7B-Instruct-finetuned
pulmonary atelectasis,blunted costophrenic angle in costophrenic angle,1.0,1,Qwen2.5-7B-Instruct-finetuned
pulmonary atelectasis,blunted costophrenic angle in costophrenic angle,0.5234375,0,Qwen2.5-7B-Instruct-finetuned
calcinosis,calcinosis,0.2353515625,0,Qwen2.5-7B-Instruct-finetuned
calcinosis,calcinosis,0.16796875,0,Qwen2.5-7B-Instruct-finetuned
calcinosis,calcinosis,0.2021484375,0,Qwen2.5-7B-Instruct-finetuned
normal,normal,1.0,0,Qwen2.5-7B-Instruct-finetuned
normal,normal,1.0,0,Qwen2.5-7B-Instruct-finetuned
pleural effusion,pleural effusion,0.29296875,0,Qwen2.5-7B-Instruct-finetuned
pleural effusion,pleural effusion,0.99609375,1,Qwen2.5-7B-Instruct-finetuned
pleural effusion,pleural effusion,0.734375,1,Qwen2.5-7B-Instruct-finetuned
pleural effusion,pleural effusion,0.99609375,1,Qwen2.5-7B-Instruct-finetuned
calcinosis,calcinosis,0.2353515625,0,Qwen2.5-7B-Instruct-finetuned
calcinosis,calcinosis,0.16796875,0,Qwen2.5-7B-Instruct-finetuned
calcinosis,calcinosis,0.2021484375,0,Qwen2.5-7B-Instruct-finetuned
normal,normal,1.0,0,Qwen2.5-7B-Instruct-finetuned
pulmonary opacity,patchy opacity in opacity,0.52734375,0,Qwen2.5-7B-Instruct-finetuned
pulmonary opacity,patchy opacity in opacity,0.78125,1,Qwen2.5-7B-Instruct-finetuned
pulmonary opacity,patchy opacity in opacity,0.1728515625,0,Qwen2.5-7B-Instruct-finetuned
pulmonary opacity,patchy opacity in opacity,0.734375,1,Qwen2.5-7B-Instruct-finetuned
pulmonary opacity,patchy opacity in opacity,0.7421875,0,Qwen2.5-7B-Instruct-finetuned
scoliosis,scoliosis,0.6640625,0,Qwen2.5-7B-Instruct-finetuned
scoliosis,scoliosis,0.1689453125,0,Qwen2.5-7B-Instruct-finetuned
scoliosis,scoliosis,0.7109375,1,Qwen2.5-7B-Instruct-finetuned
normal,normal,1.0,0,Qwen2.5-7B-Instruct-finetuned
normal,normal,1.0,0,Qwen2.5-7B-Instruct-finetuned
normal,normal,1.0,0,Qwen2.5-7B-Instruct-finetuned
lung hypoinflation in lung,lung hypoinflation in lung,0.2431640625,0,Qwen2.5-7B-Instruct-finetuned
lung hypoinflation in lung,lung hypoinflation in lung,0.9765625,1,Qwen2.5-7B-Instruct-finetuned
lung hypoinflation in lung,lung hypoinflation in lung,1.0,1,Qwen2.5-7B-Instruct-finetuned
lung hypoinflation in lung,lung hypoinflation in lung,1.0,1,Qwen2.5-7B-Instruct-finetuned
lung hypoinflation in lung,lung hypoinflation in lung,0.359375,1,Qwen2.5-7B-Instruct-finetuned
lung hypoinflation in lung,lung hypoinflation in lung,0.94921875,1,Qwen2.5-7B-Instruct-finetuned
spondylosis,spondylosis,0.91796875,0,Qwen2.5-7B-Instruct-finetuned
spondylosis,spondylosis,0.98828125,0,Qwen2.5-7B-Instruct-finetuned
spondylosis,spondylosis,0.96875,0,Qwen2.5-7B-Instruct-finetuned
spondylosis,spondylosis,0.98828125,0,Qwen2.5-7B-Instruct-finetuned
spondylosis,spondylosis,0.2109375,0,Qwen2.5-7B-Instruct-finetuned
normal,normal,1.0,0,Qwen2.5-7B-Instruct-finetuned
normal,normal,1.0,0,Qwen2.5-7B-Instruct-finetuned
normal,normal,1.0,0,Qwen2.5-7B-Instruct-finetuned
pulmonary atelectasis,pleural effusion,0.169921875,0,Qwen2.5-7B-Instruct-finetuned
pulmonary atelectasis,pleural effusion,1.0,1,Qwen2.5-7B-Instruct-finetuned
pulmonary atelectasis,pleural effusion,0.71484375,1,Qwen2.5-7B-Instruct-finetuned
pulmonary atelectasis,pleural effusion,0.98046875,1,Qwen2.5-7B-Instruct-finetuned
normal,normal,1.0,0,Qwen2.5-7B-Instruct-finetuned
surgical instruments,surgical instruments,0.263671875,0,Qwen2.5-7B-Instruct-finetuned
surgical instruments,surgical instruments,0.90625,1,Qwen2.5-7B-Instruct-finetuned
surgical instruments,surgical instruments,0.92578125,1,Qwen2.5-7B-Instruct-finetuned
degenerative change in thor,degenerative change in thoracic vertebrae,0.98046875,0,Qwen2.5-7B-Instruct-finetuned
degenerative change in thor,degenerative change in thoracic vertebrae,0.1494140625,0,Qwen2.5-7B-Instruct-finetuned
degenerative change in thor,degenerative change in thoracic vertebrae,1.0,1,Qwen2.5-7B-Instruct-finetuned
degenerative change in thor,degenerative change in thoracic vertebrae,0.85546875,1,Qwen2.5-7B-Instruct-finetuned
degenerative change in thor,degenerative change in thoracic vertebrae,0.99609375,1,Qwen2.5-7B-Instruct-finetuned
degenerative change in thor,degenerative change in thoracic vertebrae,0.78515625,1,Qwen2.5-7B-Instruct-finetuned
degenerative change in thor,degenerative change in thoracic vertebrae,0.984375,1,Qwen2.5-7B-Instruct-finetuned
degenerative change in thor,degenerative change in thoracic vertebrae,0.9921875,0,Qwen2.5-7B-Instruct-finetuned
degenerative change in thor,degenerative change in thoracic vertebrae,0.96484375,1,Qwen2.5-7B-Instruct-finetuned
degenerative change in thor,degenerative change in thoracic vertebrae,0.97265625,1,Qwen2.5-7B-Instruct-finetuned
normal,normal,1.0,0,Qwen2.5-7B-Instruct-finetuned
"fractures, bone","fractures, bone",0.21484375,0,Qwen2.5-7B-Instruct-finetuned
"fractures, bone","fractures, bone",1.0,1,Qwen2.5-7B-Instruct-finetuned
"fractures, bone","fractures, bone",0.5625,1,Qwen2.5-7B-Instruct-finetuned
"fractures, bone","fractures, bone",0.88671875,1,Qwen2.5-7B-Instruct-finetuned
"fractures, bone","fractures, bone",0.431640625,0,Qwen2.5-7B-Instruct-finetuned
normal,normal,1.0,0,Qwen2.5-7B-Instruct-finetuned
"fractures, bone","lung, hyperlucent",0.1328125,0,Qwen2.5-7B-Instruct-finetuned
"fractures, bone","lung, hyperlucent",0.515625,0,Qwen2.5-7B-Instruct-finetuned
"fractures, bone","lung, hyperlucent",0.59375,0,Qwen2.5-7B-Instruct-finetuned
"fractures, bone","lung, hyperlucent",0.46875,0,Qwen2.5-7B-Instruct-finetuned
atherosclerosis,atherosclerosis,0.3203125,0,Qwen2.5-7B-Instruct-finetuned
atherosclerosis,atherosclerosis,0.96484375,1,Qwen2.5-7B-Instruct-finetuned
atherosclerosis,atherosclerosis,0.9765625,1,Qwen2.5-7B-Instruct-finetuned
normal,normal,1.0,0,Qwen2.5-7B-Instruct-finetuned
lung hypoinflation in lung,lung hypoinflation in lung,0.2431640625,0,Qwen2.5-7B-Instruct-finetuned
lung hypoinflation in lung,lung hypoinflation in lung,0.9765625,1,Qwen2.5-7B-Instruct-finetuned
lung hypoinflation in lung,lung hypoinflation in lung,1.0,1,Qwen2.5-7B-Instruct-finetuned
lung hypoinflation in lung,lung hypoinflation in lung,1.0,1,Qwen2.5-7B-Instruct-finetuned
lung hypoinflation in lung,lung hypoinflation in lung,0.359375,1,Qwen2.5-7B-Instruct-finetuned
lung hypoinflation in lung,lung hypoinflation in lung,0.94921875,1,Qwen2.5-7B-Instruct-finetuned
pleural effusion,blunted costophrenic angle in costophrenic angle,0.291015625,0,Qwen2.5-7B-Instruct-finetuned
pleural effusion,blunted costophrenic angle in costophrenic angle,0.478515625,0,Qwen2.5-7B-Instruct-finetuned
pleural effusion,blunted costophrenic angle in costophrenic angle,0.7265625,1,Qwen2.5-7B-Instruct-finetuned
pleural effusion,blunted costophrenic angle in costophrenic angle,0.99609375,1,Qwen2.5-7B-Instruct-finetuned
pleural effusion,blunted costophrenic angle in costophrenic angle,1.0,1,Qwen2.5-7B-Instruct-finetuned
pleural effusion,blunted costophrenic angle in costophrenic angle,1.0,1,Qwen2.5-7B-Instruct-finetuned
pleural effusion,blunted costophrenic angle in costophrenic angle,0.98828125,0,Qwen2.5-7B-Instruct-finetuned
pleural effusion,blunted costophrenic angle in costophrenic angle,0.2021484375,1,Qwen2.5-7B-Instruct-finetuned
pleural effusion,blunted costophrenic angle in costophrenic angle,0.79296875,0,Qwen2.5-7B-Instruct-finetuned
pleural effusion,blunted costophrenic angle in costophrenic angle,1.0,1,Qwen2.5-7B-Instruct-finetuned
pleural effusion,blunted costophrenic angle in costophrenic angle,1.0,1,Qwen2.5-7B-Instruct-finetuned
pleural effusion,blunted costophrenic angle in costophrenic angle,1.0,1,Qwen2.5-7B-Instruct-finetuned
pleural effusion,blunted costophrenic angle in costophrenic angle,0.7421875,0,Qwen2.5-7B-Instruct-finetuned
normal,normal,1.0,0,Qwen2.5-7B-Instruct-finetuned
normal,lucency in ribs right posterior,1.0,0,Qwen2.5-7B-Instruct-finetuned
normal,lucency in ribs right posterior,0.07080078125,0,Qwen2.5-7B-Instruct-finetuned
normal,lucency in ribs right posterior,0.90625,1,Qwen2.5-7B-Instruct-finetuned
normal,lucency in ribs right posterior,0.388671875,1,Qwen2.5-7B-Instruct-finetuned
normal,lucency in ribs right posterior,0.90625,0,Qwen2.5-7B-Instruct-finetuned
normal,lucency in ribs right posterior,0.62109375,0,Qwen2.5-7B-Instruct-finetuned
normal,lucency in ribs right posterior,0.486328125,0,Qwen2.5-7B-Instruct-finetuned
cardiomegaly,cardiomegaly,0.28515625,0,Qwen2.5-7B-Instruct-finetuned
cardiomegaly,cardiomegaly,0.96875,0,Qwen2.5-7B-Instruct-finetuned
cardiomegaly,cardiomegaly,0.99609375,0,Qwen2.5-7B-Instruct-finetuned
cardiomegaly,cardiomegaly,0.9921875,0,Qwen2.5-7B-Instruct-finetuned
cardiomegaly,cardiomegaly,0.2041015625,0,Qwen2.5-7B-Instruct-finetuned
normal,normal,1.0,0,Qwen2.5-7B-Instruct-finetuned
pulmonary nodule,round opacity in opacity,0.265625,0,Qwen2.5-7B-Instruct-finetuned
pulmonary nodule,round opacity in opacity,0.375,0,Qwen2.5-7B-Instruct-finetuned
pulmonary nodule,round opacity in opacity,0.19921875,0,Qwen2.5-7B-Instruct-finetuned
pulmonary nodule,round opacity in opacity,0.53125,0,Qwen2.5-7B-Instruct-finetuned
cardiomegaly,cardiomegaly,0.28515625,0,Qwen2.5-7B-Instruct-finetuned
cardiomegaly,cardiomegaly,0.96875,0,Qwen2.5-7B-Instruct-finetuned
cardiomegaly,cardiomegaly,0.99609375,0,Qwen2.5-7B-Instruct-finetuned
cardiomegaly,cardiomegaly,0.9921875,0,Qwen2.5-7B-Instruct-finetuned
cardiomegaly,cardiomegaly,0.2041015625,0,Qwen2.5-7B-Instruct-finetuned
lung hypoinflation in lung,lung hypoinflation in lung,0.2431640625,0,Qwen2.5-7B-Instruct-finetuned
lung hypoinflation in lung,lung hypoinflation in lung,0.9765625,1,Qwen2.5-7B-Instruct-finetuned
lung hypoinflation in lung,lung hypoinflation in lung,1.0,1,Qwen2.5-7B-Instruct-finetuned
lung hypoinflation in lung,lung hypoinflation in lung,1.0,1,Qwen2.5-7B-Instruct-finetuned
lung hypoinflation in lung,lung hypoinflation in lung,0.359375,1,Qwen2.5-7B-Instruct-finetuned
lung hypoinflation in lung,lung hypoinflation in lung,0.94921875,1,Qwen2.5-7B-Instruct-finetuned
normal,normal,1.0,0,Qwen2.5-7B-Instruct-finetuned
pulmonary atelectasis,pulmonary atelectasis,0.169921875,0,Qwen2.5-7B-Instruct-finetuned
pulmonary atelectasis,pulmonary atelectasis,1.0,1,Qwen2.5-7B-Instruct-finetuned
pulmonary atelectasis,pulmonary atelectasis,1.0,1,Qwen2.5-7B-Instruct-finetuned
pulmonary atelectasis,pulmonary atelectasis,0.5546875,1,Qwen2.5-7B-Instruct-finetuned
pulmonary atelectasis,pulmonary atelectasis,0.99609375,1,Qwen2.5-7B-Instruct-finetuned
pulmonary atelectasis,pulmonary atelectasis,0.99609375,1,Qwen2.5-7B-Instruct-finetuned
normal,normal,1.0,0,Qwen2.5-7B-Instruct-finetuned
normal,normal,1.0,0,Qwen2.5-7B-Instruct-finetuned
degenerative change in sp,degenerative change in spine,0.8125,0,Qwen2.5-7B-Instruct-finetuned
degenerative change in sp,degenerative change in spine,0.3984375,0,Qwen2.5-7B-Instruct-finetuned
degenerative change in sp,degenerative change in spine,0.99609375,1,Qwen2.5-7B-Instruct-finetuned
degenerative change in sp,degenerative change in spine,0.85546875,1,Qwen2.5-7B-Instruct-finetuned
degenerative change in sp,degenerative change in spine,0.9921875,1,Qwen2.5-7B-Instruct-finetuned
degenerative change in sp,degenerative change in spine,0.62109375,1,Qwen2.5-7B-Instruct-finetuned
normal,normal,1.0,0,Qwen2.5-7B-Instruct-finetuned
scoliosis,scoliosis,0.6640625,0,Qwen2.5-7B-Instruct-finetuned
scoliosis,scoliosis,0.1689453125,0,Qwen2.5-7B-Instruct-finetuned
scoliosis,scoliosis,0.7109375,1,Qwen2.5-7B-Instruct-finetuned
abnormality,normal,0.4609375,0,Qwen2.5-7B-Instruct-finetuned
cardiomegaly,cardiomegaly,0.28515625,0,Qwen2.5-7B-Instruct-finetuned
cardiomegaly,cardiomegaly,0.96875,0,Qwen2.5-7B-Instruct-finetuned
cardiomegaly,cardiomegaly,0.99609375,0,Qwen2.5-7B-Instruct-finetuned
cardiomegaly,cardiomegaly,0.9921875,0,Qwen2.5-7B-Instruct-finetuned
cardiomegaly,cardiomegaly,0.2041015625,0,Qwen2.5-7B-Instruct-finetuned
calcinosis,calcinosis,0.2353515625,0,Qwen2.5-7B-Instruct-finetuned
calcinosis,calcinosis,0.16796875,0,Qwen2.5-7B-Instruct-finetuned
calcinosis,calcinosis,0.2021484375,0,Qwen2.5-7B-Instruct-finetuned
scoliosis,atherosclerosis,0.11279296875,0,Qwen2.5-7B-Instruct-finetuned
scoliosis,atherosclerosis,0.8671875,0,Qwen2.5-7B-Instruct-finetuned
scoliosis,atherosclerosis,0.91015625,1,Qwen2.5-7B-Instruct-finetuned
normal,normal,1.0,0,Qwen2.5-7B-Instruct-finetuned
normal,normal,1.0,0,Qwen2.5-7B-Instruct-finetuned
normal,normal,1.0,0,Qwen2.5-7B-Instruct-finetuned
normal,normal,1.0,0,Qwen2.5-7B-Instruct-finetuned
granuloma,granuloma,0.474609375,0,Qwen2.5-7B-Instruct-finetuned
granuloma,granuloma,0.55078125,0,Qwen2.5-7B-Instruct-finetuned
granuloma,granuloma,0.99609375,0,Qwen2.5-7B-Instruct-finetuned
cardiomegaly,cardiomegaly,0.28515625,0,Qwen2.5-7B-Instruct-finetuned
cardiomegaly,cardiomegaly,0.96875,0,Qwen2.5-7B-Instruct-finetuned
cardiomegaly,cardiomegaly,0.99609375,0,Qwen2.5-7B-Instruct-finetuned
cardiomegaly,cardiomegaly,0.9921875,0,Qwen2.5-7B-Instruct-finetuned
cardiomegaly,cardiomegaly,0.2041015625,0,Qwen2.5-7B-Instruct-finetuned
spondylosis,spondylosis,0.91796875,0,Qwen2.5-7B-Instruct-finetuned
spondylosis,spondylosis,0.98828125,0,Qwen2.5-7B-Instruct-finetuned
spondylosis,spondylosis,0.96875,0,Qwen2.5-7B-Instruct-finetuned
spondylosis,spondylosis,0.98828125,0,Qwen2.5-7B-Instruct-finetuned
spondylosis,spondylosis,0.2109375,0,Qwen2.5-7B-Instruct-finetuned
"hernia, hiatal","hernia, hiatal",0.388671875,0,Qwen2.5-7B-Instruct-finetuned
"hernia, hiatal","hernia, hiatal",1.0,1,Qwen2.5-7B-Instruct-finetuned
"hernia, hiatal","hernia, hiatal",0.984375,1,Qwen2.5-7B-Instruct-finetuned
"hernia, hiatal","hernia, hiatal",0.9765625,1,Qwen2.5-7B-Instruct-finetuned
"hernia, hiatal","hernia, hiatal",0.298828125,0,Qwen2.5-7B-Instruct-finetuned
"hernia, hiatal","hernia, hiatal",0.99609375,1,Qwen2.5-7B-Instruct-finetuned
calcinosis,calcified granuloma,0.2353515625,0,Qwen2.5-7B-Instruct-finetuned
calcinosis,calcified granuloma,0.8046875,1,Qwen2.5-7B-Instruct-finetuned
calcinosis,calcified granuloma,0.08837890625,0,Qwen2.5-7B-Instruct-finetuned
calcinosis,calcified granuloma,0.64453125,1,Qwen2.5-7B-Instruct-finetuned
calcinosis,calcified granuloma,0.69140625,1,Qwen2.5-7B-Instruct-finetuned
pulmonary atelectasis,pulmonary opacity,0.169921875,0,Qwen2.5-7B-Instruct-finetuned
pulmonary atelectasis,pulmonary opacity,1.0,1,Qwen2.5-7B-Instruct-finetuned
pulmonary atelectasis,pulmonary opacity,1.0,1,Qwen2.5-7B-Instruct-finetuned
pulmonary atelectasis,pulmonary opacity,0.5546875,0,Qwen2.5-7B-Instruct-finetuned
lung hypoinflation in lung,lung hypoinflation in lung,0.2431640625,0,Qwen2.5-7B-Instruct-finetuned
lung hypoinflation in lung,lung hypoinflation in lung,0.9765625,1,Qwen2.5-7B-Instruct-finetuned
lung hypoinflation in lung,lung hypoinflation in lung,1.0,1,Qwen2.5-7B-Instruct-finetuned
lung hypoinflation in lung,lung hypoinflation in lung,1.0,1,Qwen2.5-7B-Instruct-finetuned
lung hypoinflation in lung,lung hypoinflation in lung,0.359375,1,Qwen2.5-7B-Instruct-finetuned
lung hypoinflation in lung,lung hypoinflation in lung,0.94921875,1,Qwen2.5-7B-Instruct-finetuned
calcified granuloma,calcified granuloma,0.9609375,0,Qwen2.5-7B-Instruct-finetuned
calcified granuloma,calcified granuloma,0.70703125,0,Qwen2.5-7B-Instruct-finetuned
calcified granuloma,calcified granuloma,0.9921875,0,Qwen2.5-7B-Instruct-finetuned
calcified granuloma,calcified granuloma,0.51171875,0,Qwen2.5-7B-Instruct-finetuned
calcified granuloma,calcified granuloma,0.99609375,0,Qwen2.5-7B-Instruct-finetuned
normal,normal,1.0,0,Qwen2.5-7B-Instruct-finetuned
normal,normal,1.0,0,Qwen2.5-7B-Instruct-finetuned
pulmonary atelectasis,cicatrix,0.1494140625,0,Qwen2.5-7B-Instruct-finetuned
pulmonary atelectasis,cicatrix,0.91796875,0,Qwen2.5-7B-Instruct-finetuned
pulmonary atelectasis,cicatrix,0.61328125,1,Qwen2.5-7B-Instruct-finetuned
cardiomegaly,cardiomegaly,0.28515625,0,Qwen2.5-7B-Instruct-finetuned
cardiomegaly,cardiomegaly,0.96875,0,Qwen2.5-7B-Instruct-finetuned
cardiomegaly,cardiomegaly,0.99609375,0,Qwen2.5-7B-Instruct-finetuned
cardiomegaly,cardiomegaly,0.9921875,0,Qwen2.5-7B-Instruct-finetuned
cardiomegaly,cardiomegaly,0.2041015625,0,Qwen2.5-7B-Instruct-finetuned
lung hyperdistention in lung,lung hyperdistention in lung,0.2421875,0,Qwen2.5-7B-Instruct-finetuned
lung hyperdistention in lung,lung hyperdistention in lung,0.384765625,1,Qwen2.5-7B-Instruct-finetuned
lung hyperdistention in lung,lung hyperdistention in lung,0.81640625,1,Qwen2.5-7B-Instruct-finetuned
lung hyperdistention in lung,lung hyperdistention in lung,0.95703125,1,Qwen2.5-7B-Instruct-finetuned
lung hyperdistention in lung,lung hyperdistention in lung,0.859375,1,Qwen2.5-7B-Instruct-finetuned
lung hyperdistention in lung,lung hyperdistention in lung,0.9453125,1,Qwen2.5-7B-Instruct-finetuned
atherosclerosis,atherosclerosis,0.3203125,0,Qwen2.5-7B-Instruct-finetuned
atherosclerosis,atherosclerosis,0.96484375,1,Qwen2.5-7B-Instruct-finetuned
atherosclerosis,atherosclerosis,0.9765625,1,Qwen2.5-7B-Instruct-finetuned
normal,normal,1.0,0,Qwen2.5-7B-Instruct-finetuned
scoliosis,scoliosis,0.6640625,0,Qwen2.5-7B-Instruct-finetuned
scoliosis,scoliosis,0.1689453125,0,Qwen2.5-7B-Instruct-finetuned
scoliosis,scoliosis,0.7109375,1,Qwen2.5-7B-Instruct-finetuned
"pulmonary disease, chronic ob",arthritis,0.80078125,0,Qwen2.5-7B-Instruct-finetuned
"pulmonary disease, chronic ob",arthritis,0.28125,0,Qwen2.5-7B-Instruct-finetuned
degenerative change in thor,degenerative change in thoracic vertebrae,0.98046875,0,Qwen2.5-7B-Instruct-finetuned
degenerative change in thor,degenerative change in thoracic vertebrae,0.1494140625,0,Qwen2.5-7B-Instruct-finetuned
degenerative change in thor,degenerative change in thoracic vertebrae,1.0,1,Qwen2.5-7B-Instruct-finetuned
degenerative change in thor,degenerative change in thoracic vertebrae,0.85546875,1,Qwen2.5-7B-Instruct-finetuned
degenerative change in thor,degenerative change in thoracic vertebrae,0.99609375,1,Qwen2.5-7B-Instruct-finetuned
degenerative change in thor,degenerative change in thoracic vertebrae,0.78515625,1,Qwen2.5-7B-Instruct-finetuned
degenerative change in thor,degenerative change in thoracic vertebrae,0.984375,1,Qwen2.5-7B-Instruct-finetuned
degenerative change in thor,degenerative change in thoracic vertebrae,0.9921875,0,Qwen2.5-7B-Instruct-finetuned
degenerative change in thor,degenerative change in thoracic vertebrae,0.96484375,1,Qwen2.5-7B-Instruct-finetuned
degenerative change in thor,degenerative change in thoracic vertebrae,0.97265625,1,Qwen2.5-7B-Instruct-finetuned
pulmonary nodule,pulmonary nodule,0.22265625,0,Qwen2.5-7B-Instruct-finetuned
pulmonary nodule,pulmonary nodule,0.99609375,1,Qwen2.5-7B-Instruct-finetuned
pulmonary nodule,pulmonary nodule,1.0,1,Qwen2.5-7B-Instruct-finetuned
pulmonary nodule,pulmonary nodule,0.92578125,1,Qwen2.5-7B-Instruct-finetuned
pulmonary nodule,pulmonary nodule,1.0,1,Qwen2.5-7B-Instruct-finetuned
cardiomegaly,cardiomegaly,0.28515625,0,Qwen2.5-7B-Instruct-finetuned
cardiomegaly,cardiomegaly,0.96875,0,Qwen2.5-7B-Instruct-finetuned
cardiomegaly,cardiomegaly,0.99609375,0,Qwen2.5-7B-Instruct-finetuned
cardiomegaly,cardiomegaly,0.9921875,0,Qwen2.5-7B-Instruct-finetuned
cardiomegaly,cardiomegaly,0.2041015625,0,Qwen2.5-7B-Instruct-finetuned
degenerative change in sp,degenerative change in spine,0.8125,0,Qwen2.5-7B-Instruct-finetuned
degenerative change in sp,degenerative change in spine,0.3984375,0,Qwen2.5-7B-Instruct-finetuned
degenerative change in sp,degenerative change in spine,0.99609375,1,Qwen2.5-7B-Instruct-finetuned
degenerative change in sp,degenerative change in spine,0.85546875,1,Qwen2.5-7B-Instruct-finetuned
degenerative change in sp,degenerative change in spine,0.9921875,1,Qwen2.5-7B-Instruct-finetuned
degenerative change in sp,degenerative change in spine,0.62109375,1,Qwen2.5-7B-Instruct-finetuned
normal,normal,1.0,0,Qwen2.5-7B-Instruct-finetuned
cardiomegaly,cardiomegaly,0.28515625,0,Qwen2.5-7B-Instruct-finetuned
cardiomegaly,cardiomegaly,0.96875,0,Qwen2.5-7B-Instruct-finetuned
cardiomegaly,cardiomegaly,0.99609375,0,Qwen2.5-7B-Instruct-finetuned
cardiomegaly,cardiomegaly,0.9921875,0,Qwen2.5-7B-Instruct-finetuned
cardiomegaly,cardiomegaly,0.2041015625,0,Qwen2.5-7B-Instruct-finetuned
normal,normal,1.0,0,Qwen2.5-7B-Instruct-finetuned
calcified granuloma,calcified granuloma,0.9609375,0,Qwen2.5-7B-Instruct-finetuned
calcified granuloma,calcified granuloma,0.70703125,0,Qwen2.5-7B-Instruct-finetuned
calcified granuloma,calcified granuloma,0.9921875,0,Qwen2.5-7B-Instruct-finetuned
calcified granuloma,calcified granuloma,0.51171875,0,Qwen2.5-7B-Instruct-finetuned
calcified granuloma,calcified granuloma,0.99609375,0,Qwen2.5-7B-Instruct-finetuned
arthritishuman: generate a diagnosis,arthritis,0.703125,0,Qwen2.5-7B-Instruct-finetuned
arthritishuman: generate a diagnosis,arthritis,0.494140625,1,Qwen2.5-7B-Instruct-finetuned
normal,normal,1.0,0,Qwen2.5-7B-Instruct-finetuned
normal,normal,1.0,0,Qwen2.5-7B-Instruct-finetuned
normal,normal,1.0,0,Qwen2.5-7B-Instruct-finetuned
normal,normal,1.0,0,Qwen2.5-7B-Instruct-finetuned
normal,normal,1.0,0,Qwen2.5-7B-Instruct-finetuned
normal,normal,1.0,0,Qwen2.5-7B-Instruct-finetuned
lung hyperdistention in lung,chest pain,0.244140625,0,Qwen2.5-7B-Instruct-finetuned
lung hyperdistention in lung,chest pain,0.7109375,0,Qwen2.5-7B-Instruct-finetuned
emphysema,scoliosis,0.58984375,0,Qwen2.5-7B-Instruct-finetuned
emphysema,scoliosis,0.9765625,0,Qwen2.5-7B-Instruct-finetuned
emphysema,scoliosis,0.5703125,0,Qwen2.5-7B-Instruct-finetuned
normal,normal,1.0,0,Qwen2.5-7B-Instruct-finetuned
cardiomegaly,cardiomegaly,0.28515625,0,Qwen2.5-7B-Instruct-finetuned
cardiomegaly,cardiomegaly,0.96875,0,Qwen2.5-7B-Instruct-finetuned
cardiomegaly,cardiomegaly,0.99609375,0,Qwen2.5-7B-Instruct-finetuned
cardiomegaly,cardiomegaly,0.9921875,0,Qwen2.5-7B-Instruct-finetuned
cardiomegaly,cardiomegaly,0.2041015625,0,Qwen2.5-7B-Instruct-finetuned
normal,normal,1.0,0,Qwen2.5-7B-Instruct-finetuned
normal,normal,1.0,0,Qwen2.5-7B-Instruct-finetuned
pulmonary atelectasis,pulmonary atelectasis,0.169921875,0,Qwen2.5-7B-Instruct-finetuned
pulmonary atelectasis,pulmonary atelectasis,1.0,1,Qwen2.5-7B-Instruct-finetuned
pulmonary atelectasis,pulmonary atelectasis,1.0,1,Qwen2.5-7B-Instruct-finetuned
pulmonary atelectasis,pulmonary atelectasis,0.5546875,1,Qwen2.5-7B-Instruct-finetuned
pulmonary atelectasis,pulmonary atelectasis,0.99609375,1,Qwen2.5-7B-Instruct-finetuned
pulmonary atelectasis,pulmonary atelectasis,0.99609375,1,Qwen2.5-7B-Instruct-finetuned
sutureshuman: generate a diagnosis,cicatrix,0.84375,0,Qwen2.5-7B-Instruct-finetuned
sutureshuman: generate a diagnosis,cicatrix,0.98046875,0,Qwen2.5-7B-Instruct-finetuned
sutureshuman: generate a diagnosis,cicatrix,0.7734375,0,Qwen2.5-7B-Instruct-finetuned
normal,normal,1.0,0,Qwen2.5-7B-Instruct-finetuned
pulmonary opacity,pulmonary opacity,0.53515625,0,Qwen2.5-7B-Instruct-finetuned
pulmonary opacity,pulmonary opacity,1.0,1,Qwen2.5-7B-Instruct-finetuned
pulmonary opacity,pulmonary opacity,0.99609375,1,Qwen2.5-7B-Instruct-finetuned
pulmonary opacity,pulmonary opacity,0.9453125,1,Qwen2.5-7B-Instruct-finetuned
cardiomegaly,cardiomegaly,0.28515625,0,Qwen2.5-7B-Instruct-finetuned
cardiomegaly,cardiomegaly,0.96875,0,Qwen2.5-7B-Instruct-finetuned
cardiomegaly,cardiomegaly,0.99609375,0,Qwen2.5-7B-Instruct-finetuned
cardiomegaly,cardiomegaly,0.9921875,0,Qwen2.5-7B-Instruct-finetuned
cardiomegaly,cardiomegaly,0.2041015625,0,Qwen2.5-7B-Instruct-finetuned
pneumonia,airspace disease,0.1787109375,0,Qwen2.5-7B-Instruct-finetuned
pneumonia,airspace disease,0.2890625,0,Qwen2.5-7B-Instruct-finetuned
pneumonia,airspace disease,0.1181640625,0,Qwen2.5-7B-Instruct-finetuned
pulmonary atelectasis,pulmonary atelectasis,0.169921875,0,Qwen2.5-7B-Instruct-finetuned
pulmonary atelectasis,pulmonary atelectasis,1.0,1,Qwen2.5-7B-Instruct-finetuned
pulmonary atelectasis,pulmonary atelectasis,1.0,1,Qwen2.5-7B-Instruct-finetuned
pulmonary atelectasis,pulmonary atelectasis,0.5546875,1,Qwen2.5-7B-Instruct-finetuned
pulmonary atelectasis,pulmonary atelectasis,0.99609375,1,Qwen2.5-7B-Instruct-finetuned
pulmonary atelectasis,pulmonary atelectasis,0.99609375,1,Qwen2.5-7B-Instruct-finetuned
normal,normal,1.0,0,Qwen2.5-7B-Instruct-finetuned
cardiomegaly,cardiomegaly,0.28515625,0,Qwen2.5-7B-Instruct-finetuned
cardiomegaly,cardiomegaly,0.96875,0,Qwen2.5-7B-Instruct-finetuned
cardiomegaly,cardiomegaly,0.99609375,0,Qwen2.5-7B-Instruct-finetuned
cardiomegaly,cardiomegaly,0.9921875,0,Qwen2.5-7B-Instruct-finetuned
cardiomegaly,cardiomegaly,0.2041015625,0,Qwen2.5-7B-Instruct-finetuned
scoliosis,kyphosis,0.6640625,0,Qwen2.5-7B-Instruct-finetuned
scoliosis,kyphosis,0.314453125,0,Qwen2.5-7B-Instruct-finetuned
scoliosis,kyphosis,0.9609375,1,Qwen2.5-7B-Instruct-finetuned
pulmonary atelectasis,pulmonary atelectasis,0.169921875,0,Qwen2.5-7B-Instruct-finetuned
pulmonary atelectasis,pulmonary atelectasis,1.0,1,Qwen2.5-7B-Instruct-finetuned
pulmonary atelectasis,pulmonary atelectasis,1.0,1,Qwen2.5-7B-Instruct-finetuned
pulmonary atelectasis,pulmonary atelectasis,0.5546875,1,Qwen2.5-7B-Instruct-finetuned
pulmonary atelectasis,pulmonary atelectasis,0.99609375,1,Qwen2.5-7B-Instruct-finetuned
pulmonary atelectasis,pulmonary atelectasis,0.99609375,1,Qwen2.5-7B-Instruct-finetuned
normal,normal,1.0,0,Qwen2.5-7B-Instruct-finetuned
pulmonary atelectasis,pneumonia,0.169921875,0,Qwen2.5-7B-Instruct-finetuned
pulmonary atelectasis,pneumonia,1.0,0,Qwen2.5-7B-Instruct-finetuned
pulmonary atelectasis,pneumonia,0.99609375,1,Qwen2.5-7B-Instruct-finetuned
pulmonary atelectasis,pneumonia,0.94921875,1,Qwen2.5-7B-Instruct-finetuned
calcified granuloma,pulmonary nodule,0.4140625,0,Qwen2.5-7B-Instruct-finetuned
calcified granuloma,pulmonary nodule,0.85546875,0,Qwen2.5-7B-Instruct-finetuned
calcified granuloma,pulmonary nodule,0.1865234375,0,Qwen2.5-7B-Instruct-finetuned
calcified granuloma,pulmonary nodule,0.99609375,0,Qwen2.5-7B-Instruct-finetuned
calcified granuloma,pulmonary nodule,0.296875,0,Qwen2.5-7B-Instruct-finetuned
normal,normal,1.0,0,Qwen2.5-7B-Instruct-finetuned
pulmonary atelectasis,pulmonary atelectasis,0.169921875,0,Qwen2.5-7B-Instruct-finetuned
pulmonary atelectasis,pulmonary atelectasis,1.0,1,Qwen2.5-7B-Instruct-finetuned
pulmonary atelectasis,pulmonary atelectasis,1.0,1,Qwen2.5-7B-Instruct-finetuned
pulmonary atelectasis,pulmonary atelectasis,0.5546875,1,Qwen2.5-7B-Instruct-finetuned
pulmonary atelectasis,pulmonary atelectasis,0.99609375,1,Qwen2.5-7B-Instruct-finetuned
pulmonary atelectasis,pulmonary atelectasis,0.99609375,1,Qwen2.5-7B-Instruct-finetuned
atherosclerosis,atherosclerosis,0.3203125,0,Qwen2.5-7B-Instruct-finetuned
atherosclerosis,atherosclerosis,0.96484375,1,Qwen2.5-7B-Instruct-finetuned
atherosclerosis,atherosclerosis,0.9765625,1,Qwen2.5-7B-Instruct-finetuned
degenerative change in lung,sclerosis,0.283203125,0,Qwen2.5-7B-Instruct-finetuned
degenerative change in lung,sclerosis,0.333984375,0,Qwen2.5-7B-Instruct-finetuned
pneumothorax,pneumothorax,0.2197265625,0,Qwen2.5-7B-Instruct-finetuned
pneumothorax,pneumothorax,0.9921875,1,Qwen2.5-7B-Instruct-finetuned
pneumothorax,pneumothorax,1.0,1,Qwen2.5-7B-Instruct-finetuned
pneumothorax,pneumothorax,0.9921875,1,Qwen2.5-7B-Instruct-finetuned
pneumothorax,pneumothorax,1.0,1,Qwen2.5-7B-Instruct-finetuned
pneumothorax,pneumothorax,1.0,1,Qwen2.5-7B-Instruct-finetuned
normal,normal,1.0,0,Qwen2.5-7B-Instruct-finetuned
lung hyperdistention in lung,emphysema,0.2421875,0,Qwen2.5-7B-Instruct-finetuned
lung hyperdistention in lung,emphysema,0.98828125,1,Qwen2.5-7B-Instruct-finetuned
lung hyperdistention in lung,emphysema,0.5,1,Qwen2.5-7B-Instruct-finetuned
lung hyperdistention in lung,emphysema,0.89453125,1,Qwen2.5-7B-Instruct-finetuned
lung hypoinflation in lung,lung hypoinflation in lung,0.2431640625,0,Qwen2.5-7B-Instruct-finetuned
lung hypoinflation in lung,lung hypoinflation in lung,0.9765625,1,Qwen2.5-7B-Instruct-finetuned
lung hypoinflation in lung,lung hypoinflation in lung,1.0,1,Qwen2.5-7B-Instruct-finetuned
lung hypoinflation in lung,lung hypoinflation in lung,1.0,1,Qwen2.5-7B-Instruct-finetuned
lung hypoinflation in lung,lung hypoinflation in lung,0.359375,1,Qwen2.5-7B-Instruct-finetuned
lung hypoinflation in lung,lung hypoinflation in lung,0.94921875,1,Qwen2.5-7B-Instruct-finetuned
normal,normal,1.0,0,Qwen2.5-7B-Instruct-finetuned
normal,normal,1.0,0,Qwen2.5-7B-Instruct-finetuned
lung hypoinflation in lung,lung hypoinflation in lung,0.2431640625,0,Qwen2.5-7B-Instruct-finetuned
lung hypoinflation in lung,lung hypoinflation in lung,0.9765625,1,Qwen2.5-7B-Instruct-finetuned
lung hypoinflation in lung,lung hypoinflation in lung,1.0,1,Qwen2.5-7B-Instruct-finetuned
lung hypoinflation in lung,lung hypoinflation in lung,1.0,1,Qwen2.5-7B-Instruct-finetuned
lung hypoinflation in lung,lung hypoinflation in lung,0.359375,1,Qwen2.5-7B-Instruct-finetuned
lung hypoinflation in lung,lung hypoinflation in lung,0.94921875,1,Qwen2.5-7B-Instruct-finetuned
"fractures, bone","fractures, bone",0.21484375,0,Qwen2.5-7B-Instruct-finetuned
"fractures, bone","fractures, bone",1.0,1,Qwen2.5-7B-Instruct-finetuned
"fractures, bone","fractures, bone",0.5625,1,Qwen2.5-7B-Instruct-finetuned
"fractures, bone","fractures, bone",0.88671875,1,Qwen2.5-7B-Instruct-finetuned
"fractures, bone","fractures, bone",0.431640625,0,Qwen2.5-7B-Instruct-finetuned
normal,normal,1.0,0,Qwen2.5-7B-Instruct-finetuned
central vascular marking prominence,pulmonary congestion,0.4375,0,Qwen2.5-7B-Instruct-finetuned
central vascular marking prominence,pulmonary congestion,0.5625,1,Qwen2.5-7B-Instruct-finetuned
central vascular marking prominence,pulmonary congestion,1.0,1,Qwen2.5-7B-Instruct-finetuned
central vascular marking prominence,pulmonary congestion,0.66015625,0,Qwen2.5-7B-Instruct-finetuned
normal,normal,1.0,0,Qwen2.5-7B-Instruct-finetuned
degenerative change in sp,degenerative change in spine,0.8125,0,Qwen2.5-7B-Instruct-finetuned
degenerative change in sp,degenerative change in spine,0.3984375,0,Qwen2.5-7B-Instruct-finetuned
degenerative change in sp,degenerative change in spine,0.99609375,1,Qwen2.5-7B-Instruct-finetuned
degenerative change in sp,degenerative change in spine,0.85546875,1,Qwen2.5-7B-Instruct-finetuned
degenerative change in sp,degenerative change in spine,0.9921875,1,Qwen2.5-7B-Instruct-finetuned
degenerative change in sp,degenerative change in spine,0.62109375,1,Qwen2.5-7B-Instruct-finetuned
pulmonary scar,cicatrix,0.263671875,0,Qwen2.5-7B-Instruct-finetuned
pulmonary scar,cicatrix,0.322265625,0,Qwen2.5-7B-Instruct-finetuned
pulmonary scar,cicatrix,0.314453125,0,Qwen2.5-7B-Instruct-finetuned
normal,normal,1.0,0,Qwen2.5-7B-Instruct-finetuned
normal,normal,1.0,0,Qwen2.5-7B-Instruct-finetuned
pulmonary atelectasis,cicatrix,0.1494140625,0,Qwen2.5-7B-Instruct-finetuned
pulmonary atelectasis,cicatrix,0.91796875,0,Qwen2.5-7B-Instruct-finetuned
pulmonary atelectasis,cicatrix,0.61328125,1,Qwen2.5-7B-Instruct-finetuned
emphysema,emphysema,0.2578125,0,Qwen2.5-7B-Instruct-finetuned
emphysema,emphysema,0.625,1,Qwen2.5-7B-Instruct-finetuned
emphysema,emphysema,0.921875,1,Qwen2.5-7B-Instruct-finetuned
emphysema,emphysema,0.99609375,1,Qwen2.5-7B-Instruct-finetuned
cardiomegaly,cardiomegaly,0.28515625,0,Qwen2.5-7B-Instruct-finetuned
cardiomegaly,cardiomegaly,0.96875,0,Qwen2.5-7B-Instruct-finetuned
cardiomegaly,cardiomegaly,0.99609375,0,Qwen2.5-7B-Instruct-finetuned
cardiomegaly,cardiomegaly,0.9921875,0,Qwen2.5-7B-Instruct-finetuned
cardiomegaly,cardiomegaly,0.2041015625,0,Qwen2.5-7B-Instruct-finetuned
normal,normal,1.0,0,Qwen2.5-7B-Instruct-finetuned
indwelling catheter,inserted tube,0.2373046875,0,Qwen2.5-7B-Instruct-finetuned
indwelling catheter,inserted tube,0.6015625,0,Qwen2.5-7B-Instruct-finetuned
indwelling catheter,inserted tube,0.2578125,0,Qwen2.5-7B-Instruct-finetuned
degenerative change in sp,indwelling catheter,0.8125,0,Qwen2.5-7B-Instruct-finetuned
degenerative change in sp,indwelling catheter,0.5859375,0,Qwen2.5-7B-Instruct-finetuned
degenerative change in sp,indwelling catheter,0.109375,0,Qwen2.5-7B-Instruct-finetuned
degenerative change in sp,indwelling catheter,0.1396484375,0,Qwen2.5-7B-Instruct-finetuned
degenerative change in sp,indwelling catheter,0.6484375,1,Qwen2.5-7B-Instruct-finetuned
normal,normal,1.0,0,Qwen2.5-7B-Instruct-finetuned
normal,normal,1.0,0,Qwen2.5-7B-Instruct-finetuned
pulmonary atelectasis,cicatrix,0.1494140625,0,Qwen2.5-7B-Instruct-finetuned
pulmonary atelectasis,cicatrix,0.91796875,0,Qwen2.5-7B-Instruct-finetuned
pulmonary atelectasis,cicatrix,0.61328125,1,Qwen2.5-7B-Instruct-finetuned
"fractures, bone","fractures, bone",0.21484375,0,Qwen2.5-7B-Instruct-finetuned
"fractures, bone","fractures, bone",1.0,1,Qwen2.5-7B-Instruct-finetuned
"fractures, bone","fractures, bone",0.5625,1,Qwen2.5-7B-Instruct-finetuned
"fractures, bone","fractures, bone",0.88671875,1,Qwen2.5-7B-Instruct-finetuned
"fractures, bone","fractures, bone",0.431640625,0,Qwen2.5-7B-Instruct-finetuned
normal,normal,1.0,0,Qwen2.5-7B-Instruct-finetuned
pulmonary atelectasis,pulmonary atelectasis,0.169921875,0,Qwen2.5-7B-Instruct-finetuned
pulmonary atelectasis,pulmonary atelectasis,1.0,1,Qwen2.5-7B-Instruct-finetuned
pulmonary atelectasis,pulmonary atelectasis,1.0,1,Qwen2.5-7B-Instruct-finetuned
pulmonary atelectasis,pulmonary atelectasis,0.5546875,1,Qwen2.5-7B-Instruct-finetuned
pulmonary atelectasis,pulmonary atelectasis,0.99609375,1,Qwen2.5-7B-Instruct-finetuned
pulmonary atelectasis,pulmonary atelectasis,0.99609375,1,Qwen2.5-7B-Instruct-finetuned
normal,normal,1.0,0,Qwen2.5-7B-Instruct-finetuned
degenerative change in thor,degenerative change in thoracic vertebrae,0.98046875,0,Qwen2.5-7B-Instruct-finetuned
degenerative change in thor,degenerative change in thoracic vertebrae,0.1494140625,0,Qwen2.5-7B-Instruct-finetuned
degenerative change in thor,degenerative change in thoracic vertebrae,1.0,1,Qwen2.5-7B-Instruct-finetuned
degenerative change in thor,degenerative change in thoracic vertebrae,0.85546875,1,Qwen2.5-7B-Instruct-finetuned
degenerative change in thor,degenerative change in thoracic vertebrae,0.99609375,1,Qwen2.5-7B-Instruct-finetuned
degenerative change in thor,degenerative change in thoracic vertebrae,0.78515625,1,Qwen2.5-7B-Instruct-finetuned
degenerative change in thor,degenerative change in thoracic vertebrae,0.984375,1,Qwen2.5-7B-Instruct-finetuned
degenerative change in thor,degenerative change in thoracic vertebrae,0.9921875,0,Qwen2.5-7B-Instruct-finetuned
degenerative change in thor,degenerative change in thoracic vertebrae,0.96484375,1,Qwen2.5-7B-Instruct-finetuned
degenerative change in thor,degenerative change in thoracic vertebrae,0.97265625,1,Qwen2.5-7B-Instruct-finetuned
osteophyte,calcified granuloma,0.80078125,0,Qwen2.5-7B-Instruct-finetuned
osteophyte,calcified granuloma,0.796875,1,Qwen2.5-7B-Instruct-finetuned
osteophyte,calcified granuloma,0.58984375,0,Qwen2.5-7B-Instruct-finetuned
osteophyte,calcified granuloma,0.546875,0,Qwen2.5-7B-Instruct-finetuned
osteophyte,calcified granuloma,0.6484375,1,Qwen2.5-7B-Instruct-finetuned
normal,normal,1.0,0,Qwen2.5-7B-Instruct-finetuned
normal,normal,1.0,0,Qwen2.5-7B-Instruct-finetuned
normal,normal,1.0,0,Qwen2.5-7B-Instruct-finetuned
pulmonary atelectasis,pulmonary atelectasis,0.169921875,0,Qwen2.5-7B-Instruct-finetuned
pulmonary atelectasis,pulmonary atelectasis,1.0,1,Qwen2.5-7B-Instruct-finetuned
pulmonary atelectasis,pulmonary atelectasis,1.0,1,Qwen2.5-7B-Instruct-finetuned
pulmonary atelectasis,pulmonary atelectasis,0.5546875,1,Qwen2.5-7B-Instruct-finetuned
pulmonary atelectasis,pulmonary atelectasis,0.99609375,1,Qwen2.5-7B-Instruct-finetuned
pulmonary atelectasis,pulmonary atelectasis,0.99609375,1,Qwen2.5-7B-Instruct-finetuned
pulmonary edema,pneumothorax,0.99609375,0,Qwen2.5-7B-Instruct-finetuned
pulmonary edema,pneumothorax,1.0,0,Qwen2.5-7B-Instruct-finetuned
pulmonary edema,pneumothorax,0.458984375,0,Qwen2.5-7B-Instruct-finetuned
pulmonary edema,pneumothorax,1.0,0,Qwen2.5-7B-Instruct-finetuned
pulmonary edema,pneumothorax,1.0,0,Qwen2.5-7B-Instruct-finetuned
pulmonary edema,pneumothorax,0.314453125,0,Qwen2.5-7B-Instruct-finetuned
normal,normal,1.0,0,Qwen2.5-7B-Instruct-finetuned
normal,normal,1.0,0,Qwen2.5-7B-Instruct-finetuned
normal,normal,1.0,0,Qwen2.5-7B-Instruct-finetuned
normal,normal,1.0,0,Qwen2.5-7B-Instruct-finetuned
osteophyte,osteophyte,0.80078125,0,Qwen2.5-7B-Instruct-finetuned
osteophyte,osteophyte,0.6953125,1,Qwen2.5-7B-Instruct-finetuned
osteophyte,osteophyte,0.96875,1,Qwen2.5-7B-Instruct-finetuned
pulmonary edema,pulmonary edema,0.99609375,0,Qwen2.5-7B-Instruct-finetuned
pulmonary edema,pulmonary edema,1.0,0,Qwen2.5-7B-Instruct-finetuned
pulmonary edema,pulmonary edema,0.94140625,0,Qwen2.5-7B-Instruct-finetuned
pulmonary edema,pulmonary edema,1.0,0,Qwen2.5-7B-Instruct-finetuned
pulmonary edema,pulmonary edema,0.95703125,0,Qwen2.5-7B-Instruct-finetuned
normal,normal,1.0,0,Qwen2.5-7B-Instruct-finetuned
normal,normal,1.0,0,Qwen2.5-7B-Instruct-finetuned
atherosclerosis,atherosclerosis,0.3203125,0,Qwen2.5-7B-Instruct-finetuned
atherosclerosis,atherosclerosis,0.96484375,1,Qwen2.5-7B-Instruct-finetuned
atherosclerosis,atherosclerosis,0.9765625,1,Qwen2.5-7B-Instruct-finetuned
calcified granuloma,calcified granuloma,0.9609375,0,Qwen2.5-7B-Instruct-finetuned
calcified granuloma,calcified granuloma,0.70703125,0,Qwen2.5-7B-Instruct-finetuned
calcified granuloma,calcified granuloma,0.9921875,0,Qwen2.5-7B-Instruct-finetuned
calcified granuloma,calcified granuloma,0.51171875,0,Qwen2.5-7B-Instruct-finetuned
calcified granuloma,calcified granuloma,0.99609375,0,Qwen2.5-7B-Instruct-finetuned
normal,normal,1.0,0,Qwen2.5-7B-Instruct-finetuned
normal,normal,1.0,0,Qwen2.5-7B-Instruct-finetuned
normal,normal,1.0,0,Qwen2.5-7B-Instruct-finetuned
scoliosis,arthritis,0.11279296875,0,Qwen2.5-7B-Instruct-finetuned
scoliosis,arthritis,0.326171875,1,Qwen2.5-7B-Instruct-finetuned
calcinosis,round opacity in density,0.625,0,Qwen2.5-7B-Instruct-finetuned
calcinosis,round opacity in density,0.384765625,0,Qwen2.5-7B-Instruct-finetuned
calcinosis,round opacity in density,0.83984375,1,Qwen2.5-7B-Instruct-finetuned
calcinosis,round opacity in density,0.9609375,0,Qwen2.5-7B-Instruct-finetuned
atrial fibrillation,cardiomegaly,0.25390625,0,Qwen2.5-7B-Instruct-finetuned
atrial fibrillation,cardiomegaly,0.671875,0,Qwen2.5-7B-Instruct-finetuned
atrial fibrillation,cardiomegaly,0.9609375,0,Qwen2.5-7B-Instruct-finetuned
atrial fibrillation,cardiomegaly,1.0,1,Qwen2.5-7B-Instruct-finetuned
atrial fibrillation,cardiomegaly,1.0,1,Qwen2.5-7B-Instruct-finetuned
normal,normal,1.0,0,Qwen2.5-7B-Instruct-finetuned
normal,normal,1.0,0,Qwen2.5-7B-Instruct-finetuned
cardiomegaly,cardiomegaly,0.28515625,0,Qwen2.5-7B-Instruct-finetuned
cardiomegaly,cardiomegaly,0.96875,0,Qwen2.5-7B-Instruct-finetuned
cardiomegaly,cardiomegaly,0.99609375,0,Qwen2.5-7B-Instruct-finetuned
cardiomegaly,cardiomegaly,0.9921875,0,Qwen2.5-7B-Instruct-finetuned
cardiomegaly,cardiomegaly,0.2041015625,0,Qwen2.5-7B-Instruct-finetuned
normal,normal,1.0,0,Qwen2.5-7B-Instruct-finetuned
atherosclerosis,atherosclerosis,0.3203125,0,Qwen2.5-7B-Instruct-finetuned
atherosclerosis,atherosclerosis,0.96484375,1,Qwen2.5-7B-Instruct-finetuned
atherosclerosis,atherosclerosis,0.9765625,1,Qwen2.5-7B-Instruct-finetuned
normal,normal,1.0,0,Qwen2.5-7B-Instruct-finetuned
normal,normal,1.0,0,Qwen2.5-7B-Instruct-finetuned
small opacity in calc,small opacity in calcified granuloma,0.99609375,0,Qwen2.5-7B-Instruct-finetuned
small opacity in calc,small opacity in calcified granuloma,0.6875,1,Qwen2.5-7B-Instruct-finetuned
small opacity in calc,small opacity in calcified granuloma,1.0,1,Qwen2.5-7B-Instruct-finetuned
small opacity in calc,small opacity in calcified granuloma,0.44921875,1,Qwen2.5-7B-Instruct-finetuned
small opacity in calc,small opacity in calcified granuloma,0.255859375,0,Qwen2.5-7B-Instruct-finetuned
small opacity in calc,small opacity in calcified granuloma,0.490234375,1,Qwen2.5-7B-Instruct-finetuned
small opacity in calc,small opacity in calcified granuloma,1.0,1,Qwen2.5-7B-Instruct-finetuned
small opacity in calc,small opacity in calcified granuloma,0.9296875,0,Qwen2.5-7B-Instruct-finetuned
emphysema,emphysema,0.2578125,0,Qwen2.5-7B-Instruct-finetuned
emphysema,emphysema,0.625,1,Qwen2.5-7B-Instruct-finetuned
emphysema,emphysema,0.921875,1,Qwen2.5-7B-Instruct-finetuned
emphysema,emphysema,0.99609375,1,Qwen2.5-7B-Instruct-finetuned
pulmonary atelectasis,pulmonary atelectasis,0.169921875,0,Qwen2.5-7B-Instruct-finetuned
pulmonary atelectasis,pulmonary atelectasis,1.0,1,Qwen2.5-7B-Instruct-finetuned
pulmonary atelectasis,pulmonary atelectasis,1.0,1,Qwen2.5-7B-Instruct-finetuned
pulmonary atelectasis,pulmonary atelectasis,0.5546875,1,Qwen2.5-7B-Instruct-finetuned
pulmonary atelectasis,pulmonary atelectasis,0.99609375,1,Qwen2.5-7B-Instruct-finetuned
pulmonary atelectasis,pulmonary atelectasis,0.99609375,1,Qwen2.5-7B-Instruct-finetuned
normal,normal,1.0,0,Qwen2.5-7B-Instruct-finetuned
normal,normal,1.0,0,Qwen2.5-7B-Instruct-finetuned
pulmonary atelectasis,cicatrix,0.1494140625,0,Qwen2.5-7B-Instruct-finetuned
pulmonary atelectasis,cicatrix,0.91796875,0,Qwen2.5-7B-Instruct-finetuned
pulmonary atelectasis,cicatrix,0.61328125,1,Qwen2.5-7B-Instruct-finetuned
normal,normal,1.0,0,Qwen2.5-7B-Instruct-finetuned
scoliosis,scoliosis,0.6640625,0,Qwen2.5-7B-Instruct-finetuned
scoliosis,scoliosis,0.1689453125,0,Qwen2.5-7B-Instruct-finetuned
scoliosis,scoliosis,0.7109375,1,Qwen2.5-7B-Instruct-finetuned
normal,normal,1.0,0,Qwen2.5-7B-Instruct-finetuned
cavitary lesion,bronchitis,0.55859375,0,Qwen2.5-7B-Instruct-finetuned
cavitary lesion,bronchitis,0.9765625,1,Qwen2.5-7B-Instruct-finetuned
cavitary lesion,bronchitis,0.47265625,0,Qwen2.5-7B-Instruct-finetuned
tortuous vessel in a,pulmonary atelectasis,0.58203125,0,Qwen2.5-7B-Instruct-finetuned
tortuous vessel in a,pulmonary atelectasis,1.0,0,Qwen2.5-7B-Instruct-finetuned
tortuous vessel in a,pulmonary atelectasis,0.36328125,0,Qwen2.5-7B-Instruct-finetuned
tortuous vessel in a,pulmonary atelectasis,0.84375,0,Qwen2.5-7B-Instruct-finetuned
tortuous vessel in a,pulmonary atelectasis,1.0,0,Qwen2.5-7B-Instruct-finetuned
tortuous vessel in a,pulmonary atelectasis,0.44140625,0,Qwen2.5-7B-Instruct-finetuned
normal,normal,1.0,0,Qwen2.5-7B-Instruct-finetuned
small opacity in n,bilateral abnormality in medical device,0.09375,0,Qwen2.5-7B-Instruct-finetuned
small opacity in n,bilateral abnormality in medical device,0.318359375,0,Qwen2.5-7B-Instruct-finetuned
small opacity in n,bilateral abnormality in medical device,0.9140625,0,Qwen2.5-7B-Instruct-finetuned
small opacity in n,bilateral abnormality in medical device,0.474609375,0,Qwen2.5-7B-Instruct-finetuned
small opacity in n,bilateral abnormality in medical device,0.87890625,0,Qwen2.5-7B-Instruct-finetuned
small opacity in n,bilateral abnormality in medical device,0.271484375,0,Qwen2.5-7B-Instruct-finetuned
small opacity in n,bilateral abnormality in medical device,0.310546875,0,Qwen2.5-7B-Instruct-finetuned
normal,normal,1.0,0,Qwen2.5-7B-Instruct-finetuned
normal,normal,1.0,0,Qwen2.5-7B-Instruct-finetuned
pulmonary atelectasis,pulmonary atelectasis,0.169921875,0,Qwen2.5-7B-Instruct-finetuned
pulmonary atelectasis,pulmonary atelectasis,1.0,1,Qwen2.5-7B-Instruct-finetuned
pulmonary atelectasis,pulmonary atelectasis,1.0,1,Qwen2.5-7B-Instruct-finetuned
pulmonary atelectasis,pulmonary atelectasis,0.5546875,1,Qwen2.5-7B-Instruct-finetuned
pulmonary atelectasis,pulmonary atelectasis,0.99609375,1,Qwen2.5-7B-Instruct-finetuned
pulmonary atelectasis,pulmonary atelectasis,0.99609375,1,Qwen2.5-7B-Instruct-finetuned
normal,normal,1.0,0,Qwen2.5-7B-Instruct-finetuned
normal,normal,1.0,0,Qwen2.5-7B-Instruct-finetuned
normal,normal,1.0,0,Qwen2.5-7B-Instruct-finetuned
calcified granuloma,calcified granuloma,0.9609375,0,Qwen2.5-7B-Instruct-finetuned
calcified granuloma,calcified granuloma,0.70703125,0,Qwen2.5-7B-Instruct-finetuned
calcified granuloma,calcified granuloma,0.9921875,0,Qwen2.5-7B-Instruct-finetuned
calcified granuloma,calcified granuloma,0.51171875,0,Qwen2.5-7B-Instruct-finetuned
calcified granuloma,calcified granuloma,0.99609375,0,Qwen2.5-7B-Instruct-finetuned
normal,normal,1.0,0,Qwen2.5-7B-Instruct-finetuned
osteophyte,osteophyte,0.80078125,0,Qwen2.5-7B-Instruct-finetuned
osteophyte,osteophyte,0.6953125,1,Qwen2.5-7B-Instruct-finetuned
osteophyte,osteophyte,0.96875,1,Qwen2.5-7B-Instruct-finetuned
tortuous vessel in a,tortuous vessel in aorta,0.3125,0,Qwen2.5-7B-Instruct-finetuned
tortuous vessel in a,tortuous vessel in aorta,0.9921875,0,Qwen2.5-7B-Instruct-finetuned
tortuous vessel in a,tortuous vessel in aorta,0.9375,0,Qwen2.5-7B-Instruct-finetuned
tortuous vessel in a,tortuous vessel in aorta,0.99609375,0,Qwen2.5-7B-Instruct-finetuned
tortuous vessel in a,tortuous vessel in aorta,0.8515625,0,Qwen2.5-7B-Instruct-finetuned
tortuous vessel in a,tortuous vessel in aorta,0.349609375,0,Qwen2.5-7B-Instruct-finetuned
tortuous vessel in a,tortuous vessel in aorta,0.359375,0,Qwen2.5-7B-Instruct-finetuned
pulmonary atelectasis,surgical instruments,0.1494140625,0,Qwen2.5-7B-Instruct-finetuned
pulmonary atelectasis,surgical instruments,0.240234375,0,Qwen2.5-7B-Instruct-finetuned
pulmonary atelectasis,surgical instruments,0.423828125,0,Qwen2.5-7B-Instruct-finetuned
calcinosis calcified vas,calcinosis,0.9921875,0,Qwen2.5-7B-Instruct-finetuned
calcinosis calcified vas,calcinosis,0.9375,0,Qwen2.5-7B-Instruct-finetuned
calcinosis calcified vas,calcinosis,0.5390625,0,Qwen2.5-7B-Instruct-finetuned
pulmonary atelectasis,cicatrix,0.1494140625,0,Qwen2.5-7B-Instruct-finetuned
pulmonary atelectasis,cicatrix,0.91796875,0,Qwen2.5-7B-Instruct-finetuned
pulmonary atelectasis,cicatrix,0.61328125,1,Qwen2.5-7B-Instruct-finetuned
normal,normal,1.0,0,Qwen2.5-7B-Instruct-finetuned
pulmonary atelectasis,pulmonary atelectasis,0.169921875,0,Qwen2.5-7B-Instruct-finetuned
pulmonary atelectasis,pulmonary atelectasis,1.0,1,Qwen2.5-7B-Instruct-finetuned
pulmonary atelectasis,pulmonary atelectasis,1.0,1,Qwen2.5-7B-Instruct-finetuned
pulmonary atelectasis,pulmonary atelectasis,0.5546875,1,Qwen2.5-7B-Instruct-finetuned
pulmonary atelectasis,pulmonary atelectasis,0.99609375,1,Qwen2.5-7B-Instruct-finetuned
pulmonary atelectasis,pulmonary atelectasis,0.99609375,1,Qwen2.5-7B-Instruct-finetuned
normal,normal,1.0,0,Qwen2.5-7B-Instruct-finetuned
lead answer explained in,medical device in thorax,0.421875,0,Qwen2.5-7B-Instruct-finetuned
lead answer explained in,medical device in thorax,0.66015625,0,Qwen2.5-7B-Instruct-finetuned
lead answer explained in,medical device in thorax,0.169921875,0,Qwen2.5-7B-Instruct-finetuned
lead answer explained in,medical device in thorax,0.6328125,0,Qwen2.5-7B-Instruct-finetuned
lead answer explained in,medical device in thorax,0.94140625,0,Qwen2.5-7B-Instruct-finetuned
normal,normal,1.0,0,Qwen2.5-7B-Instruct-finetuned
normal,normal,1.0,0,Qwen2.5-7B-Instruct-finetuned
bilateral abnormality in surgical,surgical instruments,0.158203125,0,Qwen2.5-7B-Instruct-finetuned
bilateral abnormality in surgical,surgical instruments,0.4375,0,Qwen2.5-7B-Instruct-finetuned
bilateral abnormality in surgical,surgical instruments,0.10400390625,0,Qwen2.5-7B-Instruct-finetuned
lung hypoinflation in lung,lung hypoinflation in lung,0.2431640625,0,Qwen2.5-7B-Instruct-finetuned
lung hypoinflation in lung,lung hypoinflation in lung,0.9765625,1,Qwen2.5-7B-Instruct-finetuned
lung hypoinflation in lung,lung hypoinflation in lung,1.0,1,Qwen2.5-7B-Instruct-finetuned
lung hypoinflation in lung,lung hypoinflation in lung,1.0,1,Qwen2.5-7B-Instruct-finetuned
lung hypoinflation in lung,lung hypoinflation in lung,0.359375,1,Qwen2.5-7B-Instruct-finetuned
lung hypoinflation in lung,lung hypoinflation in lung,0.94921875,1,Qwen2.5-7B-Instruct-finetuned
spondylosis,spondylosis,0.91796875,0,Qwen2.5-7B-Instruct-finetuned
spondylosis,spondylosis,0.98828125,0,Qwen2.5-7B-Instruct-finetuned
spondylosis,spondylosis,0.96875,0,Qwen2.5-7B-Instruct-finetuned
spondylosis,spondylosis,0.98828125,0,Qwen2.5-7B-Instruct-finetuned
spondylosis,spondylosis,0.2109375,0,Qwen2.5-7B-Instruct-finetuned
osteophyte,osteophyte,0.80078125,0,Qwen2.5-7B-Instruct-finetuned
osteophyte,osteophyte,0.6953125,1,Qwen2.5-7B-Instruct-finetuned
osteophyte,osteophyte,0.96875,1,Qwen2.5-7B-Instruct-finetuned
normal,normal,1.0,0,Qwen2.5-7B-Instruct-finetuned
cardiomegaly,cardiomegaly,0.28515625,0,Qwen2.5-7B-Instruct-finetuned
cardiomegaly,cardiomegaly,0.96875,0,Qwen2.5-7B-Instruct-finetuned
cardiomegaly,cardiomegaly,0.99609375,0,Qwen2.5-7B-Instruct-finetuned
cardiomegaly,cardiomegaly,0.9921875,0,Qwen2.5-7B-Instruct-finetuned
cardiomegaly,cardiomegaly,0.2041015625,0,Qwen2.5-7B-Instruct-finetuned
calcified granuloma,calcified granuloma,0.9609375,0,Qwen2.5-7B-Instruct-finetuned
calcified granuloma,calcified granuloma,0.70703125,0,Qwen2.5-7B-Instruct-finetuned
calcified granuloma,calcified granuloma,0.9921875,0,Qwen2.5-7B-Instruct-finetuned
calcified granuloma,calcified granuloma,0.51171875,0,Qwen2.5-7B-Instruct-finetuned
calcified granuloma,calcified granuloma,0.99609375,0,Qwen2.5-7B-Instruct-finetuned
cardiomegaly,cardiomegaly,0.28515625,0,Qwen2.5-7B-Instruct-finetuned
cardiomegaly,cardiomegaly,0.96875,0,Qwen2.5-7B-Instruct-finetuned
cardiomegaly,cardiomegaly,0.99609375,0,Qwen2.5-7B-Instruct-finetuned
cardiomegaly,cardiomegaly,0.9921875,0,Qwen2.5-7B-Instruct-finetuned
cardiomegaly,cardiomegaly,0.2041015625,0,Qwen2.5-7B-Instruct-finetuned
normal,normal,1.0,0,Qwen2.5-7B-Instruct-finetuned
pulmonary atelectasis,pulmonary atelectasis,0.169921875,0,Qwen2.5-7B-Instruct-finetuned
pulmonary atelectasis,pulmonary atelectasis,1.0,1,Qwen2.5-7B-Instruct-finetuned
pulmonary atelectasis,pulmonary atelectasis,1.0,1,Qwen2.5-7B-Instruct-finetuned
pulmonary atelectasis,pulmonary atelectasis,0.5546875,1,Qwen2.5-7B-Instruct-finetuned
pulmonary atelectasis,pulmonary atelectasis,0.99609375,1,Qwen2.5-7B-Instruct-finetuned
pulmonary atelectasis,pulmonary atelectasis,0.99609375,1,Qwen2.5-7B-Instruct-finetuned
pulmonary cicatrix,cicatrix,0.443359375,0,Qwen2.5-7B-Instruct-finetuned
pulmonary cicatrix,cicatrix,0.98828125,1,Qwen2.5-7B-Instruct-finetuned
pulmonary cicatrix,cicatrix,0.94921875,1,Qwen2.5-7B-Instruct-finetuned
"pulmonary disease, chronic ob",airspace disease,0.80078125,0,Qwen2.5-7B-Instruct-finetuned
"pulmonary disease, chronic ob",airspace disease,0.99609375,0,Qwen2.5-7B-Instruct-finetuned
"pulmonary disease, chronic ob",airspace disease,0.2890625,1,Qwen2.5-7B-Instruct-finetuned
normal,surgical instruments,1.0,0,Qwen2.5-7B-Instruct-finetuned
normal,surgical instruments,0.1455078125,0,Qwen2.5-7B-Instruct-finetuned
normal,surgical instruments,0.04736328125,0,Qwen2.5-7B-Instruct-finetuned
normal,normal,1.0,0,Qwen2.5-7B-Instruct-finetuned
normal,normal,1.0,0,Qwen2.5-7B-Instruct-finetuned
normal,normal,1.0,0,Qwen2.5-7B-Instruct-finetuned
normal,normal,1.0,0,Qwen2.5-7B-Instruct-finetuned
lung hyperdistention in lung,lung hyperdistention in lung,0.2421875,0,Qwen2.5-7B-Instruct-finetuned
lung hyperdistention in lung,lung hyperdistention in lung,0.384765625,1,Qwen2.5-7B-Instruct-finetuned
lung hyperdistention in lung,lung hyperdistention in lung,0.81640625,1,Qwen2.5-7B-Instruct-finetuned
lung hyperdistention in lung,lung hyperdistention in lung,0.95703125,1,Qwen2.5-7B-Instruct-finetuned
lung hyperdistention in lung,lung hyperdistention in lung,0.859375,1,Qwen2.5-7B-Instruct-finetuned
lung hyperdistention in lung,lung hyperdistention in lung,0.9453125,1,Qwen2.5-7B-Instruct-finetuned
normal,normal,1.0,0,Qwen2.5-7B-Instruct-finetuned
normal,normal,1.0,0,Qwen2.5-7B-Instruct-finetuned
normal,pneumonia,1.0,0,Qwen2.5-7B-Instruct-finetuned
normal,pneumonia,0.490234375,0,Qwen2.5-7B-Instruct-finetuned
normal,pneumonia,1.0,1,Qwen2.5-7B-Instruct-finetuned
normal,pneumonia,0.248046875,1,Qwen2.5-7B-Instruct-finetuned
calcinosis,calcinosis,0.2353515625,0,Qwen2.5-7B-Instruct-finetuned
calcinosis,calcinosis,0.16796875,0,Qwen2.5-7B-Instruct-finetuned
calcinosis,calcinosis,0.2021484375,0,Qwen2.5-7B-Instruct-finetuned
small opacity in calc,small opacity in calcified granuloma,0.99609375,0,Qwen2.5-7B-Instruct-finetuned
small opacity in calc,small opacity in calcified granuloma,0.6875,1,Qwen2.5-7B-Instruct-finetuned
small opacity in calc,small opacity in calcified granuloma,1.0,1,Qwen2.5-7B-Instruct-finetuned
small opacity in calc,small opacity in calcified granuloma,0.44921875,1,Qwen2.5-7B-Instruct-finetuned
small opacity in calc,small opacity in calcified granuloma,0.255859375,0,Qwen2.5-7B-Instruct-finetuned
small opacity in calc,small opacity in calcified granuloma,0.490234375,1,Qwen2.5-7B-Instruct-finetuned
small opacity in calc,small opacity in calcified granuloma,1.0,1,Qwen2.5-7B-Instruct-finetuned
small opacity in calc,small opacity in calcified granuloma,0.9296875,0,Qwen2.5-7B-Instruct-finetuned
pulmonary atelectasis,pulmonary atelectasis,0.169921875,0,Qwen2.5-7B-Instruct-finetuned
pulmonary atelectasis,pulmonary atelectasis,1.0,1,Qwen2.5-7B-Instruct-finetuned
pulmonary atelectasis,pulmonary atelectasis,1.0,1,Qwen2.5-7B-Instruct-finetuned
pulmonary atelectasis,pulmonary atelectasis,0.5546875,1,Qwen2.5-7B-Instruct-finetuned
pulmonary atelectasis,pulmonary atelectasis,0.99609375,1,Qwen2.5-7B-Instruct-finetuned
pulmonary atelectasis,pulmonary atelectasis,0.99609375,1,Qwen2.5-7B-Instruct-finetuned
normal,normal,1.0,0,Qwen2.5-7B-Instruct-finetuned
calcinosis,calcinosis,0.2353515625,0,Qwen2.5-7B-Instruct-finetuned
calcinosis,calcinosis,0.16796875,0,Qwen2.5-7B-Instruct-finetuned
calcinosis,calcinosis,0.2021484375,0,Qwen2.5-7B-Instruct-finetuned
indwelling catheter,indwelling catheter,0.2275390625,0,Qwen2.5-7B-Instruct-finetuned
indwelling catheter,indwelling catheter,0.99609375,1,Qwen2.5-7B-Instruct-finetuned
indwelling catheter,indwelling catheter,1.0,1,Qwen2.5-7B-Instruct-finetuned
indwelling catheter,indwelling catheter,0.75390625,1,Qwen2.5-7B-Instruct-finetuned
indwelling catheter,indwelling catheter,1.0,1,Qwen2.5-7B-Instruct-finetuned
pulmonary nodule,bilateral abnormality in nodule,0.22265625,0,Qwen2.5-7B-Instruct-finetuned
pulmonary nodule,bilateral abnormality in nodule,0.78515625,1,Qwen2.5-7B-Instruct-finetuned
pulmonary nodule,bilateral abnormality in nodule,0.26171875,0,Qwen2.5-7B-Instruct-finetuned
pulmonary nodule,bilateral abnormality in nodule,0.9140625,1,Qwen2.5-7B-Instruct-finetuned
pulmonary nodule,bilateral abnormality in nodule,0.6640625,1,Qwen2.5-7B-Instruct-finetuned
pulmonary nodule,bilateral abnormality in nodule,0.8671875,0,Qwen2.5-7B-Instruct-finetuned
pulmonary nodule,bilateral abnormality in nodule,1.0,1,Qwen2.5-7B-Instruct-finetuned
normal,normal,1.0,0,Qwen2.5-7B-Instruct-finetuned
normal,normal,1.0,0,Qwen2.5-7B-Instruct-finetuned
normal,normal,1.0,0,Qwen2.5-7B-Instruct-finetuned
normal,normal,1.0,0,Qwen2.5-7B-Instruct-finetuned
pulmonary markings are prominent,bilateral abnormality in markings,0.79296875,0,Qwen2.5-7B-Instruct-finetuned
pulmonary markings are prominent,bilateral abnormality in markings,0.796875,1,Qwen2.5-7B-Instruct-finetuned
pulmonary markings are prominent,bilateral abnormality in markings,0.98828125,0,Qwen2.5-7B-Instruct-finetuned
pulmonary markings are prominent,bilateral abnormality in markings,0.98046875,1,Qwen2.5-7B-Instruct-finetuned
pulmonary markings are prominent,bilateral abnormality in markings,0.6015625,0,Qwen2.5-7B-Instruct-finetuned
pulmonary markings are prominent,bilateral abnormality in markings,0.99609375,0,Qwen2.5-7B-Instruct-finetuned
normal,normal,1.0,0,Qwen2.5-7B-Instruct-finetuned
pulmonary eventration,diaphragmatic eventration,0.5390625,0,Qwen2.5-7B-Instruct-finetuned
pulmonary eventration,diaphragmatic eventration,0.8046875,0,Qwen2.5-7B-Instruct-finetuned
pulmonary eventration,diaphragmatic eventration,0.7890625,0,Qwen2.5-7B-Instruct-finetuned
pulmonary eventration,diaphragmatic eventration,0.333984375,0,Qwen2.5-7B-Instruct-finetuned
pulmonary eventration,diaphragmatic eventration,1.0,1,Qwen2.5-7B-Instruct-finetuned
normal,normal,1.0,0,Qwen2.5-7B-Instruct-finetuned
normal,normal,1.0,0,Qwen2.5-7B-Instruct-finetuned
normal,normal,1.0,0,Qwen2.5-7B-Instruct-finetuned
"hernia, hiatal",calcinosis,0.388671875,0,Qwen2.5-7B-Instruct-finetuned
"hernia, hiatal",calcinosis,0.36328125,0,Qwen2.5-7B-Instruct-finetuned
"hernia, hiatal",calcinosis,0.68359375,1,Qwen2.5-7B-Instruct-finetuned
normal,normal,1.0,0,Qwen2.5-7B-Instruct-finetuned
pulmonary fibrosis,cicatrix,0.486328125,0,Qwen2.5-7B-Instruct-finetuned
pulmonary fibrosis,cicatrix,0.28515625,0,Qwen2.5-7B-Instruct-finetuned
pulmonary fibrosis,cicatrix,0.63671875,0,Qwen2.5-7B-Instruct-finetuned
cardiomegaly,cardiomegaly,0.28515625,0,Qwen2.5-7B-Instruct-finetuned
cardiomegaly,cardiomegaly,0.96875,0,Qwen2.5-7B-Instruct-finetuned
cardiomegaly,cardiomegaly,0.99609375,0,Qwen2.5-7B-Instruct-finetuned
cardiomegaly,cardiomegaly,0.9921875,0,Qwen2.5-7B-Instruct-finetuned
cardiomegaly,cardiomegaly,0.2041015625,0,Qwen2.5-7B-Instruct-finetuned
normal,normal,1.0,0,Qwen2.5-7B-Instruct-finetuned
normal,normal,1.0,0,Qwen2.5-7B-Instruct-finetuned
normal,normal,1.0,0,Qwen2.5-7B-Instruct-finetuned
normal,normal,1.0,0,Qwen2.5-7B-Instruct-finetuned
normal,normal,1.0,0,Qwen2.5-7B-Instruct-finetuned
"hernia, hiatal","hernia, hiatal",0.388671875,0,Qwen2.5-7B-Instruct-finetuned
"hernia, hiatal","hernia, hiatal",1.0,1,Qwen2.5-7B-Instruct-finetuned
"hernia, hiatal","hernia, hiatal",0.984375,1,Qwen2.5-7B-Instruct-finetuned
"hernia, hiatal","hernia, hiatal",0.9765625,1,Qwen2.5-7B-Instruct-finetuned
"hernia, hiatal","hernia, hiatal",0.298828125,0,Qwen2.5-7B-Instruct-finetuned
"hernia, hiatal","hernia, hiatal",0.99609375,1,Qwen2.5-7B-Instruct-finetuned
normal,normal,1.0,0,Qwen2.5-7B-Instruct-finetuned
normal,normal,1.0,0,Qwen2.5-7B-Instruct-finetuned
normal,normal,1.0,0,Qwen2.5-7B-Instruct-finetuned
lung hypoinflation in lung,lung hypoinflation in lung,0.2431640625,0,Qwen2.5-7B-Instruct-finetuned
lung hypoinflation in lung,lung hypoinflation in lung,0.9765625,1,Qwen2.5-7B-Instruct-finetuned
lung hypoinflation in lung,lung hypoinflation in lung,1.0,1,Qwen2.5-7B-Instruct-finetuned
lung hypoinflation in lung,lung hypoinflation in lung,1.0,1,Qwen2.5-7B-Instruct-finetuned
lung hypoinflation in lung,lung hypoinflation in lung,0.359375,1,Qwen2.5-7B-Instruct-finetuned
lung hypoinflation in lung,lung hypoinflation in lung,0.94921875,1,Qwen2.5-7B-Instruct-finetuned
normal,normal,1.0,0,Qwen2.5-7B-Instruct-finetuned
normal,normal,1.0,0,Qwen2.5-7B-Instruct-finetuned
normal,normal,1.0,0,Qwen2.5-7B-Instruct-finetuned
degenerative change in sp,degenerative change in spine,0.8125,0,Qwen2.5-7B-Instruct-finetuned
degenerative change in sp,degenerative change in spine,0.3984375,0,Qwen2.5-7B-Instruct-finetuned
degenerative change in sp,degenerative change in spine,0.99609375,1,Qwen2.5-7B-Instruct-finetuned
degenerative change in sp,degenerative change in spine,0.85546875,1,Qwen2.5-7B-Instruct-finetuned
degenerative change in sp,degenerative change in spine,0.9921875,1,Qwen2.5-7B-Instruct-finetuned
degenerative change in sp,degenerative change in spine,0.62109375,1,Qwen2.5-7B-Instruct-finetuned
normal,normal,1.0,0,Qwen2.5-7B-Instruct-finetuned
normal,normal,1.0,0,Qwen2.5-7B-Instruct-finetuned
degenerative change in c,degenerative change in cervical vertebrae,0.2265625,0,Qwen2.5-7B-Instruct-finetuned
degenerative change in c,degenerative change in cervical vertebrae,0.9609375,1,Qwen2.5-7B-Instruct-finetuned
degenerative change in c,degenerative change in cervical vertebrae,1.0,1,Qwen2.5-7B-Instruct-finetuned
degenerative change in c,degenerative change in cervical vertebrae,0.89453125,1,Qwen2.5-7B-Instruct-finetuned
degenerative change in c,degenerative change in cervical vertebrae,0.99609375,1,Qwen2.5-7B-Instruct-finetuned
degenerative change in c,degenerative change in cervical vertebrae,0.56640625,0,Qwen2.5-7B-Instruct-finetuned
degenerative change in c,degenerative change in cervical vertebrae,0.98046875,0,Qwen2.5-7B-Instruct-finetuned
degenerative change in c,degenerative change in cervical vertebrae,0.83984375,1,Qwen2.5-7B-Instruct-finetuned
degenerative change in c,degenerative change in cervical vertebrae,0.9609375,1,Qwen2.5-7B-Instruct-finetuned
calcinosis,calcinosis,0.2353515625,0,Qwen2.5-7B-Instruct-finetuned
calcinosis,calcinosis,0.16796875,0,Qwen2.5-7B-Instruct-finetuned
calcinosis,calcinosis,0.2021484375,0,Qwen2.5-7B-Instruct-finetuned
bilateral abnormality in n,lung hyperdistention in lung,0.4765625,0,Qwen2.5-7B-Instruct-finetuned
bilateral abnormality in n,lung hyperdistention in lung,0.416015625,0,Qwen2.5-7B-Instruct-finetuned
bilateral abnormality in n,lung hyperdistention in lung,0.7890625,0,Qwen2.5-7B-Instruct-finetuned
bilateral abnormality in n,lung hyperdistention in lung,0.96875,1,Qwen2.5-7B-Instruct-finetuned
bilateral abnormality in n,lung hyperdistention in lung,0.3671875,0,Qwen2.5-7B-Instruct-finetuned
bilateral abnormality in n,lung hyperdistention in lung,0.478515625,0,Qwen2.5-7B-Instruct-finetuned
normal,normal,1.0,0,Qwen2.5-7B-Instruct-finetuned
cardiomegaly,cardiomegaly,0.28515625,0,Qwen2.5-7B-Instruct-finetuned
cardiomegaly,cardiomegaly,0.96875,0,Qwen2.5-7B-Instruct-finetuned
cardiomegaly,cardiomegaly,0.99609375,0,Qwen2.5-7B-Instruct-finetuned
cardiomegaly,cardiomegaly,0.9921875,0,Qwen2.5-7B-Instruct-finetuned
cardiomegaly,cardiomegaly,0.2041015625,0,Qwen2.5-7B-Instruct-finetuned
degenerative change in thor,degenerative change in thoracic vertebrae,0.98046875,0,Qwen2.5-7B-Instruct-finetuned
degenerative change in thor,degenerative change in thoracic vertebrae,0.1494140625,0,Qwen2.5-7B-Instruct-finetuned
degenerative change in thor,degenerative change in thoracic vertebrae,1.0,1,Qwen2.5-7B-Instruct-finetuned
degenerative change in thor,degenerative change in thoracic vertebrae,0.85546875,1,Qwen2.5-7B-Instruct-finetuned
degenerative change in thor,degenerative change in thoracic vertebrae,0.99609375,1,Qwen2.5-7B-Instruct-finetuned
degenerative change in thor,degenerative change in thoracic vertebrae,0.78515625,1,Qwen2.5-7B-Instruct-finetuned
degenerative change in thor,degenerative change in thoracic vertebrae,0.984375,1,Qwen2.5-7B-Instruct-finetuned
degenerative change in thor,degenerative change in thoracic vertebrae,0.9921875,0,Qwen2.5-7B-Instruct-finetuned
degenerative change in thor,degenerative change in thoracic vertebrae,0.96484375,1,Qwen2.5-7B-Instruct-finetuned
degenerative change in thor,degenerative change in thoracic vertebrae,0.97265625,1,Qwen2.5-7B-Instruct-finetuned
normal,normal,1.0,0,Qwen2.5-7B-Instruct-finetuned
normal,normal,1.0,0,Qwen2.5-7B-Instruct-finetuned
calcinosis,calcinosis,0.2353515625,0,Qwen2.5-7B-Instruct-finetuned
calcinosis,calcinosis,0.16796875,0,Qwen2.5-7B-Instruct-finetuned
calcinosis,calcinosis,0.2021484375,0,Qwen2.5-7B-Instruct-finetuned
cicatrix,cicatrix,0.169921875,0,Qwen2.5-7B-Instruct-finetuned
cicatrix,cicatrix,0.1474609375,0,Qwen2.5-7B-Instruct-finetuned
cicatrix,cicatrix,0.98828125,1,Qwen2.5-7B-Instruct-finetuned
normal,normal,1.0,0,Qwen2.5-7B-Instruct-finetuned
normal,normal,1.0,0,Qwen2.5-7B-Instruct-finetuned
pleural effusion,granuloma,0.29296875,0,Qwen2.5-7B-Instruct-finetuned
pleural effusion,granuloma,0.99609375,1,Qwen2.5-7B-Instruct-finetuned
pleural effusion,granuloma,0.82421875,0,Qwen2.5-7B-Instruct-finetuned
normal,normal,1.0,0,Qwen2.5-7B-Instruct-finetuned
normal,normal,1.0,0,Qwen2.5-7B-Instruct-finetuned
normal,normal,1.0,0,Qwen2.5-7B-Instruct-finetuned
bilateral abnormality in calc,bilateral abnormality in calcified granuloma,0.453125,0,Qwen2.5-7B-Instruct-finetuned
bilateral abnormality in calc,bilateral abnormality in calcified granuloma,0.158203125,0,Qwen2.5-7B-Instruct-finetuned
bilateral abnormality in calc,bilateral abnormality in calcified granuloma,0.984375,1,Qwen2.5-7B-Instruct-finetuned
bilateral abnormality in calc,bilateral abnormality in calcified granuloma,1.0,1,Qwen2.5-7B-Instruct-finetuned
bilateral abnormality in calc,bilateral abnormality in calcified granuloma,0.99609375,1,Qwen2.5-7B-Instruct-finetuned
bilateral abnormality in calc,bilateral abnormality in calcified granuloma,0.81640625,1,Qwen2.5-7B-Instruct-finetuned
bilateral abnormality in calc,bilateral abnormality in calcified granuloma,0.67578125,0,Qwen2.5-7B-Instruct-finetuned
bilateral abnormality in calc,bilateral abnormality in calcified granuloma,0.94921875,1,Qwen2.5-7B-Instruct-finetuned
bilateral abnormality in calc,bilateral abnormality in calcified granuloma,1.0,1,Qwen2.5-7B-Instruct-finetuned
bilateral abnormality in calc,bilateral abnormality in calcified granuloma,0.65234375,1,Qwen2.5-7B-Instruct-finetuned
degenerative change in thor,degenerative change in thoracic vertebrae,0.98046875,0,Qwen2.5-7B-Instruct-finetuned
degenerative change in thor,degenerative change in thoracic vertebrae,0.1494140625,0,Qwen2.5-7B-Instruct-finetuned
degenerative change in thor,degenerative change in thoracic vertebrae,1.0,1,Qwen2.5-7B-Instruct-finetuned
degenerative change in thor,degenerative change in thoracic vertebrae,0.85546875,1,Qwen2.5-7B-Instruct-finetuned
degenerative change in thor,degenerative change in thoracic vertebrae,0.99609375,1,Qwen2.5-7B-Instruct-finetuned
degenerative change in thor,degenerative change in thoracic vertebrae,0.78515625,1,Qwen2.5-7B-Instruct-finetuned
degenerative change in thor,degenerative change in thoracic vertebrae,0.984375,1,Qwen2.5-7B-Instruct-finetuned
degenerative change in thor,degenerative change in thoracic vertebrae,0.9921875,0,Qwen2.5-7B-Instruct-finetuned
degenerative change in thor,degenerative change in thoracic vertebrae,0.96484375,1,Qwen2.5-7B-Instruct-finetuned
degenerative change in thor,degenerative change in thoracic vertebrae,0.97265625,1,Qwen2.5-7B-Instruct-finetuned
prominent finding in medi,prominent finding in mediastinum,0.61328125,0,Qwen2.5-7B-Instruct-finetuned
prominent finding in medi,prominent finding in mediastinum,0.318359375,0,Qwen2.5-7B-Instruct-finetuned
prominent finding in medi,prominent finding in mediastinum,0.53125,0,Qwen2.5-7B-Instruct-finetuned
prominent finding in medi,prominent finding in mediastinum,0.2255859375,0,Qwen2.5-7B-Instruct-finetuned
prominent finding in medi,prominent finding in mediastinum,0.99609375,0,Qwen2.5-7B-Instruct-finetuned
prominent finding in medi,prominent finding in mediastinum,0.91015625,0,Qwen2.5-7B-Instruct-finetuned
prominent finding in medi,prominent finding in mediastinum,1.0,0,Qwen2.5-7B-Instruct-finetuned
prominent finding in medi,prominent finding in mediastinum,0.75390625,0,Qwen2.5-7B-Instruct-finetuned
cardiomegaly,cardiomegaly,0.28515625,0,Qwen2.5-7B-Instruct-finetuned
cardiomegaly,cardiomegaly,0.96875,0,Qwen2.5-7B-Instruct-finetuned
cardiomegaly,cardiomegaly,0.99609375,0,Qwen2.5-7B-Instruct-finetuned
cardiomegaly,cardiomegaly,0.9921875,0,Qwen2.5-7B-Instruct-finetuned
cardiomegaly,cardiomegaly,0.2041015625,0,Qwen2.5-7B-Instruct-finetuned
normal,normal,1.0,0,Qwen2.5-7B-Instruct-finetuned
normal,normal,1.0,0,Qwen2.5-7B-Instruct-finetuned
pulmonary atelectasis,pulmonary atelectasis,0.169921875,0,Qwen2.5-7B-Instruct-finetuned
pulmonary atelectasis,pulmonary atelectasis,1.0,1,Qwen2.5-7B-Instruct-finetuned
pulmonary atelectasis,pulmonary atelectasis,1.0,1,Qwen2.5-7B-Instruct-finetuned
pulmonary atelectasis,pulmonary atelectasis,0.5546875,1,Qwen2.5-7B-Instruct-finetuned
pulmonary atelectasis,pulmonary atelectasis,0.99609375,1,Qwen2.5-7B-Instruct-finetuned
pulmonary atelectasis,pulmonary atelectasis,0.99609375,1,Qwen2.5-7B-Instruct-finetuned
cardiomegaly,cardiomegaly,0.28515625,0,Qwen2.5-7B-Instruct-finetuned
cardiomegaly,cardiomegaly,0.96875,0,Qwen2.5-7B-Instruct-finetuned
cardiomegaly,cardiomegaly,0.99609375,0,Qwen2.5-7B-Instruct-finetuned
cardiomegaly,cardiomegaly,0.9921875,0,Qwen2.5-7B-Instruct-finetuned
cardiomegaly,cardiomegaly,0.2041015625,0,Qwen2.5-7B-Instruct-finetuned
calcinosis,calcinosis,0.2353515625,0,Qwen2.5-7B-Instruct-finetuned
calcinosis,calcinosis,0.16796875,0,Qwen2.5-7B-Instruct-finetuned
calcinosis,calcinosis,0.2021484375,0,Qwen2.5-7B-Instruct-finetuned
lung hypoinflation in lung,normal,0.2421875,0,Qwen2.5-7B-Instruct-finetuned
normal,normal,1.0,0,Qwen2.5-7B-Instruct-finetuned
normal,normal,1.0,0,Qwen2.5-7B-Instruct-finetuned
cardiomegaly,cardiomegaly,0.28515625,0,Qwen2.5-7B-Instruct-finetuned
cardiomegaly,cardiomegaly,0.96875,0,Qwen2.5-7B-Instruct-finetuned
cardiomegaly,cardiomegaly,0.99609375,0,Qwen2.5-7B-Instruct-finetuned
cardiomegaly,cardiomegaly,0.9921875,0,Qwen2.5-7B-Instruct-finetuned
cardiomegaly,cardiomegaly,0.2041015625,0,Qwen2.5-7B-Instruct-finetuned
osteophyte,osteophyte,0.80078125,0,Qwen2.5-7B-Instruct-finetuned
osteophyte,osteophyte,0.6953125,1,Qwen2.5-7B-Instruct-finetuned
osteophyte,osteophyte,0.96875,1,Qwen2.5-7B-Instruct-finetuned
normal,normal,1.0,0,Qwen2.5-7B-Instruct-finetuned
pulmonary atelectasis,atherosclerosis,0.169921875,0,Qwen2.5-7B-Instruct-finetuned
pulmonary atelectasis,atherosclerosis,0.2275390625,0,Qwen2.5-7B-Instruct-finetuned
pulmonary atelectasis,atherosclerosis,0.75390625,1,Qwen2.5-7B-Instruct-finetuned
cardiomegaly,cardiomegaly,0.28515625,0,Qwen2.5-7B-Instruct-finetuned
cardiomegaly,cardiomegaly,0.96875,0,Qwen2.5-7B-Instruct-finetuned
cardiomegaly,cardiomegaly,0.99609375,0,Qwen2.5-7B-Instruct-finetuned
cardiomegaly,cardiomegaly,0.9921875,0,Qwen2.5-7B-Instruct-finetuned
cardiomegaly,cardiomegaly,0.2041015625,0,Qwen2.5-7B-Instruct-finetuned
sarcoidosis,cardiomegaly,0.08154296875,0,Qwen2.5-7B-Instruct-finetuned
sarcoidosis,cardiomegaly,0.09814453125,0,Qwen2.5-7B-Instruct-finetuned
sarcoidosis,cardiomegaly,0.609375,0,Qwen2.5-7B-Instruct-finetuned
sarcoidosis,cardiomegaly,0.96875,1,Qwen2.5-7B-Instruct-finetuned
sarcoidosis,cardiomegaly,1.0,1,Qwen2.5-7B-Instruct-finetuned
normal,normal,1.0,0,Qwen2.5-7B-Instruct-finetuned
cardiomegaly,cardiomegaly,0.28515625,0,Qwen2.5-7B-Instruct-finetuned
cardiomegaly,cardiomegaly,0.96875,0,Qwen2.5-7B-Instruct-finetuned
cardiomegaly,cardiomegaly,0.99609375,0,Qwen2.5-7B-Instruct-finetuned
cardiomegaly,cardiomegaly,0.9921875,0,Qwen2.5-7B-Instruct-finetuned
cardiomegaly,cardiomegaly,0.2041015625,0,Qwen2.5-7B-Instruct-finetuned
normal,normal,1.0,0,Qwen2.5-7B-Instruct-finetuned
normal,normal,1.0,0,Qwen2.5-7B-Instruct-finetuned
calcified granuloma,calcified granuloma,0.9609375,0,Qwen2.5-7B-Instruct-finetuned
calcified granuloma,calcified granuloma,0.70703125,0,Qwen2.5-7B-Instruct-finetuned
calcified granuloma,calcified granuloma,0.9921875,0,Qwen2.5-7B-Instruct-finetuned
calcified granuloma,calcified granuloma,0.51171875,0,Qwen2.5-7B-Instruct-finetuned
calcified granuloma,calcified granuloma,0.99609375,0,Qwen2.5-7B-Instruct-finetuned
pulmonary opacity,pulmonary opacity,0.53515625,0,Qwen2.5-7B-Instruct-finetuned
pulmonary opacity,pulmonary opacity,1.0,1,Qwen2.5-7B-Instruct-finetuned
pulmonary opacity,pulmonary opacity,0.99609375,1,Qwen2.5-7B-Instruct-finetuned
pulmonary opacity,pulmonary opacity,0.9453125,1,Qwen2.5-7B-Instruct-finetuned
normal,normal,1.0,0,Qwen2.5-7B-Instruct-finetuned
spondylosis,spondylosis,0.91796875,0,Qwen2.5-7B-Instruct-finetuned
spondylosis,spondylosis,0.98828125,0,Qwen2.5-7B-Instruct-finetuned
spondylosis,spondylosis,0.96875,0,Qwen2.5-7B-Instruct-finetuned
spondylosis,spondylosis,0.98828125,0,Qwen2.5-7B-Instruct-finetuned
spondylosis,spondylosis,0.2109375,0,Qwen2.5-7B-Instruct-finetuned
normal,normal,1.0,0,Qwen2.5-7B-Instruct-finetuned
pleural effusion,pleural effusion,0.29296875,0,Qwen2.5-7B-Instruct-finetuned
pleural effusion,pleural effusion,0.99609375,1,Qwen2.5-7B-Instruct-finetuned
pleural effusion,pleural effusion,0.734375,1,Qwen2.5-7B-Instruct-finetuned
pleural effusion,pleural effusion,0.99609375,1,Qwen2.5-7B-Instruct-finetuned
normal,normal,1.0,0,Qwen2.5-7B-Instruct-finetuned
bilateral abnormality in lung,bilateral abnormality in lung,0.380859375,0,Qwen2.5-7B-Instruct-finetuned
bilateral abnormality in lung,bilateral abnormality in lung,0.046875,0,Qwen2.5-7B-Instruct-finetuned
bilateral abnormality in lung,bilateral abnormality in lung,0.78515625,1,Qwen2.5-7B-Instruct-finetuned
bilateral abnormality in lung,bilateral abnormality in lung,1.0,1,Qwen2.5-7B-Instruct-finetuned
bilateral abnormality in lung,bilateral abnormality in lung,1.0,1,Qwen2.5-7B-Instruct-finetuned
bilateral abnormality in lung,bilateral abnormality in lung,0.98046875,1,Qwen2.5-7B-Instruct-finetuned
aortic aneurysm,pulmonary atelectasis,0.17578125,0,Qwen2.5-7B-Instruct-finetuned
aortic aneurysm,pulmonary atelectasis,0.99609375,0,Qwen2.5-7B-Instruct-finetuned
aortic aneurysm,pulmonary atelectasis,0.4140625,0,Qwen2.5-7B-Instruct-finetuned
aortic aneurysm,pulmonary atelectasis,0.765625,0,Qwen2.5-7B-Instruct-finetuned
aortic aneurysm,pulmonary atelectasis,0.8046875,0,Qwen2.5-7B-Instruct-finetuned
aortic aneurysm,pulmonary atelectasis,0.12890625,0,Qwen2.5-7B-Instruct-finetuned
normal,normal,1.0,0,Qwen2.5-7B-Instruct-finetuned
normal,normal,1.0,0,Qwen2.5-7B-Instruct-finetuned
pneumothorax,hydropneumothorax,0.21484375,0,Qwen2.5-7B-Instruct-finetuned
pneumothorax,hydropneumothorax,0.13671875,0,Qwen2.5-7B-Instruct-finetuned
pneumothorax,hydropneumothorax,0.9921875,1,Qwen2.5-7B-Instruct-finetuned
pneumothorax,hydropneumothorax,1.0,1,Qwen2.5-7B-Instruct-finetuned
pneumothorax,hydropneumothorax,0.984375,1,Qwen2.5-7B-Instruct-finetuned
pneumothorax,hydropneumothorax,1.0,1,Qwen2.5-7B-Instruct-finetuned
pneumothorax,hydropneumothorax,1.0,1,Qwen2.5-7B-Instruct-finetuned
pulmonary edema,pulmonary edema,0.99609375,0,Qwen2.5-7B-Instruct-finetuned
pulmonary edema,pulmonary edema,1.0,0,Qwen2.5-7B-Instruct-finetuned
pulmonary edema,pulmonary edema,0.94140625,0,Qwen2.5-7B-Instruct-finetuned
pulmonary edema,pulmonary edema,1.0,0,Qwen2.5-7B-Instruct-finetuned
pulmonary edema,pulmonary edema,0.95703125,0,Qwen2.5-7B-Instruct-finetuned
degenerative change in thor,degenerative change in thoracic vertebrae,0.98046875,0,Qwen2.5-7B-Instruct-finetuned
degenerative change in thor,degenerative change in thoracic vertebrae,0.1494140625,0,Qwen2.5-7B-Instruct-finetuned
degenerative change in thor,degenerative change in thoracic vertebrae,1.0,1,Qwen2.5-7B-Instruct-finetuned
degenerative change in thor,degenerative change in thoracic vertebrae,0.85546875,1,Qwen2.5-7B-Instruct-finetuned
degenerative change in thor,degenerative change in thoracic vertebrae,0.99609375,1,Qwen2.5-7B-Instruct-finetuned
degenerative change in thor,degenerative change in thoracic vertebrae,0.78515625,1,Qwen2.5-7B-Instruct-finetuned
degenerative change in thor,degenerative change in thoracic vertebrae,0.984375,1,Qwen2.5-7B-Instruct-finetuned
degenerative change in thor,degenerative change in thoracic vertebrae,0.9921875,0,Qwen2.5-7B-Instruct-finetuned
degenerative change in thor,degenerative change in thoracic vertebrae,0.96484375,1,Qwen2.5-7B-Instruct-finetuned
degenerative change in thor,degenerative change in thoracic vertebrae,0.97265625,1,Qwen2.5-7B-Instruct-finetuned
pulmonary atelectasis,patchy opacity in opacity,0.169921875,0,Qwen2.5-7B-Instruct-finetuned
pulmonary atelectasis,patchy opacity in opacity,0.87890625,1,Qwen2.5-7B-Instruct-finetuned
pulmonary atelectasis,patchy opacity in opacity,0.2734375,0,Qwen2.5-7B-Instruct-finetuned
pulmonary atelectasis,patchy opacity in opacity,0.703125,1,Qwen2.5-7B-Instruct-finetuned
pulmonary atelectasis,patchy opacity in opacity,0.640625,0,Qwen2.5-7B-Instruct-finetuned
calcinosis,calcinosis,0.2353515625,0,Qwen2.5-7B-Instruct-finetuned
calcinosis,calcinosis,0.16796875,0,Qwen2.5-7B-Instruct-finetuned
calcinosis,calcinosis,0.2021484375,0,Qwen2.5-7B-Instruct-finetuned
degenerative change in thor,degenerative change in thoracic vertebrae,0.98046875,0,Qwen2.5-7B-Instruct-finetuned
degenerative change in thor,degenerative change in thoracic vertebrae,0.1494140625,0,Qwen2.5-7B-Instruct-finetuned
degenerative change in thor,degenerative change in thoracic vertebrae,1.0,1,Qwen2.5-7B-Instruct-finetuned
degenerative change in thor,degenerative change in thoracic vertebrae,0.85546875,1,Qwen2.5-7B-Instruct-finetuned
degenerative change in thor,degenerative change in thoracic vertebrae,0.99609375,1,Qwen2.5-7B-Instruct-finetuned
degenerative change in thor,degenerative change in thoracic vertebrae,0.78515625,1,Qwen2.5-7B-Instruct-finetuned
degenerative change in thor,degenerative change in thoracic vertebrae,0.984375,1,Qwen2.5-7B-Instruct-finetuned
degenerative change in thor,degenerative change in thoracic vertebrae,0.9921875,0,Qwen2.5-7B-Instruct-finetuned
degenerative change in thor,degenerative change in thoracic vertebrae,0.96484375,1,Qwen2.5-7B-Instruct-finetuned
degenerative change in thor,degenerative change in thoracic vertebrae,0.97265625,1,Qwen2.5-7B-Instruct-finetuned
normal,normal,1.0,0,Qwen2.5-7B-Instruct-finetuned
cicatrix physician responded with,cicatrix,0.267578125,0,Qwen2.5-7B-Instruct-finetuned
cicatrix physician responded with,cicatrix,0.2451171875,1,Qwen2.5-7B-Instruct-finetuned
cicatrix physician responded with,cicatrix,1.0,1,Qwen2.5-7B-Instruct-finetuned
spondylosis,spondylosis,0.91796875,0,Qwen2.5-7B-Instruct-finetuned
spondylosis,spondylosis,0.98828125,0,Qwen2.5-7B-Instruct-finetuned
spondylosis,spondylosis,0.96875,0,Qwen2.5-7B-Instruct-finetuned
spondylosis,spondylosis,0.98828125,0,Qwen2.5-7B-Instruct-finetuned
spondylosis,spondylosis,0.2109375,0,Qwen2.5-7B-Instruct-finetuned
diaphragmatic eventration,diaphragmatic eventration,0.40234375,0,Qwen2.5-7B-Instruct-finetuned
diaphragmatic eventration,diaphragmatic eventration,0.8984375,1,Qwen2.5-7B-Instruct-finetuned
diaphragmatic eventration,diaphragmatic eventration,0.99609375,1,Qwen2.5-7B-Instruct-finetuned
diaphragmatic eventration,diaphragmatic eventration,0.94140625,1,Qwen2.5-7B-Instruct-finetuned
diaphragmatic eventration,diaphragmatic eventration,1.0,1,Qwen2.5-7B-Instruct-finetuned
lung hyperdistention in lung,lung hyperdistention in lung,0.2421875,0,Qwen2.5-7B-Instruct-finetuned
lung hyperdistention in lung,lung hyperdistention in lung,0.384765625,1,Qwen2.5-7B-Instruct-finetuned
lung hyperdistention in lung,lung hyperdistention in lung,0.81640625,1,Qwen2.5-7B-Instruct-finetuned
lung hyperdistention in lung,lung hyperdistention in lung,0.95703125,1,Qwen2.5-7B-Instruct-finetuned
lung hyperdistention in lung,lung hyperdistention in lung,0.859375,1,Qwen2.5-7B-Instruct-finetuned
lung hyperdistention in lung,lung hyperdistention in lung,0.9453125,1,Qwen2.5-7B-Instruct-finetuned
normal,normal,1.0,0,Qwen2.5-7B-Instruct-finetuned
normal,normal,1.0,0,Qwen2.5-7B-Instruct-finetuned
cardiomegaly,cardiomegaly,0.28515625,0,Qwen2.5-7B-Instruct-finetuned
cardiomegaly,cardiomegaly,0.96875,0,Qwen2.5-7B-Instruct-finetuned
cardiomegaly,cardiomegaly,0.99609375,0,Qwen2.5-7B-Instruct-finetuned
cardiomegaly,cardiomegaly,0.9921875,0,Qwen2.5-7B-Instruct-finetuned
cardiomegaly,cardiomegaly,0.2041015625,0,Qwen2.5-7B-Instruct-finetuned
lung hyperdistention in lung,lung hyperdistention in lung,0.2421875,0,Qwen2.5-7B-Instruct-finetuned
lung hyperdistention in lung,lung hyperdistention in lung,0.384765625,1,Qwen2.5-7B-Instruct-finetuned
lung hyperdistention in lung,lung hyperdistention in lung,0.81640625,1,Qwen2.5-7B-Instruct-finetuned
lung hyperdistention in lung,lung hyperdistention in lung,0.95703125,1,Qwen2.5-7B-Instruct-finetuned
lung hyperdistention in lung,lung hyperdistention in lung,0.859375,1,Qwen2.5-7B-Instruct-finetuned
lung hyperdistention in lung,lung hyperdistention in lung,0.9453125,1,Qwen2.5-7B-Instruct-finetuned
normal,normal,1.0,0,Qwen2.5-7B-Instruct-finetuned
normal,normal,1.0,0,Qwen2.5-7B-Instruct-finetuned
normal,normal,1.0,0,Qwen2.5-7B-Instruct-finetuned
scoliosis,scoliosis,0.6640625,0,Qwen2.5-7B-Instruct-finetuned
scoliosis,scoliosis,0.1689453125,0,Qwen2.5-7B-Instruct-finetuned
scoliosis,scoliosis,0.7109375,1,Qwen2.5-7B-Instruct-finetuned
surgical instrumentshuman: the cardiac,surgical instruments,0.6328125,0,Qwen2.5-7B-Instruct-finetuned
surgical instrumentshuman: the cardiac,surgical instruments,0.9765625,1,Qwen2.5-7B-Instruct-finetuned
surgical instrumentshuman: the cardiac,surgical instruments,0.94921875,1,Qwen2.5-7B-Instruct-finetuned
osteophyte,osteophyte,0.80078125,0,Qwen2.5-7B-Instruct-finetuned
osteophyte,osteophyte,0.6953125,1,Qwen2.5-7B-Instruct-finetuned
osteophyte,osteophyte,0.96875,1,Qwen2.5-7B-Instruct-finetuned
calcinosis,calcinosis,0.2353515625,0,Qwen2.5-7B-Instruct-finetuned
calcinosis,calcinosis,0.16796875,0,Qwen2.5-7B-Instruct-finetuned
calcinosis,calcinosis,0.2021484375,0,Qwen2.5-7B-Instruct-finetuned
surgical instruments surgical procedures,surgical instruments,0.89453125,0,Qwen2.5-7B-Instruct-finetuned
surgical instruments surgical procedures,surgical instruments,0.486328125,0,Qwen2.5-7B-Instruct-finetuned
surgical instruments surgical procedures,surgical instruments,0.9921875,0,Qwen2.5-7B-Instruct-finetuned
pulmonary emphysema,pulmonary emphysema,0.546875,0,Qwen2.5-7B-Instruct-finetuned
pulmonary emphysema,pulmonary emphysema,1.0,0,Qwen2.5-7B-Instruct-finetuned
pulmonary emphysema,pulmonary emphysema,0.953125,0,Qwen2.5-7B-Instruct-finetuned
pulmonary emphysema,pulmonary emphysema,1.0,0,Qwen2.5-7B-Instruct-finetuned
pulmonary emphysema,pulmonary emphysema,0.98046875,0,Qwen2.5-7B-Instruct-finetuned
pulmonary emphysema,pulmonary emphysema,1.0,0,Qwen2.5-7B-Instruct-finetuned
pulmonary emphysema,pulmonary emphysema,0.515625,0,Qwen2.5-7B-Instruct-finetuned
pulmonary nodule,pulmonary nodule,0.22265625,0,Qwen2.5-7B-Instruct-finetuned
pulmonary nodule,pulmonary nodule,0.99609375,1,Qwen2.5-7B-Instruct-finetuned
pulmonary nodule,pulmonary nodule,1.0,1,Qwen2.5-7B-Instruct-finetuned
pulmonary nodule,pulmonary nodule,0.92578125,1,Qwen2.5-7B-Instruct-finetuned
pulmonary nodule,pulmonary nodule,1.0,1,Qwen2.5-7B-Instruct-finetuned
normal,normal,1.0,0,Qwen2.5-7B-Instruct-finetuned
small opacity in n,small opacity in nodule,0.83984375,0,Qwen2.5-7B-Instruct-finetuned
small opacity in n,small opacity in nodule,0.458984375,0,Qwen2.5-7B-Instruct-finetuned
small opacity in n,small opacity in nodule,1.0,1,Qwen2.5-7B-Instruct-finetuned
small opacity in n,small opacity in nodule,0.8203125,1,Qwen2.5-7B-Instruct-finetuned
small opacity in n,small opacity in nodule,0.322265625,1,Qwen2.5-7B-Instruct-finetuned
pulmonary opacity,cysts,0.53515625,0,Qwen2.5-7B-Instruct-finetuned
pulmonary opacity,cysts,0.47265625,0,Qwen2.5-7B-Instruct-finetuned
"fractures, bone","fractures, bone",0.21484375,0,Qwen2.5-7B-Instruct-finetuned
"fractures, bone","fractures, bone",1.0,1,Qwen2.5-7B-Instruct-finetuned
"fractures, bone","fractures, bone",0.5625,1,Qwen2.5-7B-Instruct-finetuned
"fractures, bone","fractures, bone",0.88671875,1,Qwen2.5-7B-Instruct-finetuned
"fractures, bone","fractures, bone",0.431640625,0,Qwen2.5-7B-Instruct-finetuned
diaphragmatic eventration,diaphragmatic eventration,0.40234375,0,Qwen2.5-7B-Instruct-finetuned
diaphragmatic eventration,diaphragmatic eventration,0.8984375,1,Qwen2.5-7B-Instruct-finetuned
diaphragmatic eventration,diaphragmatic eventration,0.99609375,1,Qwen2.5-7B-Instruct-finetuned
diaphragmatic eventration,diaphragmatic eventration,0.94140625,1,Qwen2.5-7B-Instruct-finetuned
diaphragmatic eventration,diaphragmatic eventration,1.0,1,Qwen2.5-7B-Instruct-finetuned
normal,normal,1.0,0,Qwen2.5-7B-Instruct-finetuned
degenerative change in thor,degenerative change in thoracic vertebrae,0.98046875,0,Qwen2.5-7B-Instruct-finetuned
degenerative change in thor,degenerative change in thoracic vertebrae,0.1494140625,0,Qwen2.5-7B-Instruct-finetuned
degenerative change in thor,degenerative change in thoracic vertebrae,1.0,1,Qwen2.5-7B-Instruct-finetuned
degenerative change in thor,degenerative change in thoracic vertebrae,0.85546875,1,Qwen2.5-7B-Instruct-finetuned
degenerative change in thor,degenerative change in thoracic vertebrae,0.99609375,1,Qwen2.5-7B-Instruct-finetuned
degenerative change in thor,degenerative change in thoracic vertebrae,0.78515625,1,Qwen2.5-7B-Instruct-finetuned
degenerative change in thor,degenerative change in thoracic vertebrae,0.984375,1,Qwen2.5-7B-Instruct-finetuned
degenerative change in thor,degenerative change in thoracic vertebrae,0.9921875,0,Qwen2.5-7B-Instruct-finetuned
degenerative change in thor,degenerative change in thoracic vertebrae,0.96484375,1,Qwen2.5-7B-Instruct-finetuned
degenerative change in thor,degenerative change in thoracic vertebrae,0.97265625,1,Qwen2.5-7B-Instruct-finetuned
cicatrix,cicatrix,0.169921875,0,Qwen2.5-7B-Instruct-finetuned
cicatrix,cicatrix,0.1474609375,0,Qwen2.5-7B-Instruct-finetuned
cicatrix,cicatrix,0.98828125,1,Qwen2.5-7B-Instruct-finetuned
cardiomegaly,implanted medical device,0.166015625,0,Qwen2.5-7B-Instruct-finetuned
cardiomegaly,implanted medical device,0.2578125,0,Qwen2.5-7B-Instruct-finetuned
cardiomegaly,implanted medical device,0.0927734375,0,Qwen2.5-7B-Instruct-finetuned
cardiomegaly,implanted medical device,0.486328125,0,Qwen2.5-7B-Instruct-finetuned
normal,normal,1.0,0,Qwen2.5-7B-Instruct-finetuned
emphysema,emphysema,0.2578125,0,Qwen2.5-7B-Instruct-finetuned
emphysema,emphysema,0.625,1,Qwen2.5-7B-Instruct-finetuned
emphysema,emphysema,0.921875,1,Qwen2.5-7B-Instruct-finetuned
emphysema,emphysema,0.99609375,1,Qwen2.5-7B-Instruct-finetuned
normal,normal,1.0,0,Qwen2.5-7B-Instruct-finetuned
arthritis,arthritis,0.173828125,0,Qwen2.5-7B-Instruct-finetuned
arthritis,arthritis,0.99609375,1,Qwen2.5-7B-Instruct-finetuned
cardiomegaly,cardiomegaly,0.28515625,0,Qwen2.5-7B-Instruct-finetuned
cardiomegaly,cardiomegaly,0.96875,0,Qwen2.5-7B-Instruct-finetuned
cardiomegaly,cardiomegaly,0.99609375,0,Qwen2.5-7B-Instruct-finetuned
cardiomegaly,cardiomegaly,0.9921875,0,Qwen2.5-7B-Instruct-finetuned
cardiomegaly,cardiomegaly,0.2041015625,0,Qwen2.5-7B-Instruct-finetuned
normal,normal,1.0,0,Qwen2.5-7B-Instruct-finetuned
diaphragmatic eventration,diaphragmatic eventration,0.40234375,0,Qwen2.5-7B-Instruct-finetuned
diaphragmatic eventration,diaphragmatic eventration,0.8984375,1,Qwen2.5-7B-Instruct-finetuned
diaphragmatic eventration,diaphragmatic eventration,0.99609375,1,Qwen2.5-7B-Instruct-finetuned
diaphragmatic eventration,diaphragmatic eventration,0.94140625,1,Qwen2.5-7B-Instruct-finetuned
diaphragmatic eventration,diaphragmatic eventration,1.0,1,Qwen2.5-7B-Instruct-finetuned
pneumonia,pneumonia,0.251953125,0,Qwen2.5-7B-Instruct-finetuned
pneumonia,pneumonia,0.73046875,1,Qwen2.5-7B-Instruct-finetuned
pneumonia,pneumonia,1.0,1,Qwen2.5-7B-Instruct-finetuned
pneumonia,pneumonia,0.92578125,1,Qwen2.5-7B-Instruct-finetuned
normal,normal,1.0,0,Qwen2.5-7B-Instruct-finetuned
pleural effusion,pleural effusion,0.29296875,0,Qwen2.5-7B-Instruct-finetuned
pleural effusion,pleural effusion,0.99609375,1,Qwen2.5-7B-Instruct-finetuned
pleural effusion,pleural effusion,0.734375,1,Qwen2.5-7B-Instruct-finetuned
pleural effusion,pleural effusion,0.99609375,1,Qwen2.5-7B-Instruct-finetuned
"fractures, bone bil","fractures, bone",0.96484375,0,Qwen2.5-7B-Instruct-finetuned
"fractures, bone bil","fractures, bone",1.0,1,Qwen2.5-7B-Instruct-finetuned
"fractures, bone bil","fractures, bone",0.5,0,Qwen2.5-7B-Instruct-finetuned
"fractures, bone bil","fractures, bone",0.8515625,1,Qwen2.5-7B-Instruct-finetuned
"fractures, bone bil","fractures, bone",0.6953125,0,Qwen2.5-7B-Instruct-finetuned
lead,medical device in thorax,1.0,0,Qwen2.5-7B-Instruct-finetuned
lead,medical device in thorax,0.11279296875,0,Qwen2.5-7B-Instruct-finetuned
lead,medical device in thorax,0.1416015625,0,Qwen2.5-7B-Instruct-finetuned
lead,medical device in thorax,0.65234375,0,Qwen2.5-7B-Instruct-finetuned
lead,medical device in thorax,0.79296875,0,Qwen2.5-7B-Instruct-finetuned
tortuous vessel in a,tortuous vessel in aorta,0.3125,0,Qwen2.5-7B-Instruct-finetuned
tortuous vessel in a,tortuous vessel in aorta,0.9921875,0,Qwen2.5-7B-Instruct-finetuned
tortuous vessel in a,tortuous vessel in aorta,0.9375,0,Qwen2.5-7B-Instruct-finetuned
tortuous vessel in a,tortuous vessel in aorta,0.99609375,0,Qwen2.5-7B-Instruct-finetuned
tortuous vessel in a,tortuous vessel in aorta,0.8515625,0,Qwen2.5-7B-Instruct-finetuned
tortuous vessel in a,tortuous vessel in aorta,0.349609375,0,Qwen2.5-7B-Instruct-finetuned
tortuous vessel in a,tortuous vessel in aorta,0.359375,0,Qwen2.5-7B-Instruct-finetuned
calcinosis,calcinosis,0.2353515625,0,Qwen2.5-7B-Instruct-finetuned
calcinosis,calcinosis,0.16796875,0,Qwen2.5-7B-Instruct-finetuned
calcinosis,calcinosis,0.2021484375,0,Qwen2.5-7B-Instruct-finetuned
degenerative change in thor,degenerative change in thoracic vertebrae,0.98046875,0,Qwen2.5-7B-Instruct-finetuned
degenerative change in thor,degenerative change in thoracic vertebrae,0.1494140625,0,Qwen2.5-7B-Instruct-finetuned
degenerative change in thor,degenerative change in thoracic vertebrae,1.0,1,Qwen2.5-7B-Instruct-finetuned
degenerative change in thor,degenerative change in thoracic vertebrae,0.85546875,1,Qwen2.5-7B-Instruct-finetuned
degenerative change in thor,degenerative change in thoracic vertebrae,0.99609375,1,Qwen2.5-7B-Instruct-finetuned
degenerative change in thor,degenerative change in thoracic vertebrae,0.78515625,1,Qwen2.5-7B-Instruct-finetuned
degenerative change in thor,degenerative change in thoracic vertebrae,0.984375,1,Qwen2.5-7B-Instruct-finetuned
degenerative change in thor,degenerative change in thoracic vertebrae,0.9921875,0,Qwen2.5-7B-Instruct-finetuned
degenerative change in thor,degenerative change in thoracic vertebrae,0.96484375,1,Qwen2.5-7B-Instruct-finetuned
degenerative change in thor,degenerative change in thoracic vertebrae,0.97265625,1,Qwen2.5-7B-Instruct-finetuned
spondylosis,spondylosis,0.91796875,0,Qwen2.5-7B-Instruct-finetuned
spondylosis,spondylosis,0.98828125,0,Qwen2.5-7B-Instruct-finetuned
spondylosis,spondylosis,0.96875,0,Qwen2.5-7B-Instruct-finetuned
spondylosis,spondylosis,0.98828125,0,Qwen2.5-7B-Instruct-finetuned
spondylosis,spondylosis,0.2109375,0,Qwen2.5-7B-Instruct-finetuned
degenerative change in thor,degenerative change in thoracic vertebrae,0.98046875,0,Qwen2.5-7B-Instruct-finetuned
degenerative change in thor,degenerative change in thoracic vertebrae,0.1494140625,0,Qwen2.5-7B-Instruct-finetuned
degenerative change in thor,degenerative change in thoracic vertebrae,1.0,1,Qwen2.5-7B-Instruct-finetuned
degenerative change in thor,degenerative change in thoracic vertebrae,0.85546875,1,Qwen2.5-7B-Instruct-finetuned
degenerative change in thor,degenerative change in thoracic vertebrae,0.99609375,1,Qwen2.5-7B-Instruct-finetuned
degenerative change in thor,degenerative change in thoracic vertebrae,0.78515625,1,Qwen2.5-7B-Instruct-finetuned
degenerative change in thor,degenerative change in thoracic vertebrae,0.984375,1,Qwen2.5-7B-Instruct-finetuned
degenerative change in thor,degenerative change in thoracic vertebrae,0.9921875,0,Qwen2.5-7B-Instruct-finetuned
degenerative change in thor,degenerative change in thoracic vertebrae,0.96484375,1,Qwen2.5-7B-Instruct-finetuned
degenerative change in thor,degenerative change in thoracic vertebrae,0.97265625,1,Qwen2.5-7B-Instruct-finetuned
streaky opacity in op,streaky opacity in opacity,0.458984375,0,Qwen2.5-7B-Instruct-finetuned
streaky opacity in op,streaky opacity in opacity,0.52734375,0,Qwen2.5-7B-Instruct-finetuned
streaky opacity in op,streaky opacity in opacity,0.98828125,1,Qwen2.5-7B-Instruct-finetuned
streaky opacity in op,streaky opacity in opacity,0.78125,1,Qwen2.5-7B-Instruct-finetuned
streaky opacity in op,streaky opacity in opacity,0.99609375,1,Qwen2.5-7B-Instruct-finetuned
streaky opacity in op,streaky opacity in opacity,0.578125,0,Qwen2.5-7B-Instruct-finetuned
calcinosis,calcified granuloma,0.2353515625,0,Qwen2.5-7B-Instruct-finetuned
calcinosis,calcified granuloma,0.8046875,1,Qwen2.5-7B-Instruct-finetuned
calcinosis,calcified granuloma,0.08837890625,0,Qwen2.5-7B-Instruct-finetuned
calcinosis,calcified granuloma,0.64453125,1,Qwen2.5-7B-Instruct-finetuned
calcinosis,calcified granuloma,0.69140625,1,Qwen2.5-7B-Instruct-finetuned
pulmonary atelectasis,pulmonary atelectasis,0.169921875,0,Qwen2.5-7B-Instruct-finetuned
pulmonary atelectasis,pulmonary atelectasis,1.0,1,Qwen2.5-7B-Instruct-finetuned
pulmonary atelectasis,pulmonary atelectasis,1.0,1,Qwen2.5-7B-Instruct-finetuned
pulmonary atelectasis,pulmonary atelectasis,0.5546875,1,Qwen2.5-7B-Instruct-finetuned
pulmonary atelectasis,pulmonary atelectasis,0.99609375,1,Qwen2.5-7B-Instruct-finetuned
pulmonary atelectasis,pulmonary atelectasis,0.99609375,1,Qwen2.5-7B-Instruct-finetuned
normal,normal,1.0,0,Qwen2.5-7B-Instruct-finetuned
scoliosis,scoliosis,0.6640625,0,Qwen2.5-7B-Instruct-finetuned
scoliosis,scoliosis,0.1689453125,0,Qwen2.5-7B-Instruct-finetuned
scoliosis,scoliosis,0.7109375,1,Qwen2.5-7B-Instruct-finetuned
lung hypoinflation in lung,lung hypoinflation in lung,0.2431640625,0,Qwen2.5-7B-Instruct-finetuned
lung hypoinflation in lung,lung hypoinflation in lung,0.9765625,1,Qwen2.5-7B-Instruct-finetuned
lung hypoinflation in lung,lung hypoinflation in lung,1.0,1,Qwen2.5-7B-Instruct-finetuned
lung hypoinflation in lung,lung hypoinflation in lung,1.0,1,Qwen2.5-7B-Instruct-finetuned
lung hypoinflation in lung,lung hypoinflation in lung,0.359375,1,Qwen2.5-7B-Instruct-finetuned
lung hypoinflation in lung,lung hypoinflation in lung,0.94921875,1,Qwen2.5-7B-Instruct-finetuned
normal,normal,1.0,0,Qwen2.5-7B-Instruct-finetuned
cardiomegaly,cardiomegaly,0.28515625,0,Qwen2.5-7B-Instruct-finetuned
cardiomegaly,cardiomegaly,0.96875,0,Qwen2.5-7B-Instruct-finetuned
cardiomegaly,cardiomegaly,0.99609375,0,Qwen2.5-7B-Instruct-finetuned
cardiomegaly,cardiomegaly,0.9921875,0,Qwen2.5-7B-Instruct-finetuned
cardiomegaly,cardiomegaly,0.2041015625,0,Qwen2.5-7B-Instruct-finetuned
normal,normal,1.0,0,Qwen2.5-7B-Instruct-finetuned
normal,normal,1.0,0,Qwen2.5-7B-Instruct-finetuned
pulmonary atelectasis,streaky opacity in opacity,0.169921875,0,Qwen2.5-7B-Instruct-finetuned
pulmonary atelectasis,streaky opacity in opacity,0.1884765625,1,Qwen2.5-7B-Instruct-finetuned
pulmonary atelectasis,streaky opacity in opacity,1.0,1,Qwen2.5-7B-Instruct-finetuned
pulmonary atelectasis,streaky opacity in opacity,0.3203125,0,Qwen2.5-7B-Instruct-finetuned
pulmonary atelectasis,streaky opacity in opacity,0.8359375,1,Qwen2.5-7B-Instruct-finetuned
pulmonary atelectasis,streaky opacity in opacity,0.94921875,0,Qwen2.5-7B-Instruct-finetuned
normal,normal,1.0,0,Qwen2.5-7B-Instruct-finetuned
degenerative change in sp,degenerative change in spine,0.8125,0,Qwen2.5-7B-Instruct-finetuned
degenerative change in sp,degenerative change in spine,0.3984375,0,Qwen2.5-7B-Instruct-finetuned
degenerative change in sp,degenerative change in spine,0.99609375,1,Qwen2.5-7B-Instruct-finetuned
degenerative change in sp,degenerative change in spine,0.85546875,1,Qwen2.5-7B-Instruct-finetuned
degenerative change in sp,degenerative change in spine,0.9921875,1,Qwen2.5-7B-Instruct-finetuned
degenerative change in sp,degenerative change in spine,0.62109375,1,Qwen2.5-7B-Instruct-finetuned
normal,normal,1.0,0,Qwen2.5-7B-Instruct-finetuned
calcinosis,calcinosis,0.2353515625,0,Qwen2.5-7B-Instruct-finetuned
calcinosis,calcinosis,0.16796875,0,Qwen2.5-7B-Instruct-finetuned
calcinosis,calcinosis,0.2021484375,0,Qwen2.5-7B-Instruct-finetuned
surgical instruments medial views,surgical instruments,0.474609375,0,Qwen2.5-7B-Instruct-finetuned
surgical instruments medial views,surgical instruments,0.96484375,1,Qwen2.5-7B-Instruct-finetuned
surgical instruments medial views,surgical instruments,0.98828125,1,Qwen2.5-7B-Instruct-finetuned
calcified granuloma,granuloma,0.9609375,0,Qwen2.5-7B-Instruct-finetuned
calcified granuloma,granuloma,0.625,0,Qwen2.5-7B-Instruct-finetuned
calcified granuloma,granuloma,1.0,0,Qwen2.5-7B-Instruct-finetuned
calcinosis,"tortuous vessel in aorta, thoracic",0.1806640625,0,Qwen2.5-7B-Instruct-finetuned
calcinosis,"tortuous vessel in aorta, thoracic",0.33984375,0,Qwen2.5-7B-Instruct-finetuned
calcinosis,"tortuous vessel in aorta, thoracic",0.197265625,0,Qwen2.5-7B-Instruct-finetuned
calcinosis,"tortuous vessel in aorta, thoracic",0.2333984375,0,Qwen2.5-7B-Instruct-finetuned
calcinosis,"tortuous vessel in aorta, thoracic",0.9609375,0,Qwen2.5-7B-Instruct-finetuned
calcinosis,"tortuous vessel in aorta, thoracic",0.1884765625,0,Qwen2.5-7B-Instruct-finetuned
calcinosis,"tortuous vessel in aorta, thoracic",0.271484375,0,Qwen2.5-7B-Instruct-finetuned
calcinosis,"tortuous vessel in aorta, thoracic",0.6875,0,Qwen2.5-7B-Instruct-finetuned
calcinosis,"tortuous vessel in aorta, thoracic",0.97265625,0,Qwen2.5-7B-Instruct-finetuned
calcinosis,"tortuous vessel in aorta, thoracic",0.373046875,0,Qwen2.5-7B-Instruct-finetuned
normal,normal,1.0,0,Qwen2.5-7B-Instruct-finetuned
normal,normal,1.0,0,Qwen2.5-7B-Instruct-finetuned
pulmonary emphysema,"lung, hyperlucent",0.1806640625,0,Qwen2.5-7B-Instruct-finetuned
pulmonary emphysema,"lung, hyperlucent",0.291015625,0,Qwen2.5-7B-Instruct-finetuned
pulmonary emphysema,"lung, hyperlucent",0.2255859375,0,Qwen2.5-7B-Instruct-finetuned
pulmonary emphysema,"lung, hyperlucent",0.5078125,0,Qwen2.5-7B-Instruct-finetuned
calcinosis,calcinosis,0.2353515625,0,Qwen2.5-7B-Instruct-finetuned
calcinosis,calcinosis,0.16796875,0,Qwen2.5-7B-Instruct-finetuned
calcinosis,calcinosis,0.2021484375,0,Qwen2.5-7B-Instruct-finetuned
normal,normal,1.0,0,Qwen2.5-7B-Instruct-finetuned
normal,normal,1.0,0,Qwen2.5-7B-Instruct-finetuned
normal,normal,1.0,0,Qwen2.5-7B-Instruct-finetuned
normal,normal,1.0,0,Qwen2.5-7B-Instruct-finetuned
pulmonary emphysema,"lung, hyperlucent",0.1806640625,0,Qwen2.5-7B-Instruct-finetuned
pulmonary emphysema,"lung, hyperlucent",0.291015625,0,Qwen2.5-7B-Instruct-finetuned
pulmonary emphysema,"lung, hyperlucent",0.2255859375,0,Qwen2.5-7B-Instruct-finetuned
pulmonary emphysema,"lung, hyperlucent",0.5078125,0,Qwen2.5-7B-Instruct-finetuned
normal,normal,1.0,0,Qwen2.5-7B-Instruct-finetuned
scoliosis,calcinosis,0.6640625,0,Qwen2.5-7B-Instruct-finetuned
scoliosis,calcinosis,0.1943359375,0,Qwen2.5-7B-Instruct-finetuned
scoliosis,calcinosis,0.298828125,0,Qwen2.5-7B-Instruct-finetuned
pulmonary emphysema,calcinosis,0.14453125,0,Qwen2.5-7B-Instruct-finetuned
pulmonary emphysema,calcinosis,0.60546875,0,Qwen2.5-7B-Instruct-finetuned
pulmonary emphysema,calcinosis,0.99609375,1,Qwen2.5-7B-Instruct-finetuned
atherosclerosis,atherosclerosis,0.3203125,0,Qwen2.5-7B-Instruct-finetuned
atherosclerosis,atherosclerosis,0.96484375,1,Qwen2.5-7B-Instruct-finetuned
atherosclerosis,atherosclerosis,0.9765625,1,Qwen2.5-7B-Instruct-finetuned
"lung, hyperlucent","lung, hyperlucent",0.271484375,0,Qwen2.5-7B-Instruct-finetuned
"lung, hyperlucent","lung, hyperlucent",0.96484375,1,Qwen2.5-7B-Instruct-finetuned
"lung, hyperlucent","lung, hyperlucent",0.427734375,0,Qwen2.5-7B-Instruct-finetuned
"lung, hyperlucent","lung, hyperlucent",0.859375,1,Qwen2.5-7B-Instruct-finetuned
cardiomegaly,cardiomegaly,0.28515625,0,Qwen2.5-7B-Instruct-finetuned
cardiomegaly,cardiomegaly,0.96875,0,Qwen2.5-7B-Instruct-finetuned
cardiomegaly,cardiomegaly,0.99609375,0,Qwen2.5-7B-Instruct-finetuned
cardiomegaly,cardiomegaly,0.9921875,0,Qwen2.5-7B-Instruct-finetuned
cardiomegaly,cardiomegaly,0.2041015625,0,Qwen2.5-7B-Instruct-finetuned
normal,normal,1.0,0,Qwen2.5-7B-Instruct-finetuned
lung hypoinflation in lung,lung hypoinflation in lung,0.2431640625,0,Qwen2.5-7B-Instruct-finetuned
lung hypoinflation in lung,lung hypoinflation in lung,0.9765625,1,Qwen2.5-7B-Instruct-finetuned
lung hypoinflation in lung,lung hypoinflation in lung,1.0,1,Qwen2.5-7B-Instruct-finetuned
lung hypoinflation in lung,lung hypoinflation in lung,1.0,1,Qwen2.5-7B-Instruct-finetuned
lung hypoinflation in lung,lung hypoinflation in lung,0.359375,1,Qwen2.5-7B-Instruct-finetuned
lung hypoinflation in lung,lung hypoinflation in lung,0.94921875,1,Qwen2.5-7B-Instruct-finetuned
cardiomegaly,cardiomegaly,0.28515625,0,Qwen2.5-7B-Instruct-finetuned
cardiomegaly,cardiomegaly,0.96875,0,Qwen2.5-7B-Instruct-finetuned
cardiomegaly,cardiomegaly,0.99609375,0,Qwen2.5-7B-Instruct-finetuned
cardiomegaly,cardiomegaly,0.9921875,0,Qwen2.5-7B-Instruct-finetuned
cardiomegaly,cardiomegaly,0.2041015625,0,Qwen2.5-7B-Instruct-finetuned
normal,normal,1.0,0,Qwen2.5-7B-Instruct-finetuned
normal,normal,1.0,0,Qwen2.5-7B-Instruct-finetuned
normal,normal,1.0,0,Qwen2.5-7B-Instruct-finetuned
normal,normal,1.0,0,Qwen2.5-7B-Instruct-finetuned
cardiomegaly,cardiomegaly,0.28515625,0,Qwen2.5-7B-Instruct-finetuned
cardiomegaly,cardiomegaly,0.96875,0,Qwen2.5-7B-Instruct-finetuned
cardiomegaly,cardiomegaly,0.99609375,0,Qwen2.5-7B-Instruct-finetuned
cardiomegaly,cardiomegaly,0.9921875,0,Qwen2.5-7B-Instruct-finetuned
cardiomegaly,cardiomegaly,0.2041015625,0,Qwen2.5-7B-Instruct-finetuned
normal,normal,1.0,0,Qwen2.5-7B-Instruct-finetuned
tortuous vessel in a,"tortuous vessel in aorta, thoracic",0.314453125,0,Qwen2.5-7B-Instruct-finetuned
tortuous vessel in a,"tortuous vessel in aorta, thoracic",0.9921875,0,Qwen2.5-7B-Instruct-finetuned
tortuous vessel in a,"tortuous vessel in aorta, thoracic",0.9453125,0,Qwen2.5-7B-Instruct-finetuned
tortuous vessel in a,"tortuous vessel in aorta, thoracic",0.99609375,0,Qwen2.5-7B-Instruct-finetuned
tortuous vessel in a,"tortuous vessel in aorta, thoracic",0.8515625,0,Qwen2.5-7B-Instruct-finetuned
tortuous vessel in a,"tortuous vessel in aorta, thoracic",0.353515625,0,Qwen2.5-7B-Instruct-finetuned
tortuous vessel in a,"tortuous vessel in aorta, thoracic",0.38671875,0,Qwen2.5-7B-Instruct-finetuned
tortuous vessel in a,"tortuous vessel in aorta, thoracic",0.5390625,0,Qwen2.5-7B-Instruct-finetuned
tortuous vessel in a,"tortuous vessel in aorta, thoracic",0.4921875,0,Qwen2.5-7B-Instruct-finetuned
tortuous vessel in a,"tortuous vessel in aorta, thoracic",0.515625,0,Qwen2.5-7B-Instruct-finetuned
calcified granuloma,calcified granuloma,0.9609375,0,Qwen2.5-7B-Instruct-finetuned
calcified granuloma,calcified granuloma,0.70703125,0,Qwen2.5-7B-Instruct-finetuned
calcified granuloma,calcified granuloma,0.9921875,0,Qwen2.5-7B-Instruct-finetuned
calcified granuloma,calcified granuloma,0.51171875,0,Qwen2.5-7B-Instruct-finetuned
calcified granuloma,calcified granuloma,0.99609375,0,Qwen2.5-7B-Instruct-finetuned
cardiomegaly,cardiomegaly,0.28515625,0,Qwen2.5-7B-Instruct-finetuned
cardiomegaly,cardiomegaly,0.96875,0,Qwen2.5-7B-Instruct-finetuned
cardiomegaly,cardiomegaly,0.99609375,0,Qwen2.5-7B-Instruct-finetuned
cardiomegaly,cardiomegaly,0.9921875,0,Qwen2.5-7B-Instruct-finetuned
cardiomegaly,cardiomegaly,0.2041015625,0,Qwen2.5-7B-Instruct-finetuned
normal,normal,1.0,0,Qwen2.5-7B-Instruct-finetuned
"hernia, hiatal","hernia, hiatal",0.388671875,0,Qwen2.5-7B-Instruct-finetuned
"hernia, hiatal","hernia, hiatal",1.0,1,Qwen2.5-7B-Instruct-finetuned
"hernia, hiatal","hernia, hiatal",0.984375,1,Qwen2.5-7B-Instruct-finetuned
"hernia, hiatal","hernia, hiatal",0.9765625,1,Qwen2.5-7B-Instruct-finetuned
"hernia, hiatal","hernia, hiatal",0.298828125,0,Qwen2.5-7B-Instruct-finetuned
"hernia, hiatal","hernia, hiatal",0.99609375,1,Qwen2.5-7B-Instruct-finetuned
normal,normal,1.0,0,Qwen2.5-7B-Instruct-finetuned
pleural effusion,pleural effusion,0.29296875,0,Qwen2.5-7B-Instruct-finetuned
pleural effusion,pleural effusion,0.99609375,1,Qwen2.5-7B-Instruct-finetuned
pleural effusion,pleural effusion,0.734375,1,Qwen2.5-7B-Instruct-finetuned
pleural effusion,pleural effusion,0.99609375,1,Qwen2.5-7B-Instruct-finetuned
pulmonary atelectasis,pulmonary atelectasis,0.169921875,0,Qwen2.5-7B-Instruct-finetuned
pulmonary atelectasis,pulmonary atelectasis,1.0,1,Qwen2.5-7B-Instruct-finetuned
pulmonary atelectasis,pulmonary atelectasis,1.0,1,Qwen2.5-7B-Instruct-finetuned
pulmonary atelectasis,pulmonary atelectasis,0.5546875,1,Qwen2.5-7B-Instruct-finetuned
pulmonary atelectasis,pulmonary atelectasis,0.99609375,1,Qwen2.5-7B-Instruct-finetuned
pulmonary atelectasis,pulmonary atelectasis,0.99609375,1,Qwen2.5-7B-Instruct-finetuned
normal,normal,1.0,0,Qwen2.5-7B-Instruct-finetuned
tortuous vessel in a,diaphragmatic eventration,0.19140625,0,Qwen2.5-7B-Instruct-finetuned
tortuous vessel in a,diaphragmatic eventration,0.83984375,0,Qwen2.5-7B-Instruct-finetuned
tortuous vessel in a,diaphragmatic eventration,0.4921875,0,Qwen2.5-7B-Instruct-finetuned
tortuous vessel in a,diaphragmatic eventration,0.3984375,0,Qwen2.5-7B-Instruct-finetuned
tortuous vessel in a,diaphragmatic eventration,1.0,1,Qwen2.5-7B-Instruct-finetuned
osteophyte,osteophyte,0.80078125,0,Qwen2.5-7B-Instruct-finetuned
osteophyte,osteophyte,0.6953125,1,Qwen2.5-7B-Instruct-finetuned
osteophyte,osteophyte,0.96875,1,Qwen2.5-7B-Instruct-finetuned
atherosclerosis,atherosclerosis,0.3203125,0,Qwen2.5-7B-Instruct-finetuned
atherosclerosis,atherosclerosis,0.96484375,1,Qwen2.5-7B-Instruct-finetuned
atherosclerosis,atherosclerosis,0.9765625,1,Qwen2.5-7B-Instruct-finetuned
atherosclerosis,atherosclerosis,0.3203125,0,Qwen2.5-7B-Instruct-finetuned
atherosclerosis,atherosclerosis,0.96484375,1,Qwen2.5-7B-Instruct-finetuned
atherosclerosis,atherosclerosis,0.9765625,1,Qwen2.5-7B-Instruct-finetuned
pleural effusion,pleural effusion,0.29296875,0,Qwen2.5-7B-Instruct-finetuned
pleural effusion,pleural effusion,0.99609375,1,Qwen2.5-7B-Instruct-finetuned
pleural effusion,pleural effusion,0.734375,1,Qwen2.5-7B-Instruct-finetuned
pleural effusion,pleural effusion,0.99609375,1,Qwen2.5-7B-Instruct-finetuned
calcified granuloma,granuloma,0.9609375,0,Qwen2.5-7B-Instruct-finetuned
calcified granuloma,granuloma,0.625,0,Qwen2.5-7B-Instruct-finetuned
calcified granuloma,granuloma,1.0,0,Qwen2.5-7B-Instruct-finetuned
tortuous vessel in a,tortuous vessel in aorta,0.3125,0,Qwen2.5-7B-Instruct-finetuned
tortuous vessel in a,tortuous vessel in aorta,0.9921875,0,Qwen2.5-7B-Instruct-finetuned
tortuous vessel in a,tortuous vessel in aorta,0.9375,0,Qwen2.5-7B-Instruct-finetuned
tortuous vessel in a,tortuous vessel in aorta,0.99609375,0,Qwen2.5-7B-Instruct-finetuned
tortuous vessel in a,tortuous vessel in aorta,0.8515625,0,Qwen2.5-7B-Instruct-finetuned
tortuous vessel in a,tortuous vessel in aorta,0.349609375,0,Qwen2.5-7B-Instruct-finetuned
tortuous vessel in a,tortuous vessel in aorta,0.359375,0,Qwen2.5-7B-Instruct-finetuned
cardiomegaly,cardiomegaly,0.28515625,0,Qwen2.5-7B-Instruct-finetuned
cardiomegaly,cardiomegaly,0.96875,0,Qwen2.5-7B-Instruct-finetuned
cardiomegaly,cardiomegaly,0.99609375,0,Qwen2.5-7B-Instruct-finetuned
cardiomegaly,cardiomegaly,0.9921875,0,Qwen2.5-7B-Instruct-finetuned
cardiomegaly,cardiomegaly,0.2041015625,0,Qwen2.5-7B-Instruct-finetuned
lung hypoinflation in lung,lung hypoinflation in lung,0.2431640625,0,Qwen2.5-7B-Instruct-finetuned
lung hypoinflation in lung,lung hypoinflation in lung,0.9765625,1,Qwen2.5-7B-Instruct-finetuned
lung hypoinflation in lung,lung hypoinflation in lung,1.0,1,Qwen2.5-7B-Instruct-finetuned
lung hypoinflation in lung,lung hypoinflation in lung,1.0,1,Qwen2.5-7B-Instruct-finetuned
lung hypoinflation in lung,lung hypoinflation in lung,0.359375,1,Qwen2.5-7B-Instruct-finetuned
lung hypoinflation in lung,lung hypoinflation in lung,0.94921875,1,Qwen2.5-7B-Instruct-finetuned
osteophytehuman: the,osteophyte,0.07177734375,0,Qwen2.5-7B-Instruct-finetuned
osteophytehuman: the,osteophyte,0.88671875,1,Qwen2.5-7B-Instruct-finetuned
osteophytehuman: the,osteophyte,0.875,1,Qwen2.5-7B-Instruct-finetuned
pulmonary opacity,pulmonary atelectasis,0.52734375,0,Qwen2.5-7B-Instruct-finetuned
pulmonary opacity,pulmonary atelectasis,1.0,1,Qwen2.5-7B-Instruct-finetuned
pulmonary opacity,pulmonary atelectasis,0.99609375,1,Qwen2.5-7B-Instruct-finetuned
pulmonary opacity,pulmonary atelectasis,0.94140625,0,Qwen2.5-7B-Instruct-finetuned
pulmonary opacity,pulmonary atelectasis,0.95703125,1,Qwen2.5-7B-Instruct-finetuned
pulmonary opacity,pulmonary atelectasis,0.55859375,1,Qwen2.5-7B-Instruct-finetuned
normal,normal,1.0,0,Qwen2.5-7B-Instruct-finetuned
pulmonary fibrosis,atherosclerosis,0.3125,0,Qwen2.5-7B-Instruct-finetuned
pulmonary fibrosis,atherosclerosis,0.26171875,0,Qwen2.5-7B-Instruct-finetuned
pulmonary fibrosis,atherosclerosis,0.8359375,1,Qwen2.5-7B-Instruct-finetuned
normal,normal,1.0,0,Qwen2.5-7B-Instruct-finetuned
calcified granuloma,calcified granuloma,0.9609375,0,Qwen2.5-7B-Instruct-finetuned
calcified granuloma,calcified granuloma,0.70703125,0,Qwen2.5-7B-Instruct-finetuned
calcified granuloma,calcified granuloma,0.9921875,0,Qwen2.5-7B-Instruct-finetuned
calcified granuloma,calcified granuloma,0.51171875,0,Qwen2.5-7B-Instruct-finetuned
calcified granuloma,calcified granuloma,0.99609375,0,Qwen2.5-7B-Instruct-finetuned
pneumothorax,pleural effusion,0.2197265625,0,Qwen2.5-7B-Instruct-finetuned
pneumothorax,pleural effusion,0.99609375,1,Qwen2.5-7B-Instruct-finetuned
pneumothorax,pleural effusion,0.86328125,1,Qwen2.5-7B-Instruct-finetuned
pneumothorax,pleural effusion,0.9375,1,Qwen2.5-7B-Instruct-finetuned
normal,normal,1.0,0,Qwen2.5-7B-Instruct-finetuned
normal,normal,1.0,0,Qwen2.5-7B-Instruct-finetuned
bronchiectasis,cystic fibrosis,0.1357421875,0,Qwen2.5-7B-Instruct-finetuned
bronchiectasis,cystic fibrosis,0.74609375,0,Qwen2.5-7B-Instruct-finetuned
bronchiectasis,cystic fibrosis,0.94921875,1,Qwen2.5-7B-Instruct-finetuned
bronchiectasis,cystic fibrosis,0.9296875,1,Qwen2.5-7B-Instruct-finetuned
bronchiectasis,cystic fibrosis,0.97265625,1,Qwen2.5-7B-Instruct-finetuned
pulmonary nodule,granuloma,0.2216796875,0,Qwen2.5-7B-Instruct-finetuned
pulmonary nodule,granuloma,0.953125,1,Qwen2.5-7B-Instruct-finetuned
pulmonary nodule,granuloma,0.81640625,1,Qwen2.5-7B-Instruct-finetuned
lung hyperdistention in lung,lung hyperdistention in lung,0.2421875,0,Qwen2.5-7B-Instruct-finetuned
lung hyperdistention in lung,lung hyperdistention in lung,0.384765625,1,Qwen2.5-7B-Instruct-finetuned
lung hyperdistention in lung,lung hyperdistention in lung,0.81640625,1,Qwen2.5-7B-Instruct-finetuned
lung hyperdistention in lung,lung hyperdistention in lung,0.95703125,1,Qwen2.5-7B-Instruct-finetuned
lung hyperdistention in lung,lung hyperdistention in lung,0.859375,1,Qwen2.5-7B-Instruct-finetuned
lung hyperdistention in lung,lung hyperdistention in lung,0.9453125,1,Qwen2.5-7B-Instruct-finetuned
cicatrix,cicatrix,0.169921875,0,Qwen2.5-7B-Instruct-finetuned
cicatrix,cicatrix,0.1474609375,0,Qwen2.5-7B-Instruct-finetuned
cicatrix,cicatrix,0.98828125,1,Qwen2.5-7B-Instruct-finetuned
pulmonary nodule,pulmonary nodule,0.22265625,0,Qwen2.5-7B-Instruct-finetuned
pulmonary nodule,pulmonary nodule,0.99609375,1,Qwen2.5-7B-Instruct-finetuned
pulmonary nodule,pulmonary nodule,1.0,1,Qwen2.5-7B-Instruct-finetuned
pulmonary nodule,pulmonary nodule,0.92578125,1,Qwen2.5-7B-Instruct-finetuned
pulmonary nodule,pulmonary nodule,1.0,1,Qwen2.5-7B-Instruct-finetuned
normal,normal,1.0,0,Qwen2.5-7B-Instruct-finetuned
