prompt,response,confidence,correct,model
normal,normal,0.0177001953125,0,Qwen3-VL-8B-Instruct-RLVR_aligned
normal,normal,0.0177001953125,0,Qwen3-VL-8B-Instruct-RLVR_aligned
cardiomegaly,cardiomegaly,0.66796875,0,Qwen3-VL-8B-Instruct-RLVR_aligned
cardiomegaly,cardiomegaly,0.734375,0,Qwen3-VL-8B-Instruct-RLVR_aligned
cardiomegaly,cardiomegaly,0.73046875,0,Qwen3-VL-8B-Instruct-RLVR_aligned
cardiomegaly,cardiomegaly,0.9453125,0,Qwen3-VL-8B-Instruct-RLVR_aligned
cardiomegaly,cardiomegaly,0.1318359375,0,Qwen3-VL-8B-Instruct-RLVR_aligned
normal,normal,0.0177001953125,0,Qwen3-VL-8B-Instruct-RLVR_aligned
focal abnormality in airspace,focal abnormality in airspace disease,0.2099609375,0,Qwen3-VL-8B-Instruct-RLVR_aligned
focal abnormality in airspace,focal abnormality in airspace disease,0.107421875,1,Qwen3-VL-8B-Instruct-RLVR_aligned
focal abnormality in airspace,focal abnormality in airspace disease,0.76953125,1,Qwen3-VL-8B-Instruct-RLVR_aligned
focal abnormality in airspace,focal abnormality in airspace disease,0.99609375,1,Qwen3-VL-8B-Instruct-RLVR_aligned
focal abnormality in airspace,focal abnormality in airspace disease,0.80078125,1,Qwen3-VL-8B-Instruct-RLVR_aligned
focal abnormality in airspace,focal abnormality in airspace disease,0.94921875,1,Qwen3-VL-8B-Instruct-RLVR_aligned
focal abnormality in airspace,focal abnormality in airspace disease,0.2109375,0,Qwen3-VL-8B-Instruct-RLVR_aligned
pulmonary atelectasis,pleural effusion,0.1796875,0,Qwen3-VL-8B-Instruct-RLVR_aligned
pulmonary atelectasis,pleural effusion,0.7421875,1,Qwen3-VL-8B-Instruct-RLVR_aligned
pulmonary atelectasis,pleural effusion,0.984375,1,Qwen3-VL-8B-Instruct-RLVR_aligned
pulmonary atelectasis,pleural effusion,0.94921875,1,Qwen3-VL-8B-Instruct-RLVR_aligned
normal,normal,0.0177001953125,0,Qwen3-VL-8B-Instruct-RLVR_aligned
pulmonary atelectasis,pulmonary atelectasis,0.1806640625,0,Qwen3-VL-8B-Instruct-RLVR_aligned
pulmonary atelectasis,pulmonary atelectasis,0.9375,1,Qwen3-VL-8B-Instruct-RLVR_aligned
pulmonary atelectasis,pulmonary atelectasis,0.9921875,1,Qwen3-VL-8B-Instruct-RLVR_aligned
pulmonary atelectasis,pulmonary atelectasis,0.88671875,1,Qwen3-VL-8B-Instruct-RLVR_aligned
pulmonary atelectasis,pulmonary atelectasis,1.0,1,Qwen3-VL-8B-Instruct-RLVR_aligned
pulmonary atelectasis,pulmonary atelectasis,0.9375,1,Qwen3-VL-8B-Instruct-RLVR_aligned
normal,normal,0.0177001953125,0,Qwen3-VL-8B-Instruct-RLVR_aligned
pulmonary opacity,cardiomegaly,0.154296875,0,Qwen3-VL-8B-Instruct-RLVR_aligned
pulmonary opacity,cardiomegaly,0.7734375,1,Qwen3-VL-8B-Instruct-RLVR_aligned
pulmonary opacity,cardiomegaly,1.0,1,Qwen3-VL-8B-Instruct-RLVR_aligned
pulmonary opacity,cardiomegaly,1.0,1,Qwen3-VL-8B-Instruct-RLVR_aligned
pulmonary opacity,cardiomegaly,0.99609375,1,Qwen3-VL-8B-Instruct-RLVR_aligned
pneumonia,pneumonia,0.328125,0,Qwen3-VL-8B-Instruct-RLVR_aligned
pneumonia,pneumonia,0.1689453125,1,Qwen3-VL-8B-Instruct-RLVR_aligned
pneumonia,pneumonia,0.9609375,1,Qwen3-VL-8B-Instruct-RLVR_aligned
pneumonia,pneumonia,0.59765625,0,Qwen3-VL-8B-Instruct-RLVR_aligned
normal,normal,0.0177001953125,0,Qwen3-VL-8B-Instruct-RLVR_aligned
normal,normal,0.0177001953125,0,Qwen3-VL-8B-Instruct-RLVR_aligned
normal,normal,0.0177001953125,0,Qwen3-VL-8B-Instruct-RLVR_aligned
calcinosis,"bone diseases, metabolic",0.306640625,0,Qwen3-VL-8B-Instruct-RLVR_aligned
calcinosis,"bone diseases, metabolic",0.275390625,0,Qwen3-VL-8B-Instruct-RLVR_aligned
calcinosis,"bone diseases, metabolic",0.169921875,0,Qwen3-VL-8B-Instruct-RLVR_aligned
calcinosis,"bone diseases, metabolic",0.07763671875,0,Qwen3-VL-8B-Instruct-RLVR_aligned
normal,normal,0.0177001953125,0,Qwen3-VL-8B-Instruct-RLVR_aligned
pulmonary atelectasis,pulmonary atelectasis,0.1806640625,0,Qwen3-VL-8B-Instruct-RLVR_aligned
pulmonary atelectasis,pulmonary atelectasis,0.9375,1,Qwen3-VL-8B-Instruct-RLVR_aligned
pulmonary atelectasis,pulmonary atelectasis,0.9921875,1,Qwen3-VL-8B-Instruct-RLVR_aligned
pulmonary atelectasis,pulmonary atelectasis,0.88671875,1,Qwen3-VL-8B-Instruct-RLVR_aligned
pulmonary atelectasis,pulmonary atelectasis,1.0,1,Qwen3-VL-8B-Instruct-RLVR_aligned
pulmonary atelectasis,pulmonary atelectasis,0.9375,1,Qwen3-VL-8B-Instruct-RLVR_aligned
normal,normal,0.0177001953125,0,Qwen3-VL-8B-Instruct-RLVR_aligned
degenerative change in thor,tortuous vessel in aorta,0.13671875,0,Qwen3-VL-8B-Instruct-RLVR_aligned
degenerative change in thor,tortuous vessel in aorta,0.5625,0,Qwen3-VL-8B-Instruct-RLVR_aligned
degenerative change in thor,tortuous vessel in aorta,0.119140625,0,Qwen3-VL-8B-Instruct-RLVR_aligned
degenerative change in thor,tortuous vessel in aorta,0.10595703125,0,Qwen3-VL-8B-Instruct-RLVR_aligned
degenerative change in thor,tortuous vessel in aorta,0.1923828125,0,Qwen3-VL-8B-Instruct-RLVR_aligned
degenerative change in thor,tortuous vessel in aorta,0.169921875,0,Qwen3-VL-8B-Instruct-RLVR_aligned
degenerative change in thor,tortuous vessel in aorta,0.58984375,1,Qwen3-VL-8B-Instruct-RLVR_aligned
granuloma,granuloma,0.46484375,0,Qwen3-VL-8B-Instruct-RLVR_aligned
granuloma,granuloma,0.0732421875,0,Qwen3-VL-8B-Instruct-RLVR_aligned
granuloma,granuloma,0.13671875,0,Qwen3-VL-8B-Instruct-RLVR_aligned
cardiomegaly,cardiomegaly,0.66796875,0,Qwen3-VL-8B-Instruct-RLVR_aligned
cardiomegaly,cardiomegaly,0.734375,0,Qwen3-VL-8B-Instruct-RLVR_aligned
cardiomegaly,cardiomegaly,0.73046875,0,Qwen3-VL-8B-Instruct-RLVR_aligned
cardiomegaly,cardiomegaly,0.9453125,0,Qwen3-VL-8B-Instruct-RLVR_aligned
cardiomegaly,cardiomegaly,0.1318359375,0,Qwen3-VL-8B-Instruct-RLVR_aligned
normal,normal,0.0177001953125,0,Qwen3-VL-8B-Instruct-RLVR_aligned
normal,normal,0.0177001953125,0,Qwen3-VL-8B-Instruct-RLVR_aligned
lung hypoinflation in em,lung hypoinflation in lung,1.0,0,Qwen3-VL-8B-Instruct-RLVR_aligned
lung hypoinflation in em,lung hypoinflation in lung,0.0947265625,0,Qwen3-VL-8B-Instruct-RLVR_aligned
lung hypoinflation in em,lung hypoinflation in lung,0.4375,1,Qwen3-VL-8B-Instruct-RLVR_aligned
lung hypoinflation in em,lung hypoinflation in lung,0.98828125,1,Qwen3-VL-8B-Instruct-RLVR_aligned
lung hypoinflation in em,lung hypoinflation in lung,0.5078125,1,Qwen3-VL-8B-Instruct-RLVR_aligned
lung hypoinflation in em,lung hypoinflation in lung,0.96484375,0,Qwen3-VL-8B-Instruct-RLVR_aligned
normal,normal,0.0177001953125,0,Qwen3-VL-8B-Instruct-RLVR_aligned
cardiomegaly,cardiomegaly,0.66796875,0,Qwen3-VL-8B-Instruct-RLVR_aligned
cardiomegaly,cardiomegaly,0.734375,0,Qwen3-VL-8B-Instruct-RLVR_aligned
cardiomegaly,cardiomegaly,0.73046875,0,Qwen3-VL-8B-Instruct-RLVR_aligned
cardiomegaly,cardiomegaly,0.9453125,0,Qwen3-VL-8B-Instruct-RLVR_aligned
cardiomegaly,cardiomegaly,0.1318359375,0,Qwen3-VL-8B-Instruct-RLVR_aligned
normal,normal,0.0177001953125,0,Qwen3-VL-8B-Instruct-RLVR_aligned
normal,normal,0.0177001953125,0,Qwen3-VL-8B-Instruct-RLVR_aligned
cardiomegaly,cardiomegaly,0.66796875,0,Qwen3-VL-8B-Instruct-RLVR_aligned
cardiomegaly,cardiomegaly,0.734375,0,Qwen3-VL-8B-Instruct-RLVR_aligned
cardiomegaly,cardiomegaly,0.73046875,0,Qwen3-VL-8B-Instruct-RLVR_aligned
cardiomegaly,cardiomegaly,0.9453125,0,Qwen3-VL-8B-Instruct-RLVR_aligned
cardiomegaly,cardiomegaly,0.1318359375,0,Qwen3-VL-8B-Instruct-RLVR_aligned
normal,normal,0.0177001953125,0,Qwen3-VL-8B-Instruct-RLVR_aligned
pulmonary atelectasis,calcified granuloma,0.27734375,0,Qwen3-VL-8B-Instruct-RLVR_aligned
pulmonary atelectasis,calcified granuloma,0.051025390625,0,Qwen3-VL-8B-Instruct-RLVR_aligned
pulmonary atelectasis,calcified granuloma,0.451171875,0,Qwen3-VL-8B-Instruct-RLVR_aligned
pulmonary atelectasis,calcified granuloma,0.423828125,0,Qwen3-VL-8B-Instruct-RLVR_aligned
pulmonary atelectasis,calcified granuloma,0.984375,0,Qwen3-VL-8B-Instruct-RLVR_aligned
degenerative change in spine,pulmonary atelectasis,0.1962890625,0,Qwen3-VL-8B-Instruct-RLVR_aligned
degenerative change in spine,pulmonary atelectasis,0.068359375,0,Qwen3-VL-8B-Instruct-RLVR_aligned
degenerative change in spine,pulmonary atelectasis,0.458984375,1,Qwen3-VL-8B-Instruct-RLVR_aligned
degenerative change in spine,pulmonary atelectasis,0.1533203125,0,Qwen3-VL-8B-Instruct-RLVR_aligned
degenerative change in spine,pulmonary atelectasis,0.99609375,1,Qwen3-VL-8B-Instruct-RLVR_aligned
degenerative change in spine,pulmonary atelectasis,0.93359375,1,Qwen3-VL-8B-Instruct-RLVR_aligned
normal,normal,0.0177001953125,0,Qwen3-VL-8B-Instruct-RLVR_aligned
atelectasis,cicatrix,0.09423828125,0,Qwen3-VL-8B-Instruct-RLVR_aligned
atelectasis,cicatrix,0.1044921875,0,Qwen3-VL-8B-Instruct-RLVR_aligned
atelectasis,cicatrix,0.064453125,0,Qwen3-VL-8B-Instruct-RLVR_aligned
calcified granuloma,calcified granuloma,0.89453125,0,Qwen3-VL-8B-Instruct-RLVR_aligned
calcified granuloma,calcified granuloma,0.19921875,0,Qwen3-VL-8B-Instruct-RLVR_aligned
calcified granuloma,calcified granuloma,0.3984375,0,Qwen3-VL-8B-Instruct-RLVR_aligned
calcified granuloma,calcified granuloma,0.353515625,0,Qwen3-VL-8B-Instruct-RLVR_aligned
calcified granuloma,calcified granuloma,1.0,0,Qwen3-VL-8B-Instruct-RLVR_aligned
normal,normal,0.0177001953125,0,Qwen3-VL-8B-Instruct-RLVR_aligned
pulmonary atelectasis,cicatrix,0.2578125,0,Qwen3-VL-8B-Instruct-RLVR_aligned
pulmonary atelectasis,cicatrix,0.2333984375,0,Qwen3-VL-8B-Instruct-RLVR_aligned
pulmonary atelectasis,cicatrix,0.2451171875,0,Qwen3-VL-8B-Instruct-RLVR_aligned
pulmonary atelectasis,atherosclerosis,0.1796875,0,Qwen3-VL-8B-Instruct-RLVR_aligned
pulmonary atelectasis,atherosclerosis,0.9453125,1,Qwen3-VL-8B-Instruct-RLVR_aligned
pulmonary atelectasis,atherosclerosis,0.84765625,1,Qwen3-VL-8B-Instruct-RLVR_aligned
pulmonary hypoinflation,lung hypoinflation in lung,0.1484375,0,Qwen3-VL-8B-Instruct-RLVR_aligned
pulmonary hypoinflation,lung hypoinflation in lung,0.107421875,0,Qwen3-VL-8B-Instruct-RLVR_aligned
pulmonary hypoinflation,lung hypoinflation in lung,0.5703125,1,Qwen3-VL-8B-Instruct-RLVR_aligned
pulmonary hypoinflation,lung hypoinflation in lung,0.9921875,1,Qwen3-VL-8B-Instruct-RLVR_aligned
pulmonary hypoinflation,lung hypoinflation in lung,0.1298828125,0,Qwen3-VL-8B-Instruct-RLVR_aligned
pulmonary hypoinflation,lung hypoinflation in lung,0.2265625,0,Qwen3-VL-8B-Instruct-RLVR_aligned
calcinosis,calcinosis,0.12060546875,0,Qwen3-VL-8B-Instruct-RLVR_aligned
calcinosis,calcinosis,0.21484375,0,Qwen3-VL-8B-Instruct-RLVR_aligned
calcinosis,calcinosis,0.279296875,0,Qwen3-VL-8B-Instruct-RLVR_aligned
foreign bodies,foreign bodies,0.1611328125,0,Qwen3-VL-8B-Instruct-RLVR_aligned
foreign bodies,foreign bodies,0.33203125,1,Qwen3-VL-8B-Instruct-RLVR_aligned
normal,normal,0.0177001953125,0,Qwen3-VL-8B-Instruct-RLVR_aligned
chronic lung disease,bronchiectasis,0.28515625,0,Qwen3-VL-8B-Instruct-RLVR_aligned
chronic lung disease,bronchiectasis,0.67578125,0,Qwen3-VL-8B-Instruct-RLVR_aligned
chronic lung disease,bronchiectasis,0.796875,1,Qwen3-VL-8B-Instruct-RLVR_aligned
chronic lung disease,bronchiectasis,0.8359375,0,Qwen3-VL-8B-Instruct-RLVR_aligned
pulmonary emphysema,calcinosis,0.06591796875,0,Qwen3-VL-8B-Instruct-RLVR_aligned
pulmonary emphysema,calcinosis,0.373046875,0,Qwen3-VL-8B-Instruct-RLVR_aligned
pulmonary emphysema,calcinosis,0.427734375,1,Qwen3-VL-8B-Instruct-RLVR_aligned
normal,normal,0.0177001953125,0,Qwen3-VL-8B-Instruct-RLVR_aligned
normal,normal,0.0177001953125,0,Qwen3-VL-8B-Instruct-RLVR_aligned
normal,normal,0.0177001953125,0,Qwen3-VL-8B-Instruct-RLVR_aligned
calcinosis,calcinosis,0.12060546875,0,Qwen3-VL-8B-Instruct-RLVR_aligned
calcinosis,calcinosis,0.21484375,0,Qwen3-VL-8B-Instruct-RLVR_aligned
calcinosis,calcinosis,0.279296875,0,Qwen3-VL-8B-Instruct-RLVR_aligned
calcinosis,calcinosis,0.12060546875,0,Qwen3-VL-8B-Instruct-RLVR_aligned
calcinosis,calcinosis,0.21484375,0,Qwen3-VL-8B-Instruct-RLVR_aligned
calcinosis,calcinosis,0.279296875,0,Qwen3-VL-8B-Instruct-RLVR_aligned
pulmonary opacity,pulmonary opacity,0.154296875,0,Qwen3-VL-8B-Instruct-RLVR_aligned
pulmonary opacity,pulmonary opacity,0.87890625,1,Qwen3-VL-8B-Instruct-RLVR_aligned
pulmonary opacity,pulmonary opacity,0.99609375,1,Qwen3-VL-8B-Instruct-RLVR_aligned
pulmonary opacity,pulmonary opacity,0.6953125,1,Qwen3-VL-8B-Instruct-RLVR_aligned
normal,normal,0.0177001953125,0,Qwen3-VL-8B-Instruct-RLVR_aligned
elevated diaphragm,elevated diaphragm in diaphragm,0.150390625,0,Qwen3-VL-8B-Instruct-RLVR_aligned
elevated diaphragm,elevated diaphragm in diaphragm,0.80859375,0,Qwen3-VL-8B-Instruct-RLVR_aligned
elevated diaphragm,elevated diaphragm in diaphragm,0.71875,0,Qwen3-VL-8B-Instruct-RLVR_aligned
elevated diaphragm,elevated diaphragm in diaphragm,1.0,0,Qwen3-VL-8B-Instruct-RLVR_aligned
elevated diaphragm,elevated diaphragm in diaphragm,0.9765625,0,Qwen3-VL-8B-Instruct-RLVR_aligned
elevated diaphragm,elevated diaphragm in diaphragm,0.17578125,0,Qwen3-VL-8B-Instruct-RLVR_aligned
elevated diaphragm,elevated diaphragm in diaphragm,0.2236328125,0,Qwen3-VL-8B-Instruct-RLVR_aligned
elevated diaphragm,elevated diaphragm in diaphragm,0.9375,0,Qwen3-VL-8B-Instruct-RLVR_aligned
elevated diaphragm,elevated diaphragm in diaphragm,0.75390625,0,Qwen3-VL-8B-Instruct-RLVR_aligned
elevated diaphragm,elevated diaphragm in diaphragm,0.490234375,0,Qwen3-VL-8B-Instruct-RLVR_aligned
atherosclerosis,atherosclerosis,0.2294921875,0,Qwen3-VL-8B-Instruct-RLVR_aligned
atherosclerosis,atherosclerosis,0.8828125,1,Qwen3-VL-8B-Instruct-RLVR_aligned
atherosclerosis,atherosclerosis,0.7890625,1,Qwen3-VL-8B-Instruct-RLVR_aligned
normal,normal,0.0177001953125,0,Qwen3-VL-8B-Instruct-RLVR_aligned
normal,normal,0.0177001953125,0,Qwen3-VL-8B-Instruct-RLVR_aligned
pulmonary atelectasis,streaky opacity in opacity,0.1806640625,0,Qwen3-VL-8B-Instruct-RLVR_aligned
pulmonary atelectasis,streaky opacity in opacity,0.07080078125,0,Qwen3-VL-8B-Instruct-RLVR_aligned
pulmonary atelectasis,streaky opacity in opacity,0.84765625,1,Qwen3-VL-8B-Instruct-RLVR_aligned
pulmonary atelectasis,streaky opacity in opacity,0.357421875,0,Qwen3-VL-8B-Instruct-RLVR_aligned
pulmonary atelectasis,streaky opacity in opacity,0.193359375,1,Qwen3-VL-8B-Instruct-RLVR_aligned
pulmonary atelectasis,streaky opacity in opacity,0.384765625,0,Qwen3-VL-8B-Instruct-RLVR_aligned
elevated diaphragm in di,elevated diaphragm in diaphragm,0.07080078125,0,Qwen3-VL-8B-Instruct-RLVR_aligned
elevated diaphragm in di,elevated diaphragm in diaphragm,0.828125,0,Qwen3-VL-8B-Instruct-RLVR_aligned
elevated diaphragm in di,elevated diaphragm in diaphragm,0.52734375,0,Qwen3-VL-8B-Instruct-RLVR_aligned
elevated diaphragm in di,elevated diaphragm in diaphragm,1.0,0,Qwen3-VL-8B-Instruct-RLVR_aligned
elevated diaphragm in di,elevated diaphragm in diaphragm,0.99609375,0,Qwen3-VL-8B-Instruct-RLVR_aligned
elevated diaphragm in di,elevated diaphragm in diaphragm,0.78125,0,Qwen3-VL-8B-Instruct-RLVR_aligned
elevated diaphragm in di,elevated diaphragm in diaphragm,0.20703125,0,Qwen3-VL-8B-Instruct-RLVR_aligned
elevated diaphragm in di,elevated diaphragm in diaphragm,0.98828125,0,Qwen3-VL-8B-Instruct-RLVR_aligned
elevated diaphragm in di,elevated diaphragm in diaphragm,0.5,0,Qwen3-VL-8B-Instruct-RLVR_aligned
elevated diaphragm in di,elevated diaphragm in diaphragm,0.275390625,0,Qwen3-VL-8B-Instruct-RLVR_aligned
normal,normal,0.0177001953125,0,Qwen3-VL-8B-Instruct-RLVR_aligned
"pulmonary disease, chronic obstruct",lung hyperdistention in lung,1.0,0,Qwen3-VL-8B-Instruct-RLVR_aligned
"pulmonary disease, chronic obstruct",lung hyperdistention in lung,0.58984375,0,Qwen3-VL-8B-Instruct-RLVR_aligned
"pulmonary disease, chronic obstruct",lung hyperdistention in lung,0.83984375,0,Qwen3-VL-8B-Instruct-RLVR_aligned
"pulmonary disease, chronic obstruct",lung hyperdistention in lung,0.87109375,1,Qwen3-VL-8B-Instruct-RLVR_aligned
"pulmonary disease, chronic obstruct",lung hyperdistention in lung,0.61328125,0,Qwen3-VL-8B-Instruct-RLVR_aligned
"pulmonary disease, chronic obstruct",lung hyperdistention in lung,0.1005859375,0,Qwen3-VL-8B-Instruct-RLVR_aligned
cardiomegaly,cardiomegaly,0.66796875,0,Qwen3-VL-8B-Instruct-RLVR_aligned
cardiomegaly,cardiomegaly,0.734375,0,Qwen3-VL-8B-Instruct-RLVR_aligned
cardiomegaly,cardiomegaly,0.73046875,0,Qwen3-VL-8B-Instruct-RLVR_aligned
cardiomegaly,cardiomegaly,0.9453125,0,Qwen3-VL-8B-Instruct-RLVR_aligned
cardiomegaly,cardiomegaly,0.1318359375,0,Qwen3-VL-8B-Instruct-RLVR_aligned
calcinosis,calcinosis,0.12060546875,0,Qwen3-VL-8B-Instruct-RLVR_aligned
calcinosis,calcinosis,0.21484375,0,Qwen3-VL-8B-Instruct-RLVR_aligned
calcinosis,calcinosis,0.279296875,0,Qwen3-VL-8B-Instruct-RLVR_aligned
normal,normal,0.0177001953125,0,Qwen3-VL-8B-Instruct-RLVR_aligned
pulmonary congestion,lung hypoinflation in lung,0.1982421875,0,Qwen3-VL-8B-Instruct-RLVR_aligned
pulmonary congestion,lung hypoinflation in lung,0.640625,0,Qwen3-VL-8B-Instruct-RLVR_aligned
pulmonary congestion,lung hypoinflation in lung,0.38671875,0,Qwen3-VL-8B-Instruct-RLVR_aligned
pulmonary congestion,lung hypoinflation in lung,0.91796875,1,Qwen3-VL-8B-Instruct-RLVR_aligned
pulmonary congestion,lung hypoinflation in lung,0.2216796875,0,Qwen3-VL-8B-Instruct-RLVR_aligned
pulmonary congestion,lung hypoinflation in lung,0.185546875,0,Qwen3-VL-8B-Instruct-RLVR_aligned
pulmonary opacity,patchy opacity in opacity,0.154296875,0,Qwen3-VL-8B-Instruct-RLVR_aligned
pulmonary opacity,patchy opacity in opacity,0.71484375,1,Qwen3-VL-8B-Instruct-RLVR_aligned
pulmonary opacity,patchy opacity in opacity,0.609375,0,Qwen3-VL-8B-Instruct-RLVR_aligned
pulmonary opacity,patchy opacity in opacity,0.2490234375,1,Qwen3-VL-8B-Instruct-RLVR_aligned
pulmonary opacity,patchy opacity in opacity,0.30078125,0,Qwen3-VL-8B-Instruct-RLVR_aligned
calcinosis,calcinosis,0.12060546875,0,Qwen3-VL-8B-Instruct-RLVR_aligned
calcinosis,calcinosis,0.21484375,0,Qwen3-VL-8B-Instruct-RLVR_aligned
calcinosis,calcinosis,0.279296875,0,Qwen3-VL-8B-Instruct-RLVR_aligned
indwelling catheter,normal,0.123046875,0,Qwen3-VL-8B-Instruct-RLVR_aligned
normal,normal,0.0177001953125,0,Qwen3-VL-8B-Instruct-RLVR_aligned
cardiomegaly,calcinosis,0.66796875,0,Qwen3-VL-8B-Instruct-RLVR_aligned
cardiomegaly,calcinosis,0.34765625,0,Qwen3-VL-8B-Instruct-RLVR_aligned
cardiomegaly,calcinosis,0.546875,1,Qwen3-VL-8B-Instruct-RLVR_aligned
normal,normal,0.0177001953125,0,Qwen3-VL-8B-Instruct-RLVR_aligned
normal,normal,0.0177001953125,0,Qwen3-VL-8B-Instruct-RLVR_aligned
calcinosis,calcinosis,0.12060546875,0,Qwen3-VL-8B-Instruct-RLVR_aligned
calcinosis,calcinosis,0.21484375,0,Qwen3-VL-8B-Instruct-RLVR_aligned
calcinosis,calcinosis,0.279296875,0,Qwen3-VL-8B-Instruct-RLVR_aligned
normal,normal,0.0177001953125,0,Qwen3-VL-8B-Instruct-RLVR_aligned
pneumothorax,pleural effusion,0.1875,0,Qwen3-VL-8B-Instruct-RLVR_aligned
pneumothorax,pleural effusion,0.859375,1,Qwen3-VL-8B-Instruct-RLVR_aligned
pneumothorax,pleural effusion,0.91796875,1,Qwen3-VL-8B-Instruct-RLVR_aligned
pneumothorax,pleural effusion,0.9296875,1,Qwen3-VL-8B-Instruct-RLVR_aligned
calcinosis,cardiomegaly,0.12109375,0,Qwen3-VL-8B-Instruct-RLVR_aligned
calcinosis,cardiomegaly,0.9921875,0,Qwen3-VL-8B-Instruct-RLVR_aligned
calcinosis,cardiomegaly,0.58984375,0,Qwen3-VL-8B-Instruct-RLVR_aligned
calcinosis,cardiomegaly,0.408203125,0,Qwen3-VL-8B-Instruct-RLVR_aligned
calcinosis,cardiomegaly,0.11083984375,0,Qwen3-VL-8B-Instruct-RLVR_aligned
pulmonary atelectasis,"pulmonary disease, chronic obstructive",0.1806640625,0,Qwen3-VL-8B-Instruct-RLVR_aligned
pulmonary atelectasis,"pulmonary disease, chronic obstructive",0.9375,1,Qwen3-VL-8B-Instruct-RLVR_aligned
pulmonary atelectasis,"pulmonary disease, chronic obstructive",0.9921875,1,Qwen3-VL-8B-Instruct-RLVR_aligned
pulmonary atelectasis,"pulmonary disease, chronic obstructive",0.88671875,0,Qwen3-VL-8B-Instruct-RLVR_aligned
pulmonary atelectasis,"pulmonary disease, chronic obstructive",0.11279296875,0,Qwen3-VL-8B-Instruct-RLVR_aligned
pulmonary atelectasis,"pulmonary disease, chronic obstructive",0.2119140625,0,Qwen3-VL-8B-Instruct-RLVR_aligned
pulmonary atelectasis,"pulmonary disease, chronic obstructive",0.98828125,1,Qwen3-VL-8B-Instruct-RLVR_aligned
pulmonary atelectasis,"pulmonary disease, chronic obstructive",0.95703125,1,Qwen3-VL-8B-Instruct-RLVR_aligned
pulmonary nodule,bilateral abnormality in nodule,0.0986328125,0,Qwen3-VL-8B-Instruct-RLVR_aligned
pulmonary nodule,bilateral abnormality in nodule,0.09375,0,Qwen3-VL-8B-Instruct-RLVR_aligned
pulmonary nodule,bilateral abnormality in nodule,0.38671875,0,Qwen3-VL-8B-Instruct-RLVR_aligned
pulmonary nodule,bilateral abnormality in nodule,0.1357421875,0,Qwen3-VL-8B-Instruct-RLVR_aligned
pulmonary nodule,bilateral abnormality in nodule,0.134765625,0,Qwen3-VL-8B-Instruct-RLVR_aligned
pulmonary nodule,bilateral abnormality in nodule,0.78515625,0,Qwen3-VL-8B-Instruct-RLVR_aligned
pulmonary nodule,bilateral abnormality in nodule,0.5078125,1,Qwen3-VL-8B-Instruct-RLVR_aligned
cardiomegaly,cardiomegaly,0.66796875,0,Qwen3-VL-8B-Instruct-RLVR_aligned
cardiomegaly,cardiomegaly,0.734375,0,Qwen3-VL-8B-Instruct-RLVR_aligned
cardiomegaly,cardiomegaly,0.73046875,0,Qwen3-VL-8B-Instruct-RLVR_aligned
cardiomegaly,cardiomegaly,0.9453125,0,Qwen3-VL-8B-Instruct-RLVR_aligned
cardiomegaly,cardiomegaly,0.1318359375,0,Qwen3-VL-8B-Instruct-RLVR_aligned
pulmonary atelectasis,pulmonary atelectasis,0.1806640625,0,Qwen3-VL-8B-Instruct-RLVR_aligned
pulmonary atelectasis,pulmonary atelectasis,0.9375,1,Qwen3-VL-8B-Instruct-RLVR_aligned
pulmonary atelectasis,pulmonary atelectasis,0.9921875,1,Qwen3-VL-8B-Instruct-RLVR_aligned
pulmonary atelectasis,pulmonary atelectasis,0.88671875,1,Qwen3-VL-8B-Instruct-RLVR_aligned
pulmonary atelectasis,pulmonary atelectasis,1.0,1,Qwen3-VL-8B-Instruct-RLVR_aligned
pulmonary atelectasis,pulmonary atelectasis,0.9375,1,Qwen3-VL-8B-Instruct-RLVR_aligned
osteoporosis,degenerative change in thoracic vertebrae,0.1708984375,0,Qwen3-VL-8B-Instruct-RLVR_aligned
osteoporosis,degenerative change in thoracic vertebrae,0.0615234375,0,Qwen3-VL-8B-Instruct-RLVR_aligned
osteoporosis,degenerative change in thoracic vertebrae,0.89453125,1,Qwen3-VL-8B-Instruct-RLVR_aligned
osteoporosis,degenerative change in thoracic vertebrae,0.318359375,0,Qwen3-VL-8B-Instruct-RLVR_aligned
osteoporosis,degenerative change in thoracic vertebrae,0.265625,1,Qwen3-VL-8B-Instruct-RLVR_aligned
osteoporosis,degenerative change in thoracic vertebrae,0.6953125,0,Qwen3-VL-8B-Instruct-RLVR_aligned
osteoporosis,degenerative change in thoracic vertebrae,0.890625,1,Qwen3-VL-8B-Instruct-RLVR_aligned
osteoporosis,degenerative change in thoracic vertebrae,0.84765625,0,Qwen3-VL-8B-Instruct-RLVR_aligned
osteoporosis,degenerative change in thoracic vertebrae,0.9609375,1,Qwen3-VL-8B-Instruct-RLVR_aligned
osteoporosis,degenerative change in thoracic vertebrae,0.82421875,1,Qwen3-VL-8B-Instruct-RLVR_aligned
normal,normal,0.0177001953125,0,Qwen3-VL-8B-Instruct-RLVR_aligned
scoliosis,deformity,0.150390625,0,Qwen3-VL-8B-Instruct-RLVR_aligned
scoliosis,deformity,0.4296875,1,Qwen3-VL-8B-Instruct-RLVR_aligned
scoliosis,deformity,0.89453125,1,Qwen3-VL-8B-Instruct-RLVR_aligned
granuloma,pulmonary nodule,0.10791015625,0,Qwen3-VL-8B-Instruct-RLVR_aligned
granuloma,pulmonary nodule,0.291015625,0,Qwen3-VL-8B-Instruct-RLVR_aligned
granuloma,pulmonary nodule,0.58984375,0,Qwen3-VL-8B-Instruct-RLVR_aligned
granuloma,pulmonary nodule,0.8671875,0,Qwen3-VL-8B-Instruct-RLVR_aligned
granuloma,pulmonary nodule,0.11962890625,0,Qwen3-VL-8B-Instruct-RLVR_aligned
normal,normal,0.0177001953125,0,Qwen3-VL-8B-Instruct-RLVR_aligned
normal,normal,0.0177001953125,0,Qwen3-VL-8B-Instruct-RLVR_aligned
normal,normal,0.0177001953125,0,Qwen3-VL-8B-Instruct-RLVR_aligned
osteophyte,bilateral abnormality in calcified granuloma,0.087890625,0,Qwen3-VL-8B-Instruct-RLVR_aligned
osteophyte,bilateral abnormality in calcified granuloma,0.058837890625,0,Qwen3-VL-8B-Instruct-RLVR_aligned
osteophyte,bilateral abnormality in calcified granuloma,0.07275390625,0,Qwen3-VL-8B-Instruct-RLVR_aligned
osteophyte,bilateral abnormality in calcified granuloma,0.51171875,1,Qwen3-VL-8B-Instruct-RLVR_aligned
osteophyte,bilateral abnormality in calcified granuloma,0.1416015625,0,Qwen3-VL-8B-Instruct-RLVR_aligned
osteophyte,bilateral abnormality in calcified granuloma,0.484375,0,Qwen3-VL-8B-Instruct-RLVR_aligned
osteophyte,bilateral abnormality in calcified granuloma,0.494140625,0,Qwen3-VL-8B-Instruct-RLVR_aligned
osteophyte,bilateral abnormality in calcified granuloma,0.08740234375,0,Qwen3-VL-8B-Instruct-RLVR_aligned
osteophyte,bilateral abnormality in calcified granuloma,0.9453125,1,Qwen3-VL-8B-Instruct-RLVR_aligned
osteophyte,bilateral abnormality in calcified granuloma,0.65625,1,Qwen3-VL-8B-Instruct-RLVR_aligned
cardiomegaly,cardiomegaly,0.66796875,0,Qwen3-VL-8B-Instruct-RLVR_aligned
cardiomegaly,cardiomegaly,0.734375,0,Qwen3-VL-8B-Instruct-RLVR_aligned
cardiomegaly,cardiomegaly,0.73046875,0,Qwen3-VL-8B-Instruct-RLVR_aligned
cardiomegaly,cardiomegaly,0.9453125,0,Qwen3-VL-8B-Instruct-RLVR_aligned
cardiomegaly,cardiomegaly,0.1318359375,0,Qwen3-VL-8B-Instruct-RLVR_aligned
spondylosis,spondylosis,0.8359375,0,Qwen3-VL-8B-Instruct-RLVR_aligned
spondylosis,spondylosis,0.984375,0,Qwen3-VL-8B-Instruct-RLVR_aligned
spondylosis,spondylosis,0.99609375,0,Qwen3-VL-8B-Instruct-RLVR_aligned
spondylosis,spondylosis,0.82421875,0,Qwen3-VL-8B-Instruct-RLVR_aligned
spondylosis,spondylosis,0.15234375,0,Qwen3-VL-8B-Instruct-RLVR_aligned
atherosclerosis,atherosclerosis,0.2294921875,0,Qwen3-VL-8B-Instruct-RLVR_aligned
atherosclerosis,atherosclerosis,0.8828125,1,Qwen3-VL-8B-Instruct-RLVR_aligned
atherosclerosis,atherosclerosis,0.7890625,1,Qwen3-VL-8B-Instruct-RLVR_aligned
pulmonary atelectasis,pulmonary atelectasis,0.1806640625,0,Qwen3-VL-8B-Instruct-RLVR_aligned
pulmonary atelectasis,pulmonary atelectasis,0.9375,1,Qwen3-VL-8B-Instruct-RLVR_aligned
pulmonary atelectasis,pulmonary atelectasis,0.9921875,1,Qwen3-VL-8B-Instruct-RLVR_aligned
pulmonary atelectasis,pulmonary atelectasis,0.88671875,1,Qwen3-VL-8B-Instruct-RLVR_aligned
pulmonary atelectasis,pulmonary atelectasis,1.0,1,Qwen3-VL-8B-Instruct-RLVR_aligned
pulmonary atelectasis,pulmonary atelectasis,0.9375,1,Qwen3-VL-8B-Instruct-RLVR_aligned
pleural effusion,pleural effusion,0.2412109375,0,Qwen3-VL-8B-Instruct-RLVR_aligned
pleural effusion,pleural effusion,0.953125,1,Qwen3-VL-8B-Instruct-RLVR_aligned
pleural effusion,pleural effusion,0.9765625,1,Qwen3-VL-8B-Instruct-RLVR_aligned
pleural effusion,pleural effusion,0.9296875,1,Qwen3-VL-8B-Instruct-RLVR_aligned
normal,normal,0.0177001953125,0,Qwen3-VL-8B-Instruct-RLVR_aligned
"pulmonary disease, chronic obstruct",emphysema,1.0,0,Qwen3-VL-8B-Instruct-RLVR_aligned
"pulmonary disease, chronic obstruct",emphysema,0.765625,0,Qwen3-VL-8B-Instruct-RLVR_aligned
"pulmonary disease, chronic obstruct",emphysema,0.75,1,Qwen3-VL-8B-Instruct-RLVR_aligned
"pulmonary disease, chronic obstruct",emphysema,0.91796875,1,Qwen3-VL-8B-Instruct-RLVR_aligned
normal,normal,0.0177001953125,0,Qwen3-VL-8B-Instruct-RLVR_aligned
pulmonary atelectasis,patchy opacity in opacity,0.1884765625,0,Qwen3-VL-8B-Instruct-RLVR_aligned
pulmonary atelectasis,patchy opacity in opacity,0.91015625,1,Qwen3-VL-8B-Instruct-RLVR_aligned
pulmonary atelectasis,patchy opacity in opacity,0.2236328125,0,Qwen3-VL-8B-Instruct-RLVR_aligned
pulmonary atelectasis,patchy opacity in opacity,0.1279296875,1,Qwen3-VL-8B-Instruct-RLVR_aligned
pulmonary atelectasis,patchy opacity in opacity,0.41796875,0,Qwen3-VL-8B-Instruct-RLVR_aligned
scoliosis,scoliosis,1.0,0,Qwen3-VL-8B-Instruct-RLVR_aligned
scoliosis,scoliosis,0.2421875,0,Qwen3-VL-8B-Instruct-RLVR_aligned
scoliosis,scoliosis,0.4140625,1,Qwen3-VL-8B-Instruct-RLVR_aligned
pneumothorax,pleural effusion,0.1875,0,Qwen3-VL-8B-Instruct-RLVR_aligned
pneumothorax,pleural effusion,0.859375,1,Qwen3-VL-8B-Instruct-RLVR_aligned
pneumothorax,pleural effusion,0.91796875,1,Qwen3-VL-8B-Instruct-RLVR_aligned
pneumothorax,pleural effusion,0.9296875,1,Qwen3-VL-8B-Instruct-RLVR_aligned
normal,normal,0.0177001953125,0,Qwen3-VL-8B-Instruct-RLVR_aligned
tortuous vessel in a,"tortuous vessel in aorta, thoracic",0.546875,0,Qwen3-VL-8B-Instruct-RLVR_aligned
tortuous vessel in a,"tortuous vessel in aorta, thoracic",0.298828125,0,Qwen3-VL-8B-Instruct-RLVR_aligned
tortuous vessel in a,"tortuous vessel in aorta, thoracic",0.455078125,0,Qwen3-VL-8B-Instruct-RLVR_aligned
tortuous vessel in a,"tortuous vessel in aorta, thoracic",0.87890625,0,Qwen3-VL-8B-Instruct-RLVR_aligned
tortuous vessel in a,"tortuous vessel in aorta, thoracic",0.4453125,0,Qwen3-VL-8B-Instruct-RLVR_aligned
tortuous vessel in a,"tortuous vessel in aorta, thoracic",0.302734375,0,Qwen3-VL-8B-Instruct-RLVR_aligned
tortuous vessel in a,"tortuous vessel in aorta, thoracic",0.2451171875,0,Qwen3-VL-8B-Instruct-RLVR_aligned
tortuous vessel in a,"tortuous vessel in aorta, thoracic",0.11083984375,0,Qwen3-VL-8B-Instruct-RLVR_aligned
tortuous vessel in a,"tortuous vessel in aorta, thoracic",0.94921875,0,Qwen3-VL-8B-Instruct-RLVR_aligned
tortuous vessel in a,"tortuous vessel in aorta, thoracic",0.8125,0,Qwen3-VL-8B-Instruct-RLVR_aligned
hernia,"hernia, hiatal",0.0498046875,0,Qwen3-VL-8B-Instruct-RLVR_aligned
hernia,"hernia, hiatal",0.462890625,0,Qwen3-VL-8B-Instruct-RLVR_aligned
hernia,"hernia, hiatal",0.1630859375,0,Qwen3-VL-8B-Instruct-RLVR_aligned
hernia,"hernia, hiatal",0.0849609375,0,Qwen3-VL-8B-Instruct-RLVR_aligned
hernia,"hernia, hiatal",0.58203125,0,Qwen3-VL-8B-Instruct-RLVR_aligned
hernia,"hernia, hiatal",0.8828125,0,Qwen3-VL-8B-Instruct-RLVR_aligned
normal,normal,0.0177001953125,0,Qwen3-VL-8B-Instruct-RLVR_aligned
pulmonary emphysema,pneumothorax,0.09228515625,0,Qwen3-VL-8B-Instruct-RLVR_aligned
pulmonary emphysema,pneumothorax,0.828125,0,Qwen3-VL-8B-Instruct-RLVR_aligned
pulmonary emphysema,pneumothorax,0.45703125,0,Qwen3-VL-8B-Instruct-RLVR_aligned
pulmonary emphysema,pneumothorax,0.99609375,0,Qwen3-VL-8B-Instruct-RLVR_aligned
pulmonary emphysema,pneumothorax,0.99609375,0,Qwen3-VL-8B-Instruct-RLVR_aligned
pulmonary emphysema,pneumothorax,0.16015625,0,Qwen3-VL-8B-Instruct-RLVR_aligned
normal,normal,0.0177001953125,0,Qwen3-VL-8B-Instruct-RLVR_aligned
patchy opacity,pneumonia,0.2890625,0,Qwen3-VL-8B-Instruct-RLVR_aligned
patchy opacity,pneumonia,0.2099609375,0,Qwen3-VL-8B-Instruct-RLVR_aligned
patchy opacity,pneumonia,0.953125,1,Qwen3-VL-8B-Instruct-RLVR_aligned
patchy opacity,pneumonia,0.7890625,1,Qwen3-VL-8B-Instruct-RLVR_aligned
degenerative change in thor,normal,0.1474609375,0,Qwen3-VL-8B-Instruct-RLVR_aligned
normal,normal,0.0177001953125,0,Qwen3-VL-8B-Instruct-RLVR_aligned
pulmonary edema,pulmonary edema,0.267578125,0,Qwen3-VL-8B-Instruct-RLVR_aligned
pulmonary edema,pulmonary edema,0.99609375,0,Qwen3-VL-8B-Instruct-RLVR_aligned
pulmonary edema,pulmonary edema,0.9453125,0,Qwen3-VL-8B-Instruct-RLVR_aligned
pulmonary edema,pulmonary edema,0.9140625,0,Qwen3-VL-8B-Instruct-RLVR_aligned
pulmonary edema,pulmonary edema,0.2099609375,0,Qwen3-VL-8B-Instruct-RLVR_aligned
normal,normal,0.0177001953125,0,Qwen3-VL-8B-Instruct-RLVR_aligned
cardiomegaly,cardiomegaly,0.66796875,0,Qwen3-VL-8B-Instruct-RLVR_aligned
cardiomegaly,cardiomegaly,0.734375,0,Qwen3-VL-8B-Instruct-RLVR_aligned
cardiomegaly,cardiomegaly,0.73046875,0,Qwen3-VL-8B-Instruct-RLVR_aligned
cardiomegaly,cardiomegaly,0.9453125,0,Qwen3-VL-8B-Instruct-RLVR_aligned
cardiomegaly,cardiomegaly,0.1318359375,0,Qwen3-VL-8B-Instruct-RLVR_aligned
pulmonary atelectasis,lung hypoinflation in lung,0.1806640625,0,Qwen3-VL-8B-Instruct-RLVR_aligned
pulmonary atelectasis,lung hypoinflation in lung,0.1416015625,0,Qwen3-VL-8B-Instruct-RLVR_aligned
pulmonary atelectasis,lung hypoinflation in lung,0.96484375,1,Qwen3-VL-8B-Instruct-RLVR_aligned
pulmonary atelectasis,lung hypoinflation in lung,0.92578125,1,Qwen3-VL-8B-Instruct-RLVR_aligned
pulmonary atelectasis,lung hypoinflation in lung,0.20703125,0,Qwen3-VL-8B-Instruct-RLVR_aligned
pulmonary atelectasis,lung hypoinflation in lung,0.2060546875,0,Qwen3-VL-8B-Instruct-RLVR_aligned
pulmonary atelectasis,cardiomegaly,0.28125,0,Qwen3-VL-8B-Instruct-RLVR_aligned
pulmonary atelectasis,cardiomegaly,0.228515625,0,Qwen3-VL-8B-Instruct-RLVR_aligned
pulmonary atelectasis,cardiomegaly,0.65234375,1,Qwen3-VL-8B-Instruct-RLVR_aligned
pulmonary atelectasis,cardiomegaly,1.0,1,Qwen3-VL-8B-Instruct-RLVR_aligned
pulmonary atelectasis,cardiomegaly,0.98046875,1,Qwen3-VL-8B-Instruct-RLVR_aligned
normal,normal,0.0177001953125,0,Qwen3-VL-8B-Instruct-RLVR_aligned
cardiomegaly,cardiomegaly,0.66796875,0,Qwen3-VL-8B-Instruct-RLVR_aligned
cardiomegaly,cardiomegaly,0.734375,0,Qwen3-VL-8B-Instruct-RLVR_aligned
cardiomegaly,cardiomegaly,0.73046875,0,Qwen3-VL-8B-Instruct-RLVR_aligned
cardiomegaly,cardiomegaly,0.9453125,0,Qwen3-VL-8B-Instruct-RLVR_aligned
cardiomegaly,cardiomegaly,0.1318359375,0,Qwen3-VL-8B-Instruct-RLVR_aligned
normal,normal,0.0177001953125,0,Qwen3-VL-8B-Instruct-RLVR_aligned
bilateral abnormality in opacity,pulmonary emphysema,0.1875,0,Qwen3-VL-8B-Instruct-RLVR_aligned
bilateral abnormality in opacity,pulmonary emphysema,0.12109375,0,Qwen3-VL-8B-Instruct-RLVR_aligned
bilateral abnormality in opacity,pulmonary emphysema,0.98828125,1,Qwen3-VL-8B-Instruct-RLVR_aligned
bilateral abnormality in opacity,pulmonary emphysema,0.251953125,0,Qwen3-VL-8B-Instruct-RLVR_aligned
bilateral abnormality in opacity,pulmonary emphysema,0.99609375,1,Qwen3-VL-8B-Instruct-RLVR_aligned
bilateral abnormality in opacity,pulmonary emphysema,0.984375,1,Qwen3-VL-8B-Instruct-RLVR_aligned
bilateral abnormality in opacity,pulmonary emphysema,0.984375,1,Qwen3-VL-8B-Instruct-RLVR_aligned
degenerative change in spine,degenerative change in spine,0.5078125,0,Qwen3-VL-8B-Instruct-RLVR_aligned
degenerative change in spine,degenerative change in spine,0.0654296875,0,Qwen3-VL-8B-Instruct-RLVR_aligned
degenerative change in spine,degenerative change in spine,0.828125,0,Qwen3-VL-8B-Instruct-RLVR_aligned
degenerative change in spine,degenerative change in spine,0.431640625,1,Qwen3-VL-8B-Instruct-RLVR_aligned
degenerative change in spine,degenerative change in spine,0.91015625,1,Qwen3-VL-8B-Instruct-RLVR_aligned
degenerative change in spine,degenerative change in spine,0.470703125,0,Qwen3-VL-8B-Instruct-RLVR_aligned
normal,normal,0.0177001953125,0,Qwen3-VL-8B-Instruct-RLVR_aligned
degenerative change in spine,degenerative change in spine,0.5078125,0,Qwen3-VL-8B-Instruct-RLVR_aligned
degenerative change in spine,degenerative change in spine,0.0654296875,0,Qwen3-VL-8B-Instruct-RLVR_aligned
degenerative change in spine,degenerative change in spine,0.828125,0,Qwen3-VL-8B-Instruct-RLVR_aligned
degenerative change in spine,degenerative change in spine,0.431640625,1,Qwen3-VL-8B-Instruct-RLVR_aligned
degenerative change in spine,degenerative change in spine,0.91015625,1,Qwen3-VL-8B-Instruct-RLVR_aligned
degenerative change in spine,degenerative change in spine,0.470703125,0,Qwen3-VL-8B-Instruct-RLVR_aligned
hiatal hernia,"hernia, hiatal",0.12255859375,0,Qwen3-VL-8B-Instruct-RLVR_aligned
hiatal hernia,"hernia, hiatal",0.92578125,0,Qwen3-VL-8B-Instruct-RLVR_aligned
hiatal hernia,"hernia, hiatal",0.1474609375,0,Qwen3-VL-8B-Instruct-RLVR_aligned
hiatal hernia,"hernia, hiatal",0.1005859375,0,Qwen3-VL-8B-Instruct-RLVR_aligned
hiatal hernia,"hernia, hiatal",0.9921875,0,Qwen3-VL-8B-Instruct-RLVR_aligned
hiatal hernia,"hernia, hiatal",0.98046875,0,Qwen3-VL-8B-Instruct-RLVR_aligned
normal,normal,0.0177001953125,0,Qwen3-VL-8B-Instruct-RLVR_aligned
interstitial pattern in lung,interstitial pattern in markings,0.23828125,0,Qwen3-VL-8B-Instruct-RLVR_aligned
interstitial pattern in lung,interstitial pattern in markings,0.953125,1,Qwen3-VL-8B-Instruct-RLVR_aligned
interstitial pattern in lung,interstitial pattern in markings,0.80078125,1,Qwen3-VL-8B-Instruct-RLVR_aligned
interstitial pattern in lung,interstitial pattern in markings,0.91015625,1,Qwen3-VL-8B-Instruct-RLVR_aligned
interstitial pattern in lung,interstitial pattern in markings,0.93359375,0,Qwen3-VL-8B-Instruct-RLVR_aligned
normal,normal,0.0177001953125,0,Qwen3-VL-8B-Instruct-RLVR_aligned
normal,normal,0.0177001953125,0,Qwen3-VL-8B-Instruct-RLVR_aligned
cardiomegaly,cardiomegaly,0.66796875,0,Qwen3-VL-8B-Instruct-RLVR_aligned
cardiomegaly,cardiomegaly,0.734375,0,Qwen3-VL-8B-Instruct-RLVR_aligned
cardiomegaly,cardiomegaly,0.73046875,0,Qwen3-VL-8B-Instruct-RLVR_aligned
cardiomegaly,cardiomegaly,0.9453125,0,Qwen3-VL-8B-Instruct-RLVR_aligned
cardiomegaly,cardiomegaly,0.1318359375,0,Qwen3-VL-8B-Instruct-RLVR_aligned
calcified granuloma,cardiomegaly,0.89453125,0,Qwen3-VL-8B-Instruct-RLVR_aligned
calcified granuloma,cardiomegaly,0.19921875,0,Qwen3-VL-8B-Instruct-RLVR_aligned
calcified granuloma,cardiomegaly,0.53515625,0,Qwen3-VL-8B-Instruct-RLVR_aligned
calcified granuloma,cardiomegaly,0.8515625,1,Qwen3-VL-8B-Instruct-RLVR_aligned
calcified granuloma,cardiomegaly,0.97265625,1,Qwen3-VL-8B-Instruct-RLVR_aligned
tortuous vessel,tortuous vessel in aorta,0.1357421875,0,Qwen3-VL-8B-Instruct-RLVR_aligned
tortuous vessel,tortuous vessel in aorta,0.14453125,0,Qwen3-VL-8B-Instruct-RLVR_aligned
tortuous vessel,tortuous vessel in aorta,0.671875,1,Qwen3-VL-8B-Instruct-RLVR_aligned
tortuous vessel,tortuous vessel in aorta,0.328125,1,Qwen3-VL-8B-Instruct-RLVR_aligned
tortuous vessel,tortuous vessel in aorta,0.09716796875,0,Qwen3-VL-8B-Instruct-RLVR_aligned
tortuous vessel,tortuous vessel in aorta,0.396484375,0,Qwen3-VL-8B-Instruct-RLVR_aligned
tortuous vessel,tortuous vessel in aorta,0.32421875,1,Qwen3-VL-8B-Instruct-RLVR_aligned
osteophyte,osteophyte,0.09814453125,0,Qwen3-VL-8B-Instruct-RLVR_aligned
osteophyte,osteophyte,0.6953125,1,Qwen3-VL-8B-Instruct-RLVR_aligned
osteophyte,osteophyte,0.98046875,1,Qwen3-VL-8B-Instruct-RLVR_aligned
normal,normal,0.0177001953125,0,Qwen3-VL-8B-Instruct-RLVR_aligned
degenerative change in thor,degenerative change in thoracic vertebrae,0.13671875,0,Qwen3-VL-8B-Instruct-RLVR_aligned
degenerative change in thor,degenerative change in thoracic vertebrae,0.0966796875,0,Qwen3-VL-8B-Instruct-RLVR_aligned
degenerative change in thor,degenerative change in thoracic vertebrae,0.98046875,1,Qwen3-VL-8B-Instruct-RLVR_aligned
degenerative change in thor,degenerative change in thoracic vertebrae,0.81640625,1,Qwen3-VL-8B-Instruct-RLVR_aligned
degenerative change in thor,degenerative change in thoracic vertebrae,0.9375,1,Qwen3-VL-8B-Instruct-RLVR_aligned
degenerative change in thor,degenerative change in thoracic vertebrae,0.76171875,1,Qwen3-VL-8B-Instruct-RLVR_aligned
degenerative change in thor,degenerative change in thoracic vertebrae,0.87890625,1,Qwen3-VL-8B-Instruct-RLVR_aligned
degenerative change in thor,degenerative change in thoracic vertebrae,0.70703125,0,Qwen3-VL-8B-Instruct-RLVR_aligned
degenerative change in thor,degenerative change in thoracic vertebrae,0.98046875,1,Qwen3-VL-8B-Instruct-RLVR_aligned
degenerative change in thor,degenerative change in thoracic vertebrae,0.87109375,1,Qwen3-VL-8B-Instruct-RLVR_aligned
pulmonary hypoinflation,lung hypoinflation in lung,0.1484375,0,Qwen3-VL-8B-Instruct-RLVR_aligned
pulmonary hypoinflation,lung hypoinflation in lung,0.107421875,0,Qwen3-VL-8B-Instruct-RLVR_aligned
pulmonary hypoinflation,lung hypoinflation in lung,0.5703125,1,Qwen3-VL-8B-Instruct-RLVR_aligned
pulmonary hypoinflation,lung hypoinflation in lung,0.9921875,1,Qwen3-VL-8B-Instruct-RLVR_aligned
pulmonary hypoinflation,lung hypoinflation in lung,0.1298828125,0,Qwen3-VL-8B-Instruct-RLVR_aligned
pulmonary hypoinflation,lung hypoinflation in lung,0.2265625,0,Qwen3-VL-8B-Instruct-RLVR_aligned
normal,normal,0.0177001953125,0,Qwen3-VL-8B-Instruct-RLVR_aligned
calcinosis,calcinosis,0.12060546875,0,Qwen3-VL-8B-Instruct-RLVR_aligned
calcinosis,calcinosis,0.21484375,0,Qwen3-VL-8B-Instruct-RLVR_aligned
calcinosis,calcinosis,0.279296875,0,Qwen3-VL-8B-Instruct-RLVR_aligned
pulmonary nodule,pulmonary nodule,0.09423828125,0,Qwen3-VL-8B-Instruct-RLVR_aligned
pulmonary nodule,pulmonary nodule,0.90625,1,Qwen3-VL-8B-Instruct-RLVR_aligned
pulmonary nodule,pulmonary nodule,0.9921875,1,Qwen3-VL-8B-Instruct-RLVR_aligned
pulmonary nodule,pulmonary nodule,0.60546875,1,Qwen3-VL-8B-Instruct-RLVR_aligned
pulmonary nodule,pulmonary nodule,1.0,1,Qwen3-VL-8B-Instruct-RLVR_aligned
normal,normal,0.0177001953125,0,Qwen3-VL-8B-Instruct-RLVR_aligned
normal,normal,0.0177001953125,0,Qwen3-VL-8B-Instruct-RLVR_aligned
pulmonary edema,pleural effusion,0.267578125,0,Qwen3-VL-8B-Instruct-RLVR_aligned
pulmonary edema,pleural effusion,0.23046875,0,Qwen3-VL-8B-Instruct-RLVR_aligned
pulmonary edema,pleural effusion,0.9296875,1,Qwen3-VL-8B-Instruct-RLVR_aligned
pulmonary edema,pleural effusion,0.83203125,1,Qwen3-VL-8B-Instruct-RLVR_aligned
interstitial pattern,lung hyperdistention in lung,0.1455078125,0,Qwen3-VL-8B-Instruct-RLVR_aligned
interstitial pattern,lung hyperdistention in lung,0.111328125,0,Qwen3-VL-8B-Instruct-RLVR_aligned
interstitial pattern,lung hyperdistention in lung,0.36328125,0,Qwen3-VL-8B-Instruct-RLVR_aligned
interstitial pattern,lung hyperdistention in lung,0.94140625,1,Qwen3-VL-8B-Instruct-RLVR_aligned
interstitial pattern,lung hyperdistention in lung,0.2333984375,0,Qwen3-VL-8B-Instruct-RLVR_aligned
interstitial pattern,lung hyperdistention in lung,0.51953125,0,Qwen3-VL-8B-Instruct-RLVR_aligned
normal,foreign bodies,0.0177001953125,0,Qwen3-VL-8B-Instruct-RLVR_aligned
normal,foreign bodies,0.111328125,0,Qwen3-VL-8B-Instruct-RLVR_aligned
normal,normal,0.0177001953125,0,Qwen3-VL-8B-Instruct-RLVR_aligned
pulmonary nodule,pulmonary nodule,0.09423828125,0,Qwen3-VL-8B-Instruct-RLVR_aligned
pulmonary nodule,pulmonary nodule,0.90625,1,Qwen3-VL-8B-Instruct-RLVR_aligned
pulmonary nodule,pulmonary nodule,0.9921875,1,Qwen3-VL-8B-Instruct-RLVR_aligned
pulmonary nodule,pulmonary nodule,0.60546875,1,Qwen3-VL-8B-Instruct-RLVR_aligned
pulmonary nodule,pulmonary nodule,1.0,1,Qwen3-VL-8B-Instruct-RLVR_aligned
pulmonary nodule,pneumothorax,0.09423828125,0,Qwen3-VL-8B-Instruct-RLVR_aligned
pulmonary nodule,pneumothorax,0.90625,0,Qwen3-VL-8B-Instruct-RLVR_aligned
pulmonary nodule,pneumothorax,0.984375,1,Qwen3-VL-8B-Instruct-RLVR_aligned
pulmonary nodule,pneumothorax,0.6953125,0,Qwen3-VL-8B-Instruct-RLVR_aligned
pulmonary nodule,pneumothorax,1.0,1,Qwen3-VL-8B-Instruct-RLVR_aligned
pulmonary nodule,pneumothorax,0.99609375,1,Qwen3-VL-8B-Instruct-RLVR_aligned
"pulmonary disease, chronic supp",lucency in clavicle right,0.59765625,0,Qwen3-VL-8B-Instruct-RLVR_aligned
"pulmonary disease, chronic supp",lucency in clavicle right,0.1904296875,0,Qwen3-VL-8B-Instruct-RLVR_aligned
"pulmonary disease, chronic supp",lucency in clavicle right,0.36328125,0,Qwen3-VL-8B-Instruct-RLVR_aligned
"pulmonary disease, chronic supp",lucency in clavicle right,0.37109375,0,Qwen3-VL-8B-Instruct-RLVR_aligned
"pulmonary disease, chronic supp",lucency in clavicle right,0.8515625,0,Qwen3-VL-8B-Instruct-RLVR_aligned
"pulmonary disease, chronic supp",lucency in clavicle right,0.93359375,0,Qwen3-VL-8B-Instruct-RLVR_aligned
"pulmonary disease, chronic supp",lucency in clavicle right,0.361328125,0,Qwen3-VL-8B-Instruct-RLVR_aligned
"pulmonary disease, chronic supp",lucency in clavicle right,0.375,0,Qwen3-VL-8B-Instruct-RLVR_aligned
pulmonary fibrosis,"lung diseases, interstitial",0.341796875,0,Qwen3-VL-8B-Instruct-RLVR_aligned
pulmonary fibrosis,"lung diseases, interstitial",0.169921875,0,Qwen3-VL-8B-Instruct-RLVR_aligned
pulmonary fibrosis,"lung diseases, interstitial",0.09521484375,0,Qwen3-VL-8B-Instruct-RLVR_aligned
pulmonary fibrosis,"lung diseases, interstitial",0.09228515625,0,Qwen3-VL-8B-Instruct-RLVR_aligned
pulmonary fibrosis,"lung diseases, interstitial",0.12158203125,0,Qwen3-VL-8B-Instruct-RLVR_aligned
pulmonary nodule,bilateral abnormality in nodule,0.0986328125,0,Qwen3-VL-8B-Instruct-RLVR_aligned
pulmonary nodule,bilateral abnormality in nodule,0.09375,0,Qwen3-VL-8B-Instruct-RLVR_aligned
pulmonary nodule,bilateral abnormality in nodule,0.38671875,0,Qwen3-VL-8B-Instruct-RLVR_aligned
pulmonary nodule,bilateral abnormality in nodule,0.1357421875,0,Qwen3-VL-8B-Instruct-RLVR_aligned
pulmonary nodule,bilateral abnormality in nodule,0.134765625,0,Qwen3-VL-8B-Instruct-RLVR_aligned
pulmonary nodule,bilateral abnormality in nodule,0.78515625,0,Qwen3-VL-8B-Instruct-RLVR_aligned
pulmonary nodule,bilateral abnormality in nodule,0.5078125,1,Qwen3-VL-8B-Instruct-RLVR_aligned
atherosclerosis,atherosclerosis,0.2294921875,0,Qwen3-VL-8B-Instruct-RLVR_aligned
atherosclerosis,atherosclerosis,0.8828125,1,Qwen3-VL-8B-Instruct-RLVR_aligned
atherosclerosis,atherosclerosis,0.7890625,1,Qwen3-VL-8B-Instruct-RLVR_aligned
normal,normal,0.0177001953125,0,Qwen3-VL-8B-Instruct-RLVR_aligned
cardiomegaly,cardiomegaly,0.66796875,0,Qwen3-VL-8B-Instruct-RLVR_aligned
cardiomegaly,cardiomegaly,0.734375,0,Qwen3-VL-8B-Instruct-RLVR_aligned
cardiomegaly,cardiomegaly,0.73046875,0,Qwen3-VL-8B-Instruct-RLVR_aligned
cardiomegaly,cardiomegaly,0.9453125,0,Qwen3-VL-8B-Instruct-RLVR_aligned
cardiomegaly,cardiomegaly,0.1318359375,0,Qwen3-VL-8B-Instruct-RLVR_aligned
normal,normal,0.0177001953125,0,Qwen3-VL-8B-Instruct-RLVR_aligned
normal,normal,0.0177001953125,0,Qwen3-VL-8B-Instruct-RLVR_aligned
prominent pericardial fat opacity,bilateral abnormality in epicardial fat,0.34765625,0,Qwen3-VL-8B-Instruct-RLVR_aligned
prominent pericardial fat opacity,bilateral abnormality in epicardial fat,0.2041015625,0,Qwen3-VL-8B-Instruct-RLVR_aligned
prominent pericardial fat opacity,bilateral abnormality in epicardial fat,0.228515625,0,Qwen3-VL-8B-Instruct-RLVR_aligned
prominent pericardial fat opacity,bilateral abnormality in epicardial fat,0.55859375,1,Qwen3-VL-8B-Instruct-RLVR_aligned
prominent pericardial fat opacity,bilateral abnormality in epicardial fat,0.375,1,Qwen3-VL-8B-Instruct-RLVR_aligned
prominent pericardial fat opacity,bilateral abnormality in epicardial fat,0.90625,0,Qwen3-VL-8B-Instruct-RLVR_aligned
prominent pericardial fat opacity,bilateral abnormality in epicardial fat,1.0,1,Qwen3-VL-8B-Instruct-RLVR_aligned
prominent pericardial fat opacity,bilateral abnormality in epicardial fat,0.98046875,1,Qwen3-VL-8B-Instruct-RLVR_aligned
prominent pericardial fat opacity,bilateral abnormality in epicardial fat,0.76953125,1,Qwen3-VL-8B-Instruct-RLVR_aligned
normal,normal,0.0177001953125,0,Qwen3-VL-8B-Instruct-RLVR_aligned
pulmonary atelectasis,atherosclerosis,0.1796875,0,Qwen3-VL-8B-Instruct-RLVR_aligned
pulmonary atelectasis,atherosclerosis,0.9453125,1,Qwen3-VL-8B-Instruct-RLVR_aligned
pulmonary atelectasis,atherosclerosis,0.84765625,1,Qwen3-VL-8B-Instruct-RLVR_aligned
calcinosis,calcinosis,0.12060546875,0,Qwen3-VL-8B-Instruct-RLVR_aligned
calcinosis,calcinosis,0.21484375,0,Qwen3-VL-8B-Instruct-RLVR_aligned
calcinosis,calcinosis,0.279296875,0,Qwen3-VL-8B-Instruct-RLVR_aligned
normal,normal,0.0177001953125,0,Qwen3-VL-8B-Instruct-RLVR_aligned
normal,normal,0.0177001953125,0,Qwen3-VL-8B-Instruct-RLVR_aligned
degenerative change in joint,degenerative change in shoulder,0.166015625,0,Qwen3-VL-8B-Instruct-RLVR_aligned
degenerative change in joint,degenerative change in shoulder,0.9609375,1,Qwen3-VL-8B-Instruct-RLVR_aligned
degenerative change in joint,degenerative change in shoulder,0.99609375,1,Qwen3-VL-8B-Instruct-RLVR_aligned
degenerative change in joint,degenerative change in shoulder,0.828125,1,Qwen3-VL-8B-Instruct-RLVR_aligned
degenerative change in joint,degenerative change in shoulder,0.953125,1,Qwen3-VL-8B-Instruct-RLVR_aligned
degenerative change in joint,degenerative change in shoulder,0.69140625,0,Qwen3-VL-8B-Instruct-RLVR_aligned
pulmonary atelectasis,pulmonary atelectasis,0.1806640625,0,Qwen3-VL-8B-Instruct-RLVR_aligned
pulmonary atelectasis,pulmonary atelectasis,0.9375,1,Qwen3-VL-8B-Instruct-RLVR_aligned
pulmonary atelectasis,pulmonary atelectasis,0.9921875,1,Qwen3-VL-8B-Instruct-RLVR_aligned
pulmonary atelectasis,pulmonary atelectasis,0.88671875,1,Qwen3-VL-8B-Instruct-RLVR_aligned
pulmonary atelectasis,pulmonary atelectasis,1.0,1,Qwen3-VL-8B-Instruct-RLVR_aligned
pulmonary atelectasis,pulmonary atelectasis,0.9375,1,Qwen3-VL-8B-Instruct-RLVR_aligned
hernia,"hernia, hiatal",0.0498046875,0,Qwen3-VL-8B-Instruct-RLVR_aligned
hernia,"hernia, hiatal",0.462890625,0,Qwen3-VL-8B-Instruct-RLVR_aligned
hernia,"hernia, hiatal",0.1630859375,0,Qwen3-VL-8B-Instruct-RLVR_aligned
hernia,"hernia, hiatal",0.0849609375,0,Qwen3-VL-8B-Instruct-RLVR_aligned
hernia,"hernia, hiatal",0.58203125,0,Qwen3-VL-8B-Instruct-RLVR_aligned
hernia,"hernia, hiatal",0.8828125,0,Qwen3-VL-8B-Instruct-RLVR_aligned
normal,normal,0.0177001953125,0,Qwen3-VL-8B-Instruct-RLVR_aligned
degenerative change in thor,medical device in spine,0.13671875,0,Qwen3-VL-8B-Instruct-RLVR_aligned
degenerative change in thor,medical device in spine,0.15625,0,Qwen3-VL-8B-Instruct-RLVR_aligned
degenerative change in thor,medical device in spine,0.103515625,0,Qwen3-VL-8B-Instruct-RLVR_aligned
degenerative change in thor,medical device in spine,0.2060546875,0,Qwen3-VL-8B-Instruct-RLVR_aligned
normal,normal,0.0177001953125,0,Qwen3-VL-8B-Instruct-RLVR_aligned
normal,normal,0.0177001953125,0,Qwen3-VL-8B-Instruct-RLVR_aligned
cardiomegaly,cardiomegaly,0.66796875,0,Qwen3-VL-8B-Instruct-RLVR_aligned
cardiomegaly,cardiomegaly,0.734375,0,Qwen3-VL-8B-Instruct-RLVR_aligned
cardiomegaly,cardiomegaly,0.73046875,0,Qwen3-VL-8B-Instruct-RLVR_aligned
cardiomegaly,cardiomegaly,0.9453125,0,Qwen3-VL-8B-Instruct-RLVR_aligned
cardiomegaly,cardiomegaly,0.1318359375,0,Qwen3-VL-8B-Instruct-RLVR_aligned
normal,normal,0.0177001953125,0,Qwen3-VL-8B-Instruct-RLVR_aligned
pulmonary atelectasis,granuloma,0.1796875,0,Qwen3-VL-8B-Instruct-RLVR_aligned
pulmonary atelectasis,granuloma,0.9921875,1,Qwen3-VL-8B-Instruct-RLVR_aligned
pulmonary atelectasis,granuloma,0.80078125,0,Qwen3-VL-8B-Instruct-RLVR_aligned
normal,normal,0.0177001953125,0,Qwen3-VL-8B-Instruct-RLVR_aligned
"pulmonary disease, chronic lower",bilateral abnormality in lung,0.5,0,Qwen3-VL-8B-Instruct-RLVR_aligned
"pulmonary disease, chronic lower",bilateral abnormality in lung,0.484375,0,Qwen3-VL-8B-Instruct-RLVR_aligned
"pulmonary disease, chronic lower",bilateral abnormality in lung,0.21875,0,Qwen3-VL-8B-Instruct-RLVR_aligned
"pulmonary disease, chronic lower",bilateral abnormality in lung,0.40625,1,Qwen3-VL-8B-Instruct-RLVR_aligned
"pulmonary disease, chronic lower",bilateral abnormality in lung,0.462890625,0,Qwen3-VL-8B-Instruct-RLVR_aligned
"pulmonary disease, chronic lower",bilateral abnormality in lung,0.408203125,0,Qwen3-VL-8B-Instruct-RLVR_aligned
normal,normal,0.0177001953125,0,Qwen3-VL-8B-Instruct-RLVR_aligned
normal,normal,0.0177001953125,0,Qwen3-VL-8B-Instruct-RLVR_aligned
calcinosis,calcified granuloma,0.11865234375,0,Qwen3-VL-8B-Instruct-RLVR_aligned
calcinosis,calcified granuloma,0.1015625,0,Qwen3-VL-8B-Instruct-RLVR_aligned
calcinosis,calcified granuloma,0.2158203125,0,Qwen3-VL-8B-Instruct-RLVR_aligned
calcinosis,calcified granuloma,0.94140625,1,Qwen3-VL-8B-Instruct-RLVR_aligned
calcinosis,calcified granuloma,0.609375,1,Qwen3-VL-8B-Instruct-RLVR_aligned
normal,normal,0.0177001953125,0,Qwen3-VL-8B-Instruct-RLVR_aligned
normal,normal,0.0177001953125,0,Qwen3-VL-8B-Instruct-RLVR_aligned
pulmonary atelectasis,pulmonary atelectasis,0.1806640625,0,Qwen3-VL-8B-Instruct-RLVR_aligned
pulmonary atelectasis,pulmonary atelectasis,0.9375,1,Qwen3-VL-8B-Instruct-RLVR_aligned
pulmonary atelectasis,pulmonary atelectasis,0.9921875,1,Qwen3-VL-8B-Instruct-RLVR_aligned
pulmonary atelectasis,pulmonary atelectasis,0.88671875,1,Qwen3-VL-8B-Instruct-RLVR_aligned
pulmonary atelectasis,pulmonary atelectasis,1.0,1,Qwen3-VL-8B-Instruct-RLVR_aligned
pulmonary atelectasis,pulmonary atelectasis,0.9375,1,Qwen3-VL-8B-Instruct-RLVR_aligned
calcinosis,calcinosis,0.12060546875,0,Qwen3-VL-8B-Instruct-RLVR_aligned
calcinosis,calcinosis,0.21484375,0,Qwen3-VL-8B-Instruct-RLVR_aligned
calcinosis,calcinosis,0.279296875,0,Qwen3-VL-8B-Instruct-RLVR_aligned
osteophyte,degenerative change in spine,0.828125,0,Qwen3-VL-8B-Instruct-RLVR_aligned
osteophyte,degenerative change in spine,0.056640625,0,Qwen3-VL-8B-Instruct-RLVR_aligned
osteophyte,degenerative change in spine,0.1630859375,0,Qwen3-VL-8B-Instruct-RLVR_aligned
osteophyte,degenerative change in spine,0.390625,0,Qwen3-VL-8B-Instruct-RLVR_aligned
osteophyte,degenerative change in spine,0.3125,1,Qwen3-VL-8B-Instruct-RLVR_aligned
osteophyte,degenerative change in spine,0.482421875,0,Qwen3-VL-8B-Instruct-RLVR_aligned
calcinosis,calcinosis,0.12060546875,0,Qwen3-VL-8B-Instruct-RLVR_aligned
calcinosis,calcinosis,0.21484375,0,Qwen3-VL-8B-Instruct-RLVR_aligned
calcinosis,calcinosis,0.279296875,0,Qwen3-VL-8B-Instruct-RLVR_aligned
pulmonary opacity,bilateral abnormality in opacity,0.154296875,0,Qwen3-VL-8B-Instruct-RLVR_aligned
pulmonary opacity,bilateral abnormality in opacity,0.1357421875,1,Qwen3-VL-8B-Instruct-RLVR_aligned
pulmonary opacity,bilateral abnormality in opacity,0.255859375,0,Qwen3-VL-8B-Instruct-RLVR_aligned
pulmonary opacity,bilateral abnormality in opacity,0.130859375,1,Qwen3-VL-8B-Instruct-RLVR_aligned
pulmonary opacity,bilateral abnormality in opacity,0.32421875,0,Qwen3-VL-8B-Instruct-RLVR_aligned
pulmonary opacity,bilateral abnormality in opacity,0.73828125,0,Qwen3-VL-8B-Instruct-RLVR_aligned
pulmonary atelectasis,lung hypoinflation in lung,0.1806640625,0,Qwen3-VL-8B-Instruct-RLVR_aligned
pulmonary atelectasis,lung hypoinflation in lung,0.1416015625,0,Qwen3-VL-8B-Instruct-RLVR_aligned
pulmonary atelectasis,lung hypoinflation in lung,0.96484375,1,Qwen3-VL-8B-Instruct-RLVR_aligned
pulmonary atelectasis,lung hypoinflation in lung,0.92578125,1,Qwen3-VL-8B-Instruct-RLVR_aligned
pulmonary atelectasis,lung hypoinflation in lung,0.20703125,0,Qwen3-VL-8B-Instruct-RLVR_aligned
pulmonary atelectasis,lung hypoinflation in lung,0.2060546875,0,Qwen3-VL-8B-Instruct-RLVR_aligned
normal,normal,0.0177001953125,0,Qwen3-VL-8B-Instruct-RLVR_aligned
normal,normal,0.0177001953125,0,Qwen3-VL-8B-Instruct-RLVR_aligned
normal,normal,0.0177001953125,0,Qwen3-VL-8B-Instruct-RLVR_aligned
degenerative change in spine,degenerative change in spine,0.5078125,0,Qwen3-VL-8B-Instruct-RLVR_aligned
degenerative change in spine,degenerative change in spine,0.0654296875,0,Qwen3-VL-8B-Instruct-RLVR_aligned
degenerative change in spine,degenerative change in spine,0.828125,0,Qwen3-VL-8B-Instruct-RLVR_aligned
degenerative change in spine,degenerative change in spine,0.431640625,1,Qwen3-VL-8B-Instruct-RLVR_aligned
degenerative change in spine,degenerative change in spine,0.91015625,1,Qwen3-VL-8B-Instruct-RLVR_aligned
degenerative change in spine,degenerative change in spine,0.470703125,0,Qwen3-VL-8B-Instruct-RLVR_aligned
pleural effusion,calcified granuloma,0.2412109375,0,Qwen3-VL-8B-Instruct-RLVR_aligned
pleural effusion,calcified granuloma,0.69921875,1,Qwen3-VL-8B-Instruct-RLVR_aligned
pleural effusion,calcified granuloma,0.37890625,0,Qwen3-VL-8B-Instruct-RLVR_aligned
pleural effusion,calcified granuloma,0.98828125,1,Qwen3-VL-8B-Instruct-RLVR_aligned
pleural effusion,calcified granuloma,0.61328125,0,Qwen3-VL-8B-Instruct-RLVR_aligned
foreign bodies,foreign bodies,0.1611328125,0,Qwen3-VL-8B-Instruct-RLVR_aligned
foreign bodies,foreign bodies,0.33203125,1,Qwen3-VL-8B-Instruct-RLVR_aligned
retraction,"pulmonary disease, chronic obstructive",0.08447265625,0,Qwen3-VL-8B-Instruct-RLVR_aligned
retraction,"pulmonary disease, chronic obstructive",0.31640625,0,Qwen3-VL-8B-Instruct-RLVR_aligned
retraction,"pulmonary disease, chronic obstructive",0.69140625,0,Qwen3-VL-8B-Instruct-RLVR_aligned
retraction,"pulmonary disease, chronic obstructive",0.345703125,0,Qwen3-VL-8B-Instruct-RLVR_aligned
retraction,"pulmonary disease, chronic obstructive",0.1298828125,0,Qwen3-VL-8B-Instruct-RLVR_aligned
retraction,"pulmonary disease, chronic obstructive",0.09375,0,Qwen3-VL-8B-Instruct-RLVR_aligned
retraction,"pulmonary disease, chronic obstructive",0.5234375,1,Qwen3-VL-8B-Instruct-RLVR_aligned
retraction,"pulmonary disease, chronic obstructive",1.0,1,Qwen3-VL-8B-Instruct-RLVR_aligned
normal,normal,0.0177001953125,0,Qwen3-VL-8B-Instruct-RLVR_aligned
surgical procedure,surgical instruments,0.2109375,0,Qwen3-VL-8B-Instruct-RLVR_aligned
surgical procedure,surgical instruments,0.50390625,0,Qwen3-VL-8B-Instruct-RLVR_aligned
surgical procedure,surgical instruments,0.1484375,0,Qwen3-VL-8B-Instruct-RLVR_aligned
normal,normal,0.0177001953125,0,Qwen3-VL-8B-Instruct-RLVR_aligned
osteophyte,spondylosis,0.828125,0,Qwen3-VL-8B-Instruct-RLVR_aligned
osteophyte,spondylosis,0.13671875,0,Qwen3-VL-8B-Instruct-RLVR_aligned
osteophyte,spondylosis,0.1376953125,0,Qwen3-VL-8B-Instruct-RLVR_aligned
osteophyte,spondylosis,0.828125,1,Qwen3-VL-8B-Instruct-RLVR_aligned
osteophyte,spondylosis,0.98046875,1,Qwen3-VL-8B-Instruct-RLVR_aligned
"pulmonary disease, chronic obstruct",lung hyperdistention in lung,1.0,0,Qwen3-VL-8B-Instruct-RLVR_aligned
"pulmonary disease, chronic obstruct",lung hyperdistention in lung,0.58984375,0,Qwen3-VL-8B-Instruct-RLVR_aligned
"pulmonary disease, chronic obstruct",lung hyperdistention in lung,0.83984375,0,Qwen3-VL-8B-Instruct-RLVR_aligned
"pulmonary disease, chronic obstruct",lung hyperdistention in lung,0.87109375,1,Qwen3-VL-8B-Instruct-RLVR_aligned
"pulmonary disease, chronic obstruct",lung hyperdistention in lung,0.61328125,0,Qwen3-VL-8B-Instruct-RLVR_aligned
"pulmonary disease, chronic obstruct",lung hyperdistention in lung,0.1005859375,0,Qwen3-VL-8B-Instruct-RLVR_aligned
normal,normal,0.0177001953125,0,Qwen3-VL-8B-Instruct-RLVR_aligned
normal,normal,0.0177001953125,0,Qwen3-VL-8B-Instruct-RLVR_aligned
normal,normal,0.0177001953125,0,Qwen3-VL-8B-Instruct-RLVR_aligned
normal,normal,0.0177001953125,0,Qwen3-VL-8B-Instruct-RLVR_aligned
cardiomegaly,pleural effusion,0.171875,0,Qwen3-VL-8B-Instruct-RLVR_aligned
cardiomegaly,pleural effusion,0.546875,1,Qwen3-VL-8B-Instruct-RLVR_aligned
cardiomegaly,pleural effusion,0.9609375,1,Qwen3-VL-8B-Instruct-RLVR_aligned
cardiomegaly,pleural effusion,0.87109375,1,Qwen3-VL-8B-Instruct-RLVR_aligned
degenerative change in disc,scoliosis,0.28515625,0,Qwen3-VL-8B-Instruct-RLVR_aligned
degenerative change in disc,scoliosis,0.9453125,0,Qwen3-VL-8B-Instruct-RLVR_aligned
degenerative change in disc,scoliosis,0.224609375,0,Qwen3-VL-8B-Instruct-RLVR_aligned
normal,normal,0.0177001953125,0,Qwen3-VL-8B-Instruct-RLVR_aligned
pulmonary atelectasis,calcified granuloma,0.27734375,0,Qwen3-VL-8B-Instruct-RLVR_aligned
pulmonary atelectasis,calcified granuloma,0.051025390625,0,Qwen3-VL-8B-Instruct-RLVR_aligned
pulmonary atelectasis,calcified granuloma,0.451171875,0,Qwen3-VL-8B-Instruct-RLVR_aligned
pulmonary atelectasis,calcified granuloma,0.423828125,0,Qwen3-VL-8B-Instruct-RLVR_aligned
pulmonary atelectasis,calcified granuloma,0.984375,0,Qwen3-VL-8B-Instruct-RLVR_aligned
spondylosis,spondylosis,0.8359375,0,Qwen3-VL-8B-Instruct-RLVR_aligned
spondylosis,spondylosis,0.984375,0,Qwen3-VL-8B-Instruct-RLVR_aligned
spondylosis,spondylosis,0.99609375,0,Qwen3-VL-8B-Instruct-RLVR_aligned
spondylosis,spondylosis,0.82421875,0,Qwen3-VL-8B-Instruct-RLVR_aligned
spondylosis,spondylosis,0.15234375,0,Qwen3-VL-8B-Instruct-RLVR_aligned
scoliosis,pulmonary atelectasis,1.0,0,Qwen3-VL-8B-Instruct-RLVR_aligned
scoliosis,pulmonary atelectasis,0.0986328125,0,Qwen3-VL-8B-Instruct-RLVR_aligned
scoliosis,pulmonary atelectasis,0.369140625,1,Qwen3-VL-8B-Instruct-RLVR_aligned
scoliosis,pulmonary atelectasis,0.05615234375,0,Qwen3-VL-8B-Instruct-RLVR_aligned
scoliosis,pulmonary atelectasis,0.46875,0,Qwen3-VL-8B-Instruct-RLVR_aligned
scoliosis,pulmonary atelectasis,0.671875,1,Qwen3-VL-8B-Instruct-RLVR_aligned
normal,normal,0.0177001953125,0,Qwen3-VL-8B-Instruct-RLVR_aligned
normal,normal,0.0177001953125,0,Qwen3-VL-8B-Instruct-RLVR_aligned
normal,normal,0.0177001953125,0,Qwen3-VL-8B-Instruct-RLVR_aligned
pulmonary atelectasis,pulmonary atelectasis,0.1806640625,0,Qwen3-VL-8B-Instruct-RLVR_aligned
pulmonary atelectasis,pulmonary atelectasis,0.9375,1,Qwen3-VL-8B-Instruct-RLVR_aligned
pulmonary atelectasis,pulmonary atelectasis,0.9921875,1,Qwen3-VL-8B-Instruct-RLVR_aligned
pulmonary atelectasis,pulmonary atelectasis,0.88671875,1,Qwen3-VL-8B-Instruct-RLVR_aligned
pulmonary atelectasis,pulmonary atelectasis,1.0,1,Qwen3-VL-8B-Instruct-RLVR_aligned
pulmonary atelectasis,pulmonary atelectasis,0.9375,1,Qwen3-VL-8B-Instruct-RLVR_aligned
streaky opacity in opacity,pulmonary atelectasis,0.08837890625,0,Qwen3-VL-8B-Instruct-RLVR_aligned
streaky opacity in opacity,pulmonary atelectasis,0.1328125,1,Qwen3-VL-8B-Instruct-RLVR_aligned
streaky opacity in opacity,pulmonary atelectasis,0.8828125,1,Qwen3-VL-8B-Instruct-RLVR_aligned
streaky opacity in opacity,pulmonary atelectasis,0.353515625,0,Qwen3-VL-8B-Instruct-RLVR_aligned
streaky opacity in opacity,pulmonary atelectasis,0.98828125,1,Qwen3-VL-8B-Instruct-RLVR_aligned
streaky opacity in opacity,pulmonary atelectasis,0.984375,1,Qwen3-VL-8B-Instruct-RLVR_aligned
chronic lung disease,lung hyperdistention in lung,0.54296875,0,Qwen3-VL-8B-Instruct-RLVR_aligned
chronic lung disease,lung hyperdistention in lung,0.369140625,0,Qwen3-VL-8B-Instruct-RLVR_aligned
chronic lung disease,lung hyperdistention in lung,0.36328125,0,Qwen3-VL-8B-Instruct-RLVR_aligned
chronic lung disease,lung hyperdistention in lung,0.90625,0,Qwen3-VL-8B-Instruct-RLVR_aligned
chronic lung disease,lung hyperdistention in lung,0.75,0,Qwen3-VL-8B-Instruct-RLVR_aligned
chronic lung disease,lung hyperdistention in lung,0.265625,0,Qwen3-VL-8B-Instruct-RLVR_aligned
pneumonia,pneumonia,0.328125,0,Qwen3-VL-8B-Instruct-RLVR_aligned
pneumonia,pneumonia,0.1689453125,1,Qwen3-VL-8B-Instruct-RLVR_aligned
pneumonia,pneumonia,0.9609375,1,Qwen3-VL-8B-Instruct-RLVR_aligned
pneumonia,pneumonia,0.59765625,0,Qwen3-VL-8B-Instruct-RLVR_aligned
pulmonary atelectasis,pulmonary atelectasis,0.1806640625,0,Qwen3-VL-8B-Instruct-RLVR_aligned
pulmonary atelectasis,pulmonary atelectasis,0.9375,1,Qwen3-VL-8B-Instruct-RLVR_aligned
pulmonary atelectasis,pulmonary atelectasis,0.9921875,1,Qwen3-VL-8B-Instruct-RLVR_aligned
pulmonary atelectasis,pulmonary atelectasis,0.88671875,1,Qwen3-VL-8B-Instruct-RLVR_aligned
pulmonary atelectasis,pulmonary atelectasis,1.0,1,Qwen3-VL-8B-Instruct-RLVR_aligned
pulmonary atelectasis,pulmonary atelectasis,0.9375,1,Qwen3-VL-8B-Instruct-RLVR_aligned
scoliosis,scoliosis,1.0,0,Qwen3-VL-8B-Instruct-RLVR_aligned
scoliosis,scoliosis,0.2421875,0,Qwen3-VL-8B-Instruct-RLVR_aligned
scoliosis,scoliosis,0.4140625,1,Qwen3-VL-8B-Instruct-RLVR_aligned
degenerative change in spine,degenerative change in shoulder,0.5078125,0,Qwen3-VL-8B-Instruct-RLVR_aligned
degenerative change in spine,degenerative change in shoulder,0.0654296875,0,Qwen3-VL-8B-Instruct-RLVR_aligned
degenerative change in spine,degenerative change in shoulder,0.828125,0,Qwen3-VL-8B-Instruct-RLVR_aligned
degenerative change in spine,degenerative change in shoulder,0.431640625,1,Qwen3-VL-8B-Instruct-RLVR_aligned
degenerative change in spine,degenerative change in shoulder,0.91015625,1,Qwen3-VL-8B-Instruct-RLVR_aligned
degenerative change in spine,degenerative change in shoulder,0.470703125,0,Qwen3-VL-8B-Instruct-RLVR_aligned
blunted costophrenic angle,blunted costophrenic angle in costophrenic angle,0.1572265625,0,Qwen3-VL-8B-Instruct-RLVR_aligned
blunted costophrenic angle,blunted costophrenic angle in costophrenic angle,1.0,1,Qwen3-VL-8B-Instruct-RLVR_aligned
blunted costophrenic angle,blunted costophrenic angle in costophrenic angle,0.93359375,1,Qwen3-VL-8B-Instruct-RLVR_aligned
blunted costophrenic angle,blunted costophrenic angle in costophrenic angle,0.99609375,1,Qwen3-VL-8B-Instruct-RLVR_aligned
blunted costophrenic angle,blunted costophrenic angle in costophrenic angle,1.0,1,Qwen3-VL-8B-Instruct-RLVR_aligned
blunted costophrenic angle,blunted costophrenic angle in costophrenic angle,1.0,1,Qwen3-VL-8B-Instruct-RLVR_aligned
blunted costophrenic angle,blunted costophrenic angle in costophrenic angle,0.99609375,1,Qwen3-VL-8B-Instruct-RLVR_aligned
blunted costophrenic angle,blunted costophrenic angle in costophrenic angle,0.44140625,0,Qwen3-VL-8B-Instruct-RLVR_aligned
blunted costophrenic angle,blunted costophrenic angle in costophrenic angle,0.265625,0,Qwen3-VL-8B-Instruct-RLVR_aligned
blunted costophrenic angle,blunted costophrenic angle in costophrenic angle,0.953125,1,Qwen3-VL-8B-Instruct-RLVR_aligned
blunted costophrenic angle,blunted costophrenic angle in costophrenic angle,0.97265625,1,Qwen3-VL-8B-Instruct-RLVR_aligned
blunted costophrenic angle,blunted costophrenic angle in costophrenic angle,0.98828125,1,Qwen3-VL-8B-Instruct-RLVR_aligned
blunted costophrenic angle,blunted costophrenic angle in costophrenic angle,0.73828125,1,Qwen3-VL-8B-Instruct-RLVR_aligned
blister,blister,0.1748046875,0,Qwen3-VL-8B-Instruct-RLVR_aligned
blister,blister,0.96484375,1,Qwen3-VL-8B-Instruct-RLVR_aligned
normal,normal,0.0177001953125,0,Qwen3-VL-8B-Instruct-RLVR_aligned
calcified granuloma,granuloma,0.89453125,0,Qwen3-VL-8B-Instruct-RLVR_aligned
calcified granuloma,granuloma,0.0966796875,0,Qwen3-VL-8B-Instruct-RLVR_aligned
calcified granuloma,granuloma,0.98046875,0,Qwen3-VL-8B-Instruct-RLVR_aligned
normal,normal,0.0177001953125,0,Qwen3-VL-8B-Instruct-RLVR_aligned
normal,normal,0.0177001953125,0,Qwen3-VL-8B-Instruct-RLVR_aligned
normal,normal,0.0177001953125,0,Qwen3-VL-8B-Instruct-RLVR_aligned
surgical instruments,surgical instruments,0.2333984375,0,Qwen3-VL-8B-Instruct-RLVR_aligned
surgical instruments,surgical instruments,0.142578125,1,Qwen3-VL-8B-Instruct-RLVR_aligned
surgical instruments,surgical instruments,0.55078125,1,Qwen3-VL-8B-Instruct-RLVR_aligned
chronic diaphragmatic hernia,pulmonary atelectasis,0.2119140625,0,Qwen3-VL-8B-Instruct-RLVR_aligned
chronic diaphragmatic hernia,pulmonary atelectasis,0.92578125,0,Qwen3-VL-8B-Instruct-RLVR_aligned
chronic diaphragmatic hernia,pulmonary atelectasis,0.2041015625,0,Qwen3-VL-8B-Instruct-RLVR_aligned
chronic diaphragmatic hernia,pulmonary atelectasis,0.9140625,0,Qwen3-VL-8B-Instruct-RLVR_aligned
chronic diaphragmatic hernia,pulmonary atelectasis,0.953125,0,Qwen3-VL-8B-Instruct-RLVR_aligned
chronic diaphragmatic hernia,pulmonary atelectasis,0.1845703125,0,Qwen3-VL-8B-Instruct-RLVR_aligned
pulmonary atelectasis,pulmonary atelectasis,0.1806640625,0,Qwen3-VL-8B-Instruct-RLVR_aligned
pulmonary atelectasis,pulmonary atelectasis,0.9375,1,Qwen3-VL-8B-Instruct-RLVR_aligned
pulmonary atelectasis,pulmonary atelectasis,0.9921875,1,Qwen3-VL-8B-Instruct-RLVR_aligned
pulmonary atelectasis,pulmonary atelectasis,0.88671875,1,Qwen3-VL-8B-Instruct-RLVR_aligned
pulmonary atelectasis,pulmonary atelectasis,1.0,1,Qwen3-VL-8B-Instruct-RLVR_aligned
pulmonary atelectasis,pulmonary atelectasis,0.9375,1,Qwen3-VL-8B-Instruct-RLVR_aligned
cardiomegaly,cardiomegaly,0.66796875,0,Qwen3-VL-8B-Instruct-RLVR_aligned
cardiomegaly,cardiomegaly,0.734375,0,Qwen3-VL-8B-Instruct-RLVR_aligned
cardiomegaly,cardiomegaly,0.73046875,0,Qwen3-VL-8B-Instruct-RLVR_aligned
cardiomegaly,cardiomegaly,0.9453125,0,Qwen3-VL-8B-Instruct-RLVR_aligned
cardiomegaly,cardiomegaly,0.1318359375,0,Qwen3-VL-8B-Instruct-RLVR_aligned
normal,normal,0.0177001953125,0,Qwen3-VL-8B-Instruct-RLVR_aligned
normal,normal,0.0177001953125,0,Qwen3-VL-8B-Instruct-RLVR_aligned
normal,pectus carinatum,0.0177001953125,0,Qwen3-VL-8B-Instruct-RLVR_aligned
normal,pectus carinatum,0.1650390625,0,Qwen3-VL-8B-Instruct-RLVR_aligned
normal,pectus carinatum,0.11669921875,0,Qwen3-VL-8B-Instruct-RLVR_aligned
normal,pectus carinatum,0.03369140625,0,Qwen3-VL-8B-Instruct-RLVR_aligned
normal,pectus carinatum,0.0751953125,1,Qwen3-VL-8B-Instruct-RLVR_aligned
cardiomegaly,cardiomegaly,0.66796875,0,Qwen3-VL-8B-Instruct-RLVR_aligned
cardiomegaly,cardiomegaly,0.734375,0,Qwen3-VL-8B-Instruct-RLVR_aligned
cardiomegaly,cardiomegaly,0.73046875,0,Qwen3-VL-8B-Instruct-RLVR_aligned
cardiomegaly,cardiomegaly,0.9453125,0,Qwen3-VL-8B-Instruct-RLVR_aligned
cardiomegaly,cardiomegaly,0.1318359375,0,Qwen3-VL-8B-Instruct-RLVR_aligned
scarring,cicatrix,0.15625,0,Qwen3-VL-8B-Instruct-RLVR_aligned
scarring,cicatrix,0.4140625,0,Qwen3-VL-8B-Instruct-RLVR_aligned
scarring,cicatrix,0.0859375,0,Qwen3-VL-8B-Instruct-RLVR_aligned
scarring,cicatrix,0.15625,0,Qwen3-VL-8B-Instruct-RLVR_aligned
scarring,cicatrix,0.4140625,0,Qwen3-VL-8B-Instruct-RLVR_aligned
scarring,cicatrix,0.0859375,0,Qwen3-VL-8B-Instruct-RLVR_aligned
scarring,cicatrix,0.15625,0,Qwen3-VL-8B-Instruct-RLVR_aligned
scarring,cicatrix,0.4140625,0,Qwen3-VL-8B-Instruct-RLVR_aligned
scarring,cicatrix,0.0859375,0,Qwen3-VL-8B-Instruct-RLVR_aligned
normal,normal,0.0177001953125,0,Qwen3-VL-8B-Instruct-RLVR_aligned
cardiomegaly,cardiomegaly,0.66796875,0,Qwen3-VL-8B-Instruct-RLVR_aligned
cardiomegaly,cardiomegaly,0.734375,0,Qwen3-VL-8B-Instruct-RLVR_aligned
cardiomegaly,cardiomegaly,0.73046875,0,Qwen3-VL-8B-Instruct-RLVR_aligned
cardiomegaly,cardiomegaly,0.9453125,0,Qwen3-VL-8B-Instruct-RLVR_aligned
cardiomegaly,cardiomegaly,0.1318359375,0,Qwen3-VL-8B-Instruct-RLVR_aligned
normal,normal,0.0177001953125,0,Qwen3-VL-8B-Instruct-RLVR_aligned
atherosclerosis,atherosclerosis,0.2294921875,0,Qwen3-VL-8B-Instruct-RLVR_aligned
atherosclerosis,atherosclerosis,0.8828125,1,Qwen3-VL-8B-Instruct-RLVR_aligned
atherosclerosis,atherosclerosis,0.7890625,1,Qwen3-VL-8B-Instruct-RLVR_aligned
calcinosis,calcinosis,0.12060546875,0,Qwen3-VL-8B-Instruct-RLVR_aligned
calcinosis,calcinosis,0.21484375,0,Qwen3-VL-8B-Instruct-RLVR_aligned
calcinosis,calcinosis,0.279296875,0,Qwen3-VL-8B-Instruct-RLVR_aligned
normal,normal,0.0177001953125,0,Qwen3-VL-8B-Instruct-RLVR_aligned
calcified granuloma,calcified granuloma,0.89453125,0,Qwen3-VL-8B-Instruct-RLVR_aligned
calcified granuloma,calcified granuloma,0.19921875,0,Qwen3-VL-8B-Instruct-RLVR_aligned
calcified granuloma,calcified granuloma,0.3984375,0,Qwen3-VL-8B-Instruct-RLVR_aligned
calcified granuloma,calcified granuloma,0.353515625,0,Qwen3-VL-8B-Instruct-RLVR_aligned
calcified granuloma,calcified granuloma,1.0,0,Qwen3-VL-8B-Instruct-RLVR_aligned
calcinosis,calcinosis,0.12060546875,0,Qwen3-VL-8B-Instruct-RLVR_aligned
calcinosis,calcinosis,0.21484375,0,Qwen3-VL-8B-Instruct-RLVR_aligned
calcinosis,calcinosis,0.279296875,0,Qwen3-VL-8B-Instruct-RLVR_aligned
normal,normal,0.0177001953125,0,Qwen3-VL-8B-Instruct-RLVR_aligned
blunted costophrenic angle,blunted costophrenic angle in costophrenic angle,0.1572265625,0,Qwen3-VL-8B-Instruct-RLVR_aligned
blunted costophrenic angle,blunted costophrenic angle in costophrenic angle,1.0,1,Qwen3-VL-8B-Instruct-RLVR_aligned
blunted costophrenic angle,blunted costophrenic angle in costophrenic angle,0.93359375,1,Qwen3-VL-8B-Instruct-RLVR_aligned
blunted costophrenic angle,blunted costophrenic angle in costophrenic angle,0.99609375,1,Qwen3-VL-8B-Instruct-RLVR_aligned
blunted costophrenic angle,blunted costophrenic angle in costophrenic angle,1.0,1,Qwen3-VL-8B-Instruct-RLVR_aligned
blunted costophrenic angle,blunted costophrenic angle in costophrenic angle,1.0,1,Qwen3-VL-8B-Instruct-RLVR_aligned
blunted costophrenic angle,blunted costophrenic angle in costophrenic angle,0.99609375,1,Qwen3-VL-8B-Instruct-RLVR_aligned
blunted costophrenic angle,blunted costophrenic angle in costophrenic angle,0.44140625,0,Qwen3-VL-8B-Instruct-RLVR_aligned
blunted costophrenic angle,blunted costophrenic angle in costophrenic angle,0.265625,0,Qwen3-VL-8B-Instruct-RLVR_aligned
blunted costophrenic angle,blunted costophrenic angle in costophrenic angle,0.953125,1,Qwen3-VL-8B-Instruct-RLVR_aligned
blunted costophrenic angle,blunted costophrenic angle in costophrenic angle,0.97265625,1,Qwen3-VL-8B-Instruct-RLVR_aligned
blunted costophrenic angle,blunted costophrenic angle in costophrenic angle,0.98828125,1,Qwen3-VL-8B-Instruct-RLVR_aligned
blunted costophrenic angle,blunted costophrenic angle in costophrenic angle,0.73828125,1,Qwen3-VL-8B-Instruct-RLVR_aligned
calcinosis,calcinosis,0.12060546875,0,Qwen3-VL-8B-Instruct-RLVR_aligned
calcinosis,calcinosis,0.21484375,0,Qwen3-VL-8B-Instruct-RLVR_aligned
calcinosis,calcinosis,0.279296875,0,Qwen3-VL-8B-Instruct-RLVR_aligned
normal,normal,0.0177001953125,0,Qwen3-VL-8B-Instruct-RLVR_aligned
normal,normal,0.0177001953125,0,Qwen3-VL-8B-Instruct-RLVR_aligned
pleural effusion,pleural effusion,0.2412109375,0,Qwen3-VL-8B-Instruct-RLVR_aligned
pleural effusion,pleural effusion,0.953125,1,Qwen3-VL-8B-Instruct-RLVR_aligned
pleural effusion,pleural effusion,0.9765625,1,Qwen3-VL-8B-Instruct-RLVR_aligned
pleural effusion,pleural effusion,0.9296875,1,Qwen3-VL-8B-Instruct-RLVR_aligned
calcinosis,calcinosis,0.12060546875,0,Qwen3-VL-8B-Instruct-RLVR_aligned
calcinosis,calcinosis,0.21484375,0,Qwen3-VL-8B-Instruct-RLVR_aligned
calcinosis,calcinosis,0.279296875,0,Qwen3-VL-8B-Instruct-RLVR_aligned
normal,normal,0.0177001953125,0,Qwen3-VL-8B-Instruct-RLVR_aligned
pulmonary atelectasis,patchy opacity in opacity,0.1884765625,0,Qwen3-VL-8B-Instruct-RLVR_aligned
pulmonary atelectasis,patchy opacity in opacity,0.91015625,1,Qwen3-VL-8B-Instruct-RLVR_aligned
pulmonary atelectasis,patchy opacity in opacity,0.2236328125,0,Qwen3-VL-8B-Instruct-RLVR_aligned
pulmonary atelectasis,patchy opacity in opacity,0.1279296875,1,Qwen3-VL-8B-Instruct-RLVR_aligned
pulmonary atelectasis,patchy opacity in opacity,0.41796875,0,Qwen3-VL-8B-Instruct-RLVR_aligned
scoliosis,scoliosis,1.0,0,Qwen3-VL-8B-Instruct-RLVR_aligned
scoliosis,scoliosis,0.2421875,0,Qwen3-VL-8B-Instruct-RLVR_aligned
scoliosis,scoliosis,0.4140625,1,Qwen3-VL-8B-Instruct-RLVR_aligned
normal,normal,0.0177001953125,0,Qwen3-VL-8B-Instruct-RLVR_aligned
normal,normal,0.0177001953125,0,Qwen3-VL-8B-Instruct-RLVR_aligned
normal,normal,0.0177001953125,0,Qwen3-VL-8B-Instruct-RLVR_aligned
pulmonary atelectasis,lung hypoinflation in lung,0.1806640625,0,Qwen3-VL-8B-Instruct-RLVR_aligned
pulmonary atelectasis,lung hypoinflation in lung,0.1416015625,0,Qwen3-VL-8B-Instruct-RLVR_aligned
pulmonary atelectasis,lung hypoinflation in lung,0.96484375,1,Qwen3-VL-8B-Instruct-RLVR_aligned
pulmonary atelectasis,lung hypoinflation in lung,0.92578125,1,Qwen3-VL-8B-Instruct-RLVR_aligned
pulmonary atelectasis,lung hypoinflation in lung,0.20703125,0,Qwen3-VL-8B-Instruct-RLVR_aligned
pulmonary atelectasis,lung hypoinflation in lung,0.2060546875,0,Qwen3-VL-8B-Instruct-RLVR_aligned
spine,spondylosis,0.18359375,0,Qwen3-VL-8B-Instruct-RLVR_aligned
spine,spondylosis,0.10205078125,0,Qwen3-VL-8B-Instruct-RLVR_aligned
spine,spondylosis,0.296875,0,Qwen3-VL-8B-Instruct-RLVR_aligned
spine,spondylosis,1.0,0,Qwen3-VL-8B-Instruct-RLVR_aligned
spine,spondylosis,0.17578125,0,Qwen3-VL-8B-Instruct-RLVR_aligned
normal,normal,0.0177001953125,0,Qwen3-VL-8B-Instruct-RLVR_aligned
normal,normal,0.0177001953125,0,Qwen3-VL-8B-Instruct-RLVR_aligned
normal,normal,0.0177001953125,0,Qwen3-VL-8B-Instruct-RLVR_aligned
pulmonary atelectasis,pleural effusion,0.1796875,0,Qwen3-VL-8B-Instruct-RLVR_aligned
pulmonary atelectasis,pleural effusion,0.7421875,1,Qwen3-VL-8B-Instruct-RLVR_aligned
pulmonary atelectasis,pleural effusion,0.984375,1,Qwen3-VL-8B-Instruct-RLVR_aligned
pulmonary atelectasis,pleural effusion,0.94921875,1,Qwen3-VL-8B-Instruct-RLVR_aligned
normal,normal,0.0177001953125,0,Qwen3-VL-8B-Instruct-RLVR_aligned
surgical instruments,surgical instruments,0.2333984375,0,Qwen3-VL-8B-Instruct-RLVR_aligned
surgical instruments,surgical instruments,0.142578125,1,Qwen3-VL-8B-Instruct-RLVR_aligned
surgical instruments,surgical instruments,0.55078125,1,Qwen3-VL-8B-Instruct-RLVR_aligned
degenerative change,degenerative change in thoracic vertebrae,0.2021484375,0,Qwen3-VL-8B-Instruct-RLVR_aligned
degenerative change,degenerative change in thoracic vertebrae,0.62109375,0,Qwen3-VL-8B-Instruct-RLVR_aligned
degenerative change,degenerative change in thoracic vertebrae,0.58984375,0,Qwen3-VL-8B-Instruct-RLVR_aligned
degenerative change,degenerative change in thoracic vertebrae,0.26953125,0,Qwen3-VL-8B-Instruct-RLVR_aligned
degenerative change,degenerative change in thoracic vertebrae,0.62109375,0,Qwen3-VL-8B-Instruct-RLVR_aligned
degenerative change,degenerative change in thoracic vertebrae,0.88671875,0,Qwen3-VL-8B-Instruct-RLVR_aligned
degenerative change,degenerative change in thoracic vertebrae,0.8125,0,Qwen3-VL-8B-Instruct-RLVR_aligned
degenerative change,degenerative change in thoracic vertebrae,0.90234375,0,Qwen3-VL-8B-Instruct-RLVR_aligned
degenerative change,degenerative change in thoracic vertebrae,0.8046875,0,Qwen3-VL-8B-Instruct-RLVR_aligned
degenerative change,degenerative change in thoracic vertebrae,0.27734375,0,Qwen3-VL-8B-Instruct-RLVR_aligned
normal,normal,0.0177001953125,0,Qwen3-VL-8B-Instruct-RLVR_aligned
chronic illness considered diagnosis,"fractures, bone",0.087890625,0,Qwen3-VL-8B-Instruct-RLVR_aligned
chronic illness considered diagnosis,"fractures, bone",0.2890625,0,Qwen3-VL-8B-Instruct-RLVR_aligned
chronic illness considered diagnosis,"fractures, bone",0.828125,0,Qwen3-VL-8B-Instruct-RLVR_aligned
chronic illness considered diagnosis,"fractures, bone",0.1416015625,1,Qwen3-VL-8B-Instruct-RLVR_aligned
chronic illness considered diagnosis,"fractures, bone",0.07666015625,0,Qwen3-VL-8B-Instruct-RLVR_aligned
normal,normal,0.0177001953125,0,Qwen3-VL-8B-Instruct-RLVR_aligned
lucent structures in lungs,"lung, hyperlucent",0.296875,0,Qwen3-VL-8B-Instruct-RLVR_aligned
lucent structures in lungs,"lung, hyperlucent",0.0830078125,0,Qwen3-VL-8B-Instruct-RLVR_aligned
lucent structures in lungs,"lung, hyperlucent",0.078125,0,Qwen3-VL-8B-Instruct-RLVR_aligned
lucent structures in lungs,"lung, hyperlucent",0.06591796875,0,Qwen3-VL-8B-Instruct-RLVR_aligned
atherosclerosis,atherosclerosis,0.2294921875,0,Qwen3-VL-8B-Instruct-RLVR_aligned
atherosclerosis,atherosclerosis,0.8828125,1,Qwen3-VL-8B-Instruct-RLVR_aligned
atherosclerosis,atherosclerosis,0.7890625,1,Qwen3-VL-8B-Instruct-RLVR_aligned
normal,normal,0.0177001953125,0,Qwen3-VL-8B-Instruct-RLVR_aligned
lung hypoinflation in lung,lung hypoinflation in lung,0.07177734375,0,Qwen3-VL-8B-Instruct-RLVR_aligned
lung hypoinflation in lung,lung hypoinflation in lung,0.2138671875,1,Qwen3-VL-8B-Instruct-RLVR_aligned
lung hypoinflation in lung,lung hypoinflation in lung,0.8984375,1,Qwen3-VL-8B-Instruct-RLVR_aligned
lung hypoinflation in lung,lung hypoinflation in lung,1.0,1,Qwen3-VL-8B-Instruct-RLVR_aligned
lung hypoinflation in lung,lung hypoinflation in lung,0.78125,1,Qwen3-VL-8B-Instruct-RLVR_aligned
lung hypoinflation in lung,lung hypoinflation in lung,0.7265625,1,Qwen3-VL-8B-Instruct-RLVR_aligned
pleural effusion,blunted costophrenic angle in costophrenic angle,0.2451171875,0,Qwen3-VL-8B-Instruct-RLVR_aligned
pleural effusion,blunted costophrenic angle in costophrenic angle,0.216796875,0,Qwen3-VL-8B-Instruct-RLVR_aligned
pleural effusion,blunted costophrenic angle in costophrenic angle,0.4765625,1,Qwen3-VL-8B-Instruct-RLVR_aligned
pleural effusion,blunted costophrenic angle in costophrenic angle,0.953125,1,Qwen3-VL-8B-Instruct-RLVR_aligned
pleural effusion,blunted costophrenic angle in costophrenic angle,1.0,1,Qwen3-VL-8B-Instruct-RLVR_aligned
pleural effusion,blunted costophrenic angle in costophrenic angle,0.99609375,1,Qwen3-VL-8B-Instruct-RLVR_aligned
pleural effusion,blunted costophrenic angle in costophrenic angle,0.267578125,0,Qwen3-VL-8B-Instruct-RLVR_aligned
pleural effusion,blunted costophrenic angle in costophrenic angle,0.11572265625,0,Qwen3-VL-8B-Instruct-RLVR_aligned
pleural effusion,blunted costophrenic angle in costophrenic angle,0.54296875,0,Qwen3-VL-8B-Instruct-RLVR_aligned
pleural effusion,blunted costophrenic angle in costophrenic angle,0.82421875,1,Qwen3-VL-8B-Instruct-RLVR_aligned
pleural effusion,blunted costophrenic angle in costophrenic angle,0.9921875,1,Qwen3-VL-8B-Instruct-RLVR_aligned
pleural effusion,blunted costophrenic angle in costophrenic angle,0.98046875,1,Qwen3-VL-8B-Instruct-RLVR_aligned
pleural effusion,blunted costophrenic angle in costophrenic angle,0.333984375,1,Qwen3-VL-8B-Instruct-RLVR_aligned
normal,normal,0.0177001953125,0,Qwen3-VL-8B-Instruct-RLVR_aligned
fracture,lucency in ribs right posterior,0.06396484375,0,Qwen3-VL-8B-Instruct-RLVR_aligned
fracture,lucency in ribs right posterior,0.068359375,0,Qwen3-VL-8B-Instruct-RLVR_aligned
fracture,lucency in ribs right posterior,0.091796875,0,Qwen3-VL-8B-Instruct-RLVR_aligned
fracture,lucency in ribs right posterior,0.150390625,0,Qwen3-VL-8B-Instruct-RLVR_aligned
fracture,lucency in ribs right posterior,0.232421875,0,Qwen3-VL-8B-Instruct-RLVR_aligned
fracture,lucency in ribs right posterior,0.380859375,0,Qwen3-VL-8B-Instruct-RLVR_aligned
fracture,lucency in ribs right posterior,0.62890625,0,Qwen3-VL-8B-Instruct-RLVR_aligned
calcinosis,cardiomegaly,0.12109375,0,Qwen3-VL-8B-Instruct-RLVR_aligned
calcinosis,cardiomegaly,0.9921875,0,Qwen3-VL-8B-Instruct-RLVR_aligned
calcinosis,cardiomegaly,0.58984375,0,Qwen3-VL-8B-Instruct-RLVR_aligned
calcinosis,cardiomegaly,0.408203125,0,Qwen3-VL-8B-Instruct-RLVR_aligned
calcinosis,cardiomegaly,0.11083984375,0,Qwen3-VL-8B-Instruct-RLVR_aligned
normal,normal,0.0177001953125,0,Qwen3-VL-8B-Instruct-RLVR_aligned
pulmonary nodule,round opacity in opacity,0.04931640625,0,Qwen3-VL-8B-Instruct-RLVR_aligned
pulmonary nodule,round opacity in opacity,0.12158203125,0,Qwen3-VL-8B-Instruct-RLVR_aligned
pulmonary nodule,round opacity in opacity,0.11865234375,0,Qwen3-VL-8B-Instruct-RLVR_aligned
pulmonary nodule,round opacity in opacity,0.275390625,0,Qwen3-VL-8B-Instruct-RLVR_aligned
borderline finding in opacity,cardiomegaly,0.419921875,0,Qwen3-VL-8B-Instruct-RLVR_aligned
borderline finding in opacity,cardiomegaly,0.37890625,0,Qwen3-VL-8B-Instruct-RLVR_aligned
borderline finding in opacity,cardiomegaly,0.70703125,1,Qwen3-VL-8B-Instruct-RLVR_aligned
borderline finding in opacity,cardiomegaly,0.97265625,1,Qwen3-VL-8B-Instruct-RLVR_aligned
borderline finding in opacity,cardiomegaly,0.609375,1,Qwen3-VL-8B-Instruct-RLVR_aligned
pulmonary atelectasis,lung hypoinflation in lung,0.1806640625,0,Qwen3-VL-8B-Instruct-RLVR_aligned
pulmonary atelectasis,lung hypoinflation in lung,0.1416015625,0,Qwen3-VL-8B-Instruct-RLVR_aligned
pulmonary atelectasis,lung hypoinflation in lung,0.96484375,1,Qwen3-VL-8B-Instruct-RLVR_aligned
pulmonary atelectasis,lung hypoinflation in lung,0.92578125,1,Qwen3-VL-8B-Instruct-RLVR_aligned
pulmonary atelectasis,lung hypoinflation in lung,0.20703125,0,Qwen3-VL-8B-Instruct-RLVR_aligned
pulmonary atelectasis,lung hypoinflation in lung,0.2060546875,0,Qwen3-VL-8B-Instruct-RLVR_aligned
normal,normal,0.0177001953125,0,Qwen3-VL-8B-Instruct-RLVR_aligned
pulmonary atelectasis,pulmonary atelectasis,0.1806640625,0,Qwen3-VL-8B-Instruct-RLVR_aligned
pulmonary atelectasis,pulmonary atelectasis,0.9375,1,Qwen3-VL-8B-Instruct-RLVR_aligned
pulmonary atelectasis,pulmonary atelectasis,0.9921875,1,Qwen3-VL-8B-Instruct-RLVR_aligned
pulmonary atelectasis,pulmonary atelectasis,0.88671875,1,Qwen3-VL-8B-Instruct-RLVR_aligned
pulmonary atelectasis,pulmonary atelectasis,1.0,1,Qwen3-VL-8B-Instruct-RLVR_aligned
pulmonary atelectasis,pulmonary atelectasis,0.9375,1,Qwen3-VL-8B-Instruct-RLVR_aligned
normal,normal,0.0177001953125,0,Qwen3-VL-8B-Instruct-RLVR_aligned
normal,normal,0.0177001953125,0,Qwen3-VL-8B-Instruct-RLVR_aligned
degenerative change in spine,degenerative change in spine,0.5078125,0,Qwen3-VL-8B-Instruct-RLVR_aligned
degenerative change in spine,degenerative change in spine,0.0654296875,0,Qwen3-VL-8B-Instruct-RLVR_aligned
degenerative change in spine,degenerative change in spine,0.828125,0,Qwen3-VL-8B-Instruct-RLVR_aligned
degenerative change in spine,degenerative change in spine,0.431640625,1,Qwen3-VL-8B-Instruct-RLVR_aligned
degenerative change in spine,degenerative change in spine,0.91015625,1,Qwen3-VL-8B-Instruct-RLVR_aligned
degenerative change in spine,degenerative change in spine,0.470703125,0,Qwen3-VL-8B-Instruct-RLVR_aligned
normal,normal,0.0177001953125,0,Qwen3-VL-8B-Instruct-RLVR_aligned
cardiomegaly,scoliosis,0.1796875,0,Qwen3-VL-8B-Instruct-RLVR_aligned
cardiomegaly,scoliosis,0.2353515625,0,Qwen3-VL-8B-Instruct-RLVR_aligned
cardiomegaly,scoliosis,0.1328125,0,Qwen3-VL-8B-Instruct-RLVR_aligned
normal,normal,0.0177001953125,0,Qwen3-VL-8B-Instruct-RLVR_aligned
cardiomegaly,cardiomegaly,0.66796875,0,Qwen3-VL-8B-Instruct-RLVR_aligned
cardiomegaly,cardiomegaly,0.734375,0,Qwen3-VL-8B-Instruct-RLVR_aligned
cardiomegaly,cardiomegaly,0.73046875,0,Qwen3-VL-8B-Instruct-RLVR_aligned
cardiomegaly,cardiomegaly,0.9453125,0,Qwen3-VL-8B-Instruct-RLVR_aligned
cardiomegaly,cardiomegaly,0.1318359375,0,Qwen3-VL-8B-Instruct-RLVR_aligned
pulmonary nodule,calcinosis,0.09423828125,0,Qwen3-VL-8B-Instruct-RLVR_aligned
pulmonary nodule,calcinosis,0.421875,0,Qwen3-VL-8B-Instruct-RLVR_aligned
pulmonary nodule,calcinosis,0.83203125,1,Qwen3-VL-8B-Instruct-RLVR_aligned
calcinosis,atherosclerosis,0.306640625,0,Qwen3-VL-8B-Instruct-RLVR_aligned
calcinosis,atherosclerosis,0.96484375,1,Qwen3-VL-8B-Instruct-RLVR_aligned
calcinosis,atherosclerosis,0.5625,0,Qwen3-VL-8B-Instruct-RLVR_aligned
normal,normal,0.0177001953125,0,Qwen3-VL-8B-Instruct-RLVR_aligned
normal,normal,0.0177001953125,0,Qwen3-VL-8B-Instruct-RLVR_aligned
normal,normal,0.0177001953125,0,Qwen3-VL-8B-Instruct-RLVR_aligned
normal,normal,0.0177001953125,0,Qwen3-VL-8B-Instruct-RLVR_aligned
granuloma,granuloma,0.46484375,0,Qwen3-VL-8B-Instruct-RLVR_aligned
granuloma,granuloma,0.0732421875,0,Qwen3-VL-8B-Instruct-RLVR_aligned
granuloma,granuloma,0.13671875,0,Qwen3-VL-8B-Instruct-RLVR_aligned
cardiomegaly,cardiomegaly,0.66796875,0,Qwen3-VL-8B-Instruct-RLVR_aligned
cardiomegaly,cardiomegaly,0.734375,0,Qwen3-VL-8B-Instruct-RLVR_aligned
cardiomegaly,cardiomegaly,0.73046875,0,Qwen3-VL-8B-Instruct-RLVR_aligned
cardiomegaly,cardiomegaly,0.9453125,0,Qwen3-VL-8B-Instruct-RLVR_aligned
cardiomegaly,cardiomegaly,0.1318359375,0,Qwen3-VL-8B-Instruct-RLVR_aligned
spondylosis,spondylosis,0.8359375,0,Qwen3-VL-8B-Instruct-RLVR_aligned
spondylosis,spondylosis,0.984375,0,Qwen3-VL-8B-Instruct-RLVR_aligned
spondylosis,spondylosis,0.99609375,0,Qwen3-VL-8B-Instruct-RLVR_aligned
spondylosis,spondylosis,0.82421875,0,Qwen3-VL-8B-Instruct-RLVR_aligned
spondylosis,spondylosis,0.15234375,0,Qwen3-VL-8B-Instruct-RLVR_aligned
hernia,"hernia, hiatal",0.0498046875,0,Qwen3-VL-8B-Instruct-RLVR_aligned
hernia,"hernia, hiatal",0.462890625,0,Qwen3-VL-8B-Instruct-RLVR_aligned
hernia,"hernia, hiatal",0.1630859375,0,Qwen3-VL-8B-Instruct-RLVR_aligned
hernia,"hernia, hiatal",0.0849609375,0,Qwen3-VL-8B-Instruct-RLVR_aligned
hernia,"hernia, hiatal",0.58203125,0,Qwen3-VL-8B-Instruct-RLVR_aligned
hernia,"hernia, hiatal",0.8828125,0,Qwen3-VL-8B-Instruct-RLVR_aligned
calcinosis,calcified granuloma,0.11865234375,0,Qwen3-VL-8B-Instruct-RLVR_aligned
calcinosis,calcified granuloma,0.1015625,0,Qwen3-VL-8B-Instruct-RLVR_aligned
calcinosis,calcified granuloma,0.2158203125,0,Qwen3-VL-8B-Instruct-RLVR_aligned
calcinosis,calcified granuloma,0.94140625,1,Qwen3-VL-8B-Instruct-RLVR_aligned
calcinosis,calcified granuloma,0.609375,1,Qwen3-VL-8B-Instruct-RLVR_aligned
pulmonary opacity,pulmonary opacity,0.154296875,0,Qwen3-VL-8B-Instruct-RLVR_aligned
pulmonary opacity,pulmonary opacity,0.87890625,1,Qwen3-VL-8B-Instruct-RLVR_aligned
pulmonary opacity,pulmonary opacity,0.99609375,1,Qwen3-VL-8B-Instruct-RLVR_aligned
pulmonary opacity,pulmonary opacity,0.6953125,1,Qwen3-VL-8B-Instruct-RLVR_aligned
pulmonary atelectasis,lung hypoinflation in lung,0.1806640625,0,Qwen3-VL-8B-Instruct-RLVR_aligned
pulmonary atelectasis,lung hypoinflation in lung,0.1416015625,0,Qwen3-VL-8B-Instruct-RLVR_aligned
pulmonary atelectasis,lung hypoinflation in lung,0.96484375,1,Qwen3-VL-8B-Instruct-RLVR_aligned
pulmonary atelectasis,lung hypoinflation in lung,0.92578125,1,Qwen3-VL-8B-Instruct-RLVR_aligned
pulmonary atelectasis,lung hypoinflation in lung,0.20703125,0,Qwen3-VL-8B-Instruct-RLVR_aligned
pulmonary atelectasis,lung hypoinflation in lung,0.2060546875,0,Qwen3-VL-8B-Instruct-RLVR_aligned
calcified granuloma,calcified granuloma,0.89453125,0,Qwen3-VL-8B-Instruct-RLVR_aligned
calcified granuloma,calcified granuloma,0.19921875,0,Qwen3-VL-8B-Instruct-RLVR_aligned
calcified granuloma,calcified granuloma,0.3984375,0,Qwen3-VL-8B-Instruct-RLVR_aligned
calcified granuloma,calcified granuloma,0.353515625,0,Qwen3-VL-8B-Instruct-RLVR_aligned
calcified granuloma,calcified granuloma,1.0,0,Qwen3-VL-8B-Instruct-RLVR_aligned
normal,normal,0.0177001953125,0,Qwen3-VL-8B-Instruct-RLVR_aligned
normal,normal,0.0177001953125,0,Qwen3-VL-8B-Instruct-RLVR_aligned
pleural effusion,cicatrix,0.2412109375,0,Qwen3-VL-8B-Instruct-RLVR_aligned
pleural effusion,cicatrix,0.49609375,0,Qwen3-VL-8B-Instruct-RLVR_aligned
pleural effusion,cicatrix,0.0869140625,0,Qwen3-VL-8B-Instruct-RLVR_aligned
pulmonary atelectasis,cardiomegaly,0.28125,0,Qwen3-VL-8B-Instruct-RLVR_aligned
pulmonary atelectasis,cardiomegaly,0.228515625,0,Qwen3-VL-8B-Instruct-RLVR_aligned
pulmonary atelectasis,cardiomegaly,0.65234375,1,Qwen3-VL-8B-Instruct-RLVR_aligned
pulmonary atelectasis,cardiomegaly,1.0,1,Qwen3-VL-8B-Instruct-RLVR_aligned
pulmonary atelectasis,cardiomegaly,0.98046875,1,Qwen3-VL-8B-Instruct-RLVR_aligned
lung hyperdistention in lung,lung hyperdistention in lung,0.166015625,0,Qwen3-VL-8B-Instruct-RLVR_aligned
lung hyperdistention in lung,lung hyperdistention in lung,0.10791015625,1,Qwen3-VL-8B-Instruct-RLVR_aligned
lung hyperdistention in lung,lung hyperdistention in lung,0.83984375,1,Qwen3-VL-8B-Instruct-RLVR_aligned
lung hyperdistention in lung,lung hyperdistention in lung,0.99609375,1,Qwen3-VL-8B-Instruct-RLVR_aligned
lung hyperdistention in lung,lung hyperdistention in lung,0.41015625,1,Qwen3-VL-8B-Instruct-RLVR_aligned
lung hyperdistention in lung,lung hyperdistention in lung,0.57421875,1,Qwen3-VL-8B-Instruct-RLVR_aligned
pulmonary emphysema,atherosclerosis,0.1611328125,0,Qwen3-VL-8B-Instruct-RLVR_aligned
pulmonary emphysema,atherosclerosis,0.97265625,1,Qwen3-VL-8B-Instruct-RLVR_aligned
pulmonary emphysema,atherosclerosis,0.92578125,1,Qwen3-VL-8B-Instruct-RLVR_aligned
normal,normal,0.0177001953125,0,Qwen3-VL-8B-Instruct-RLVR_aligned
scoliosis,scoliosis,1.0,0,Qwen3-VL-8B-Instruct-RLVR_aligned
scoliosis,scoliosis,0.2421875,0,Qwen3-VL-8B-Instruct-RLVR_aligned
scoliosis,scoliosis,0.4140625,1,Qwen3-VL-8B-Instruct-RLVR_aligned
"pulmonary disease, chronic obstruct",arthritis,1.0,0,Qwen3-VL-8B-Instruct-RLVR_aligned
"pulmonary disease, chronic obstruct",arthritis,0.212890625,0,Qwen3-VL-8B-Instruct-RLVR_aligned
degenerative change in thor,degenerative change in thoracic vertebrae,0.13671875,0,Qwen3-VL-8B-Instruct-RLVR_aligned
degenerative change in thor,degenerative change in thoracic vertebrae,0.0966796875,0,Qwen3-VL-8B-Instruct-RLVR_aligned
degenerative change in thor,degenerative change in thoracic vertebrae,0.98046875,1,Qwen3-VL-8B-Instruct-RLVR_aligned
degenerative change in thor,degenerative change in thoracic vertebrae,0.81640625,1,Qwen3-VL-8B-Instruct-RLVR_aligned
degenerative change in thor,degenerative change in thoracic vertebrae,0.9375,1,Qwen3-VL-8B-Instruct-RLVR_aligned
degenerative change in thor,degenerative change in thoracic vertebrae,0.76171875,1,Qwen3-VL-8B-Instruct-RLVR_aligned
degenerative change in thor,degenerative change in thoracic vertebrae,0.87890625,1,Qwen3-VL-8B-Instruct-RLVR_aligned
degenerative change in thor,degenerative change in thoracic vertebrae,0.70703125,0,Qwen3-VL-8B-Instruct-RLVR_aligned
degenerative change in thor,degenerative change in thoracic vertebrae,0.98046875,1,Qwen3-VL-8B-Instruct-RLVR_aligned
degenerative change in thor,degenerative change in thoracic vertebrae,0.87109375,1,Qwen3-VL-8B-Instruct-RLVR_aligned
pulmonary nodule,pulmonary nodule,0.09423828125,0,Qwen3-VL-8B-Instruct-RLVR_aligned
pulmonary nodule,pulmonary nodule,0.90625,1,Qwen3-VL-8B-Instruct-RLVR_aligned
pulmonary nodule,pulmonary nodule,0.9921875,1,Qwen3-VL-8B-Instruct-RLVR_aligned
pulmonary nodule,pulmonary nodule,0.60546875,1,Qwen3-VL-8B-Instruct-RLVR_aligned
pulmonary nodule,pulmonary nodule,1.0,1,Qwen3-VL-8B-Instruct-RLVR_aligned
cardiomegaly,cardiomegaly,0.66796875,0,Qwen3-VL-8B-Instruct-RLVR_aligned
cardiomegaly,cardiomegaly,0.734375,0,Qwen3-VL-8B-Instruct-RLVR_aligned
cardiomegaly,cardiomegaly,0.73046875,0,Qwen3-VL-8B-Instruct-RLVR_aligned
cardiomegaly,cardiomegaly,0.9453125,0,Qwen3-VL-8B-Instruct-RLVR_aligned
cardiomegaly,cardiomegaly,0.1318359375,0,Qwen3-VL-8B-Instruct-RLVR_aligned
degenerative change in spine,degenerative change in spine,0.5078125,0,Qwen3-VL-8B-Instruct-RLVR_aligned
degenerative change in spine,degenerative change in spine,0.0654296875,0,Qwen3-VL-8B-Instruct-RLVR_aligned
degenerative change in spine,degenerative change in spine,0.828125,0,Qwen3-VL-8B-Instruct-RLVR_aligned
degenerative change in spine,degenerative change in spine,0.431640625,1,Qwen3-VL-8B-Instruct-RLVR_aligned
degenerative change in spine,degenerative change in spine,0.91015625,1,Qwen3-VL-8B-Instruct-RLVR_aligned
degenerative change in spine,degenerative change in spine,0.470703125,0,Qwen3-VL-8B-Instruct-RLVR_aligned
normal,normal,0.0177001953125,0,Qwen3-VL-8B-Instruct-RLVR_aligned
cardiomegaly,cardiomegaly,0.66796875,0,Qwen3-VL-8B-Instruct-RLVR_aligned
cardiomegaly,cardiomegaly,0.734375,0,Qwen3-VL-8B-Instruct-RLVR_aligned
cardiomegaly,cardiomegaly,0.73046875,0,Qwen3-VL-8B-Instruct-RLVR_aligned
cardiomegaly,cardiomegaly,0.9453125,0,Qwen3-VL-8B-Instruct-RLVR_aligned
cardiomegaly,cardiomegaly,0.1318359375,0,Qwen3-VL-8B-Instruct-RLVR_aligned
normal,normal,0.0177001953125,0,Qwen3-VL-8B-Instruct-RLVR_aligned
indeterminate opacity,calcified granuloma,0.166015625,0,Qwen3-VL-8B-Instruct-RLVR_aligned
indeterminate opacity,calcified granuloma,0.408203125,0,Qwen3-VL-8B-Instruct-RLVR_aligned
indeterminate opacity,calcified granuloma,0.373046875,0,Qwen3-VL-8B-Instruct-RLVR_aligned
indeterminate opacity,calcified granuloma,0.6171875,1,Qwen3-VL-8B-Instruct-RLVR_aligned
indeterminate opacity,calcified granuloma,0.5234375,1,Qwen3-VL-8B-Instruct-RLVR_aligned
arthritis,arthritis,0.3203125,0,Qwen3-VL-8B-Instruct-RLVR_aligned
arthritis,arthritis,0.984375,1,Qwen3-VL-8B-Instruct-RLVR_aligned
normal,normal,0.0177001953125,0,Qwen3-VL-8B-Instruct-RLVR_aligned
normal,normal,0.0177001953125,0,Qwen3-VL-8B-Instruct-RLVR_aligned
normal,normal,0.0177001953125,0,Qwen3-VL-8B-Instruct-RLVR_aligned
normal,normal,0.0177001953125,0,Qwen3-VL-8B-Instruct-RLVR_aligned
normal,normal,0.0177001953125,0,Qwen3-VL-8B-Instruct-RLVR_aligned
normal,normal,0.0177001953125,0,Qwen3-VL-8B-Instruct-RLVR_aligned
"pulmonary disease, chronic obstruct",chest pain,1.0,0,Qwen3-VL-8B-Instruct-RLVR_aligned
"pulmonary disease, chronic obstruct",chest pain,0.1396484375,0,Qwen3-VL-8B-Instruct-RLVR_aligned
granuloma,scoliosis,0.2373046875,0,Qwen3-VL-8B-Instruct-RLVR_aligned
granuloma,scoliosis,0.055419921875,0,Qwen3-VL-8B-Instruct-RLVR_aligned
granuloma,scoliosis,0.1484375,0,Qwen3-VL-8B-Instruct-RLVR_aligned
normal,normal,0.0177001953125,0,Qwen3-VL-8B-Instruct-RLVR_aligned
cardiomegaly,cardiomegaly,0.66796875,0,Qwen3-VL-8B-Instruct-RLVR_aligned
cardiomegaly,cardiomegaly,0.734375,0,Qwen3-VL-8B-Instruct-RLVR_aligned
cardiomegaly,cardiomegaly,0.73046875,0,Qwen3-VL-8B-Instruct-RLVR_aligned
cardiomegaly,cardiomegaly,0.9453125,0,Qwen3-VL-8B-Instruct-RLVR_aligned
cardiomegaly,cardiomegaly,0.1318359375,0,Qwen3-VL-8B-Instruct-RLVR_aligned
normal,normal,0.0177001953125,0,Qwen3-VL-8B-Instruct-RLVR_aligned
normal,normal,0.0177001953125,0,Qwen3-VL-8B-Instruct-RLVR_aligned
pulmonary atelectasis,pulmonary atelectasis,0.1806640625,0,Qwen3-VL-8B-Instruct-RLVR_aligned
pulmonary atelectasis,pulmonary atelectasis,0.9375,1,Qwen3-VL-8B-Instruct-RLVR_aligned
pulmonary atelectasis,pulmonary atelectasis,0.9921875,1,Qwen3-VL-8B-Instruct-RLVR_aligned
pulmonary atelectasis,pulmonary atelectasis,0.88671875,1,Qwen3-VL-8B-Instruct-RLVR_aligned
pulmonary atelectasis,pulmonary atelectasis,1.0,1,Qwen3-VL-8B-Instruct-RLVR_aligned
pulmonary atelectasis,pulmonary atelectasis,0.9375,1,Qwen3-VL-8B-Instruct-RLVR_aligned
sutures,cicatrix,0.130859375,0,Qwen3-VL-8B-Instruct-RLVR_aligned
sutures,cicatrix,0.462890625,0,Qwen3-VL-8B-Instruct-RLVR_aligned
sutures,cicatrix,0.056640625,0,Qwen3-VL-8B-Instruct-RLVR_aligned
normal,normal,0.0177001953125,0,Qwen3-VL-8B-Instruct-RLVR_aligned
atelectasis,pulmonary opacity,0.2578125,0,Qwen3-VL-8B-Instruct-RLVR_aligned
atelectasis,pulmonary opacity,0.283203125,0,Qwen3-VL-8B-Instruct-RLVR_aligned
atelectasis,pulmonary opacity,0.8984375,1,Qwen3-VL-8B-Instruct-RLVR_aligned
atelectasis,pulmonary opacity,0.09912109375,0,Qwen3-VL-8B-Instruct-RLVR_aligned
cardiomegaly,cardiomegaly,0.66796875,0,Qwen3-VL-8B-Instruct-RLVR_aligned
cardiomegaly,cardiomegaly,0.734375,0,Qwen3-VL-8B-Instruct-RLVR_aligned
cardiomegaly,cardiomegaly,0.73046875,0,Qwen3-VL-8B-Instruct-RLVR_aligned
cardiomegaly,cardiomegaly,0.9453125,0,Qwen3-VL-8B-Instruct-RLVR_aligned
cardiomegaly,cardiomegaly,0.1318359375,0,Qwen3-VL-8B-Instruct-RLVR_aligned
pulmonary nodule,airspace disease,0.09423828125,0,Qwen3-VL-8B-Instruct-RLVR_aligned
pulmonary nodule,airspace disease,0.9140625,1,Qwen3-VL-8B-Instruct-RLVR_aligned
pulmonary nodule,airspace disease,0.478515625,0,Qwen3-VL-8B-Instruct-RLVR_aligned
pulmonary atelectasis,pulmonary atelectasis,0.1806640625,0,Qwen3-VL-8B-Instruct-RLVR_aligned
pulmonary atelectasis,pulmonary atelectasis,0.9375,1,Qwen3-VL-8B-Instruct-RLVR_aligned
pulmonary atelectasis,pulmonary atelectasis,0.9921875,1,Qwen3-VL-8B-Instruct-RLVR_aligned
pulmonary atelectasis,pulmonary atelectasis,0.88671875,1,Qwen3-VL-8B-Instruct-RLVR_aligned
pulmonary atelectasis,pulmonary atelectasis,1.0,1,Qwen3-VL-8B-Instruct-RLVR_aligned
pulmonary atelectasis,pulmonary atelectasis,0.9375,1,Qwen3-VL-8B-Instruct-RLVR_aligned
normal,normal,0.0177001953125,0,Qwen3-VL-8B-Instruct-RLVR_aligned
cardiomegaly,cardiomegaly,0.66796875,0,Qwen3-VL-8B-Instruct-RLVR_aligned
cardiomegaly,cardiomegaly,0.734375,0,Qwen3-VL-8B-Instruct-RLVR_aligned
cardiomegaly,cardiomegaly,0.73046875,0,Qwen3-VL-8B-Instruct-RLVR_aligned
cardiomegaly,cardiomegaly,0.9453125,0,Qwen3-VL-8B-Instruct-RLVR_aligned
cardiomegaly,cardiomegaly,0.1318359375,0,Qwen3-VL-8B-Instruct-RLVR_aligned
scoliosis,kyphosis,1.0,0,Qwen3-VL-8B-Instruct-RLVR_aligned
scoliosis,kyphosis,0.09912109375,0,Qwen3-VL-8B-Instruct-RLVR_aligned
scoliosis,kyphosis,0.42578125,0,Qwen3-VL-8B-Instruct-RLVR_aligned
pulmonary atelectasis,pulmonary atelectasis,0.1806640625,0,Qwen3-VL-8B-Instruct-RLVR_aligned
pulmonary atelectasis,pulmonary atelectasis,0.9375,1,Qwen3-VL-8B-Instruct-RLVR_aligned
pulmonary atelectasis,pulmonary atelectasis,0.9921875,1,Qwen3-VL-8B-Instruct-RLVR_aligned
pulmonary atelectasis,pulmonary atelectasis,0.88671875,1,Qwen3-VL-8B-Instruct-RLVR_aligned
pulmonary atelectasis,pulmonary atelectasis,1.0,1,Qwen3-VL-8B-Instruct-RLVR_aligned
pulmonary atelectasis,pulmonary atelectasis,0.9375,1,Qwen3-VL-8B-Instruct-RLVR_aligned
normal,normal,0.0177001953125,0,Qwen3-VL-8B-Instruct-RLVR_aligned
pulmonary atelectasis,pneumonia,0.1796875,0,Qwen3-VL-8B-Instruct-RLVR_aligned
pulmonary atelectasis,pneumonia,0.93359375,0,Qwen3-VL-8B-Instruct-RLVR_aligned
pulmonary atelectasis,pneumonia,0.98828125,1,Qwen3-VL-8B-Instruct-RLVR_aligned
pulmonary atelectasis,pneumonia,0.65234375,1,Qwen3-VL-8B-Instruct-RLVR_aligned
pulmonary nodule,pulmonary nodule,0.09423828125,0,Qwen3-VL-8B-Instruct-RLVR_aligned
pulmonary nodule,pulmonary nodule,0.90625,1,Qwen3-VL-8B-Instruct-RLVR_aligned
pulmonary nodule,pulmonary nodule,0.9921875,1,Qwen3-VL-8B-Instruct-RLVR_aligned
pulmonary nodule,pulmonary nodule,0.60546875,1,Qwen3-VL-8B-Instruct-RLVR_aligned
pulmonary nodule,pulmonary nodule,1.0,1,Qwen3-VL-8B-Instruct-RLVR_aligned
normal,normal,0.0177001953125,0,Qwen3-VL-8B-Instruct-RLVR_aligned
pulmonary atelectasis,pulmonary atelectasis,0.1806640625,0,Qwen3-VL-8B-Instruct-RLVR_aligned
pulmonary atelectasis,pulmonary atelectasis,0.9375,1,Qwen3-VL-8B-Instruct-RLVR_aligned
pulmonary atelectasis,pulmonary atelectasis,0.9921875,1,Qwen3-VL-8B-Instruct-RLVR_aligned
pulmonary atelectasis,pulmonary atelectasis,0.88671875,1,Qwen3-VL-8B-Instruct-RLVR_aligned
pulmonary atelectasis,pulmonary atelectasis,1.0,1,Qwen3-VL-8B-Instruct-RLVR_aligned
pulmonary atelectasis,pulmonary atelectasis,0.9375,1,Qwen3-VL-8B-Instruct-RLVR_aligned
atherosclerosis,atherosclerosis,0.2294921875,0,Qwen3-VL-8B-Instruct-RLVR_aligned
atherosclerosis,atherosclerosis,0.8828125,1,Qwen3-VL-8B-Instruct-RLVR_aligned
atherosclerosis,atherosclerosis,0.7890625,1,Qwen3-VL-8B-Instruct-RLVR_aligned
degenerative change,sclerosis,0.251953125,0,Qwen3-VL-8B-Instruct-RLVR_aligned
degenerative change,sclerosis,0.205078125,0,Qwen3-VL-8B-Instruct-RLVR_aligned
pulmonary nodule pul,pneumothorax,0.365234375,0,Qwen3-VL-8B-Instruct-RLVR_aligned
pulmonary nodule pul,pneumothorax,0.30078125,0,Qwen3-VL-8B-Instruct-RLVR_aligned
pulmonary nodule pul,pneumothorax,0.83203125,0,Qwen3-VL-8B-Instruct-RLVR_aligned
pulmonary nodule pul,pneumothorax,0.9921875,0,Qwen3-VL-8B-Instruct-RLVR_aligned
pulmonary nodule pul,pneumothorax,0.99609375,0,Qwen3-VL-8B-Instruct-RLVR_aligned
pulmonary nodule pul,pneumothorax,0.126953125,0,Qwen3-VL-8B-Instruct-RLVR_aligned
normal,normal,0.0177001953125,0,Qwen3-VL-8B-Instruct-RLVR_aligned
pulmonary hyperdistention,emphysema,0.2119140625,0,Qwen3-VL-8B-Instruct-RLVR_aligned
pulmonary hyperdistention,emphysema,0.490234375,1,Qwen3-VL-8B-Instruct-RLVR_aligned
pulmonary hyperdistention,emphysema,0.90234375,1,Qwen3-VL-8B-Instruct-RLVR_aligned
pulmonary hyperdistention,emphysema,0.95703125,1,Qwen3-VL-8B-Instruct-RLVR_aligned
lung hypoinflation,lung hypoinflation in lung,0.142578125,0,Qwen3-VL-8B-Instruct-RLVR_aligned
lung hypoinflation,lung hypoinflation in lung,0.375,1,Qwen3-VL-8B-Instruct-RLVR_aligned
lung hypoinflation,lung hypoinflation in lung,0.96875,1,Qwen3-VL-8B-Instruct-RLVR_aligned
lung hypoinflation,lung hypoinflation in lung,1.0,1,Qwen3-VL-8B-Instruct-RLVR_aligned
lung hypoinflation,lung hypoinflation in lung,0.1787109375,0,Qwen3-VL-8B-Instruct-RLVR_aligned
lung hypoinflation,lung hypoinflation in lung,0.181640625,0,Qwen3-VL-8B-Instruct-RLVR_aligned
normal,normal,0.0177001953125,0,Qwen3-VL-8B-Instruct-RLVR_aligned
normal,normal,0.0177001953125,0,Qwen3-VL-8B-Instruct-RLVR_aligned
pulmonary atelectasis,lung hypoinflation in lung,0.1806640625,0,Qwen3-VL-8B-Instruct-RLVR_aligned
pulmonary atelectasis,lung hypoinflation in lung,0.1416015625,0,Qwen3-VL-8B-Instruct-RLVR_aligned
pulmonary atelectasis,lung hypoinflation in lung,0.96484375,1,Qwen3-VL-8B-Instruct-RLVR_aligned
pulmonary atelectasis,lung hypoinflation in lung,0.92578125,1,Qwen3-VL-8B-Instruct-RLVR_aligned
pulmonary atelectasis,lung hypoinflation in lung,0.20703125,0,Qwen3-VL-8B-Instruct-RLVR_aligned
pulmonary atelectasis,lung hypoinflation in lung,0.2060546875,0,Qwen3-VL-8B-Instruct-RLVR_aligned
fracture,"fractures, bone",0.06396484375,0,Qwen3-VL-8B-Instruct-RLVR_aligned
fracture,"fractures, bone",0.98046875,1,Qwen3-VL-8B-Instruct-RLVR_aligned
fracture,"fractures, bone",0.98046875,0,Qwen3-VL-8B-Instruct-RLVR_aligned
fracture,"fractures, bone",0.08349609375,1,Qwen3-VL-8B-Instruct-RLVR_aligned
fracture,"fractures, bone",0.049560546875,0,Qwen3-VL-8B-Instruct-RLVR_aligned
normal,normal,0.0177001953125,0,Qwen3-VL-8B-Instruct-RLVR_aligned
cardiomegaly,pulmonary congestion,0.25390625,0,Qwen3-VL-8B-Instruct-RLVR_aligned
cardiomegaly,pulmonary congestion,0.95703125,0,Qwen3-VL-8B-Instruct-RLVR_aligned
cardiomegaly,pulmonary congestion,0.16015625,0,Qwen3-VL-8B-Instruct-RLVR_aligned
cardiomegaly,pulmonary congestion,0.130859375,0,Qwen3-VL-8B-Instruct-RLVR_aligned
normal,normal,0.0177001953125,0,Qwen3-VL-8B-Instruct-RLVR_aligned
degenerative change in spine,degenerative change in spine,0.5078125,0,Qwen3-VL-8B-Instruct-RLVR_aligned
degenerative change in spine,degenerative change in spine,0.0654296875,0,Qwen3-VL-8B-Instruct-RLVR_aligned
degenerative change in spine,degenerative change in spine,0.828125,0,Qwen3-VL-8B-Instruct-RLVR_aligned
degenerative change in spine,degenerative change in spine,0.431640625,1,Qwen3-VL-8B-Instruct-RLVR_aligned
degenerative change in spine,degenerative change in spine,0.91015625,1,Qwen3-VL-8B-Instruct-RLVR_aligned
degenerative change in spine,degenerative change in spine,0.470703125,0,Qwen3-VL-8B-Instruct-RLVR_aligned
pulmonary scar,cicatrix,0.37890625,0,Qwen3-VL-8B-Instruct-RLVR_aligned
pulmonary scar,cicatrix,0.080078125,0,Qwen3-VL-8B-Instruct-RLVR_aligned
pulmonary scar,cicatrix,0.1337890625,0,Qwen3-VL-8B-Instruct-RLVR_aligned
normal,normal,0.0177001953125,0,Qwen3-VL-8B-Instruct-RLVR_aligned
normal,normal,0.0177001953125,0,Qwen3-VL-8B-Instruct-RLVR_aligned
scarring,cicatrix,0.15625,0,Qwen3-VL-8B-Instruct-RLVR_aligned
scarring,cicatrix,0.4140625,0,Qwen3-VL-8B-Instruct-RLVR_aligned
scarring,cicatrix,0.0859375,0,Qwen3-VL-8B-Instruct-RLVR_aligned
cicatrix,emphysema,0.220703125,0,Qwen3-VL-8B-Instruct-RLVR_aligned
cicatrix,emphysema,0.06298828125,0,Qwen3-VL-8B-Instruct-RLVR_aligned
cicatrix,emphysema,0.81640625,0,Qwen3-VL-8B-Instruct-RLVR_aligned
cicatrix,emphysema,0.98828125,1,Qwen3-VL-8B-Instruct-RLVR_aligned
pulmonary edema,cardiomegaly,0.130859375,0,Qwen3-VL-8B-Instruct-RLVR_aligned
pulmonary edema,cardiomegaly,0.0517578125,0,Qwen3-VL-8B-Instruct-RLVR_aligned
pulmonary edema,cardiomegaly,0.34765625,1,Qwen3-VL-8B-Instruct-RLVR_aligned
pulmonary edema,cardiomegaly,0.96484375,1,Qwen3-VL-8B-Instruct-RLVR_aligned
pulmonary edema,cardiomegaly,0.984375,1,Qwen3-VL-8B-Instruct-RLVR_aligned
normal,normal,0.0177001953125,0,Qwen3-VL-8B-Instruct-RLVR_aligned
foreign bodies,inserted tube,0.1611328125,0,Qwen3-VL-8B-Instruct-RLVR_aligned
foreign bodies,inserted tube,0.71875,1,Qwen3-VL-8B-Instruct-RLVR_aligned
foreign bodies,inserted tube,0.51953125,0,Qwen3-VL-8B-Instruct-RLVR_aligned
degenerative change in spine,indwelling catheter,0.177734375,0,Qwen3-VL-8B-Instruct-RLVR_aligned
degenerative change in spine,indwelling catheter,0.162109375,0,Qwen3-VL-8B-Instruct-RLVR_aligned
degenerative change in spine,indwelling catheter,0.98828125,1,Qwen3-VL-8B-Instruct-RLVR_aligned
degenerative change in spine,indwelling catheter,0.205078125,0,Qwen3-VL-8B-Instruct-RLVR_aligned
degenerative change in spine,indwelling catheter,0.71484375,1,Qwen3-VL-8B-Instruct-RLVR_aligned
normal,normal,0.0177001953125,0,Qwen3-VL-8B-Instruct-RLVR_aligned
normal,normal,0.0177001953125,0,Qwen3-VL-8B-Instruct-RLVR_aligned
osteophyte,cicatrix,0.828125,0,Qwen3-VL-8B-Instruct-RLVR_aligned
osteophyte,cicatrix,0.142578125,0,Qwen3-VL-8B-Instruct-RLVR_aligned
osteophyte,cicatrix,0.07421875,0,Qwen3-VL-8B-Instruct-RLVR_aligned
"fractures, bone","fractures, bone",0.39453125,0,Qwen3-VL-8B-Instruct-RLVR_aligned
"fractures, bone","fractures, bone",1.0,1,Qwen3-VL-8B-Instruct-RLVR_aligned
"fractures, bone","fractures, bone",0.67578125,1,Qwen3-VL-8B-Instruct-RLVR_aligned
"fractures, bone","fractures, bone",0.6875,1,Qwen3-VL-8B-Instruct-RLVR_aligned
"fractures, bone","fractures, bone",0.25390625,1,Qwen3-VL-8B-Instruct-RLVR_aligned
normal,normal,0.0177001953125,0,Qwen3-VL-8B-Instruct-RLVR_aligned
pulmonary atelectasis,pulmonary atelectasis,0.1806640625,0,Qwen3-VL-8B-Instruct-RLVR_aligned
pulmonary atelectasis,pulmonary atelectasis,0.9375,1,Qwen3-VL-8B-Instruct-RLVR_aligned
pulmonary atelectasis,pulmonary atelectasis,0.9921875,1,Qwen3-VL-8B-Instruct-RLVR_aligned
pulmonary atelectasis,pulmonary atelectasis,0.88671875,1,Qwen3-VL-8B-Instruct-RLVR_aligned
pulmonary atelectasis,pulmonary atelectasis,1.0,1,Qwen3-VL-8B-Instruct-RLVR_aligned
pulmonary atelectasis,pulmonary atelectasis,0.9375,1,Qwen3-VL-8B-Instruct-RLVR_aligned
normal,normal,0.0177001953125,0,Qwen3-VL-8B-Instruct-RLVR_aligned
degenerative change in spine,degenerative change in thoracic vertebrae,0.5078125,0,Qwen3-VL-8B-Instruct-RLVR_aligned
degenerative change in spine,degenerative change in thoracic vertebrae,0.0654296875,0,Qwen3-VL-8B-Instruct-RLVR_aligned
degenerative change in spine,degenerative change in thoracic vertebrae,0.828125,0,Qwen3-VL-8B-Instruct-RLVR_aligned
degenerative change in spine,degenerative change in thoracic vertebrae,0.439453125,1,Qwen3-VL-8B-Instruct-RLVR_aligned
degenerative change in spine,degenerative change in thoracic vertebrae,0.90625,1,Qwen3-VL-8B-Instruct-RLVR_aligned
degenerative change in spine,degenerative change in thoracic vertebrae,0.4765625,0,Qwen3-VL-8B-Instruct-RLVR_aligned
degenerative change in spine,degenerative change in thoracic vertebrae,0.921875,1,Qwen3-VL-8B-Instruct-RLVR_aligned
degenerative change in spine,degenerative change in thoracic vertebrae,0.75390625,0,Qwen3-VL-8B-Instruct-RLVR_aligned
degenerative change in spine,degenerative change in thoracic vertebrae,0.953125,1,Qwen3-VL-8B-Instruct-RLVR_aligned
degenerative change in spine,degenerative change in thoracic vertebrae,0.78515625,1,Qwen3-VL-8B-Instruct-RLVR_aligned
cardiomegaly,calcified granuloma,0.66796875,0,Qwen3-VL-8B-Instruct-RLVR_aligned
cardiomegaly,calcified granuloma,0.3203125,1,Qwen3-VL-8B-Instruct-RLVR_aligned
cardiomegaly,calcified granuloma,0.59375,1,Qwen3-VL-8B-Instruct-RLVR_aligned
cardiomegaly,calcified granuloma,0.98046875,1,Qwen3-VL-8B-Instruct-RLVR_aligned
cardiomegaly,calcified granuloma,0.55859375,1,Qwen3-VL-8B-Instruct-RLVR_aligned
normal,normal,0.0177001953125,0,Qwen3-VL-8B-Instruct-RLVR_aligned
normal,normal,0.0177001953125,0,Qwen3-VL-8B-Instruct-RLVR_aligned
normal,normal,0.0177001953125,0,Qwen3-VL-8B-Instruct-RLVR_aligned
degenerative change in thor,pulmonary atelectasis,0.13671875,0,Qwen3-VL-8B-Instruct-RLVR_aligned
degenerative change in thor,pulmonary atelectasis,0.1044921875,0,Qwen3-VL-8B-Instruct-RLVR_aligned
degenerative change in thor,pulmonary atelectasis,0.2353515625,0,Qwen3-VL-8B-Instruct-RLVR_aligned
degenerative change in thor,pulmonary atelectasis,0.11376953125,0,Qwen3-VL-8B-Instruct-RLVR_aligned
degenerative change in thor,pulmonary atelectasis,0.98046875,1,Qwen3-VL-8B-Instruct-RLVR_aligned
degenerative change in thor,pulmonary atelectasis,0.97265625,1,Qwen3-VL-8B-Instruct-RLVR_aligned
pleural effusion,pneumothorax,0.2412109375,0,Qwen3-VL-8B-Instruct-RLVR_aligned
pleural effusion,pneumothorax,0.2421875,0,Qwen3-VL-8B-Instruct-RLVR_aligned
pleural effusion,pneumothorax,0.99609375,1,Qwen3-VL-8B-Instruct-RLVR_aligned
pleural effusion,pneumothorax,0.86328125,1,Qwen3-VL-8B-Instruct-RLVR_aligned
pleural effusion,pneumothorax,1.0,1,Qwen3-VL-8B-Instruct-RLVR_aligned
pleural effusion,pneumothorax,1.0,1,Qwen3-VL-8B-Instruct-RLVR_aligned
normal,normal,0.0177001953125,0,Qwen3-VL-8B-Instruct-RLVR_aligned
cardiomegaly,normal,0.0693359375,0,Qwen3-VL-8B-Instruct-RLVR_aligned
normal,normal,0.0177001953125,0,Qwen3-VL-8B-Instruct-RLVR_aligned
normal,normal,0.0177001953125,0,Qwen3-VL-8B-Instruct-RLVR_aligned
osteophyte,osteophyte,0.09814453125,0,Qwen3-VL-8B-Instruct-RLVR_aligned
osteophyte,osteophyte,0.6953125,1,Qwen3-VL-8B-Instruct-RLVR_aligned
osteophyte,osteophyte,0.98046875,1,Qwen3-VL-8B-Instruct-RLVR_aligned
pulmonary edema,pulmonary edema,0.267578125,0,Qwen3-VL-8B-Instruct-RLVR_aligned
pulmonary edema,pulmonary edema,0.99609375,0,Qwen3-VL-8B-Instruct-RLVR_aligned
pulmonary edema,pulmonary edema,0.9453125,0,Qwen3-VL-8B-Instruct-RLVR_aligned
pulmonary edema,pulmonary edema,0.9140625,0,Qwen3-VL-8B-Instruct-RLVR_aligned
pulmonary edema,pulmonary edema,0.2099609375,0,Qwen3-VL-8B-Instruct-RLVR_aligned
normal,normal,0.0177001953125,0,Qwen3-VL-8B-Instruct-RLVR_aligned
normal,normal,0.0177001953125,0,Qwen3-VL-8B-Instruct-RLVR_aligned
atherosclerosis,atherosclerosis,0.2294921875,0,Qwen3-VL-8B-Instruct-RLVR_aligned
atherosclerosis,atherosclerosis,0.8828125,1,Qwen3-VL-8B-Instruct-RLVR_aligned
atherosclerosis,atherosclerosis,0.7890625,1,Qwen3-VL-8B-Instruct-RLVR_aligned
calcified granuloma,calcified granuloma,0.89453125,0,Qwen3-VL-8B-Instruct-RLVR_aligned
calcified granuloma,calcified granuloma,0.19921875,0,Qwen3-VL-8B-Instruct-RLVR_aligned
calcified granuloma,calcified granuloma,0.3984375,0,Qwen3-VL-8B-Instruct-RLVR_aligned
calcified granuloma,calcified granuloma,0.353515625,0,Qwen3-VL-8B-Instruct-RLVR_aligned
calcified granuloma,calcified granuloma,1.0,0,Qwen3-VL-8B-Instruct-RLVR_aligned
normal,normal,0.0177001953125,0,Qwen3-VL-8B-Instruct-RLVR_aligned
normal,normal,0.0177001953125,0,Qwen3-VL-8B-Instruct-RLVR_aligned
normal,normal,0.0177001953125,0,Qwen3-VL-8B-Instruct-RLVR_aligned
arthritis,arthritis,0.3203125,0,Qwen3-VL-8B-Instruct-RLVR_aligned
arthritis,arthritis,0.984375,1,Qwen3-VL-8B-Instruct-RLVR_aligned
calcinosis,round opacity in density,0.306640625,0,Qwen3-VL-8B-Instruct-RLVR_aligned
calcinosis,round opacity in density,0.12451171875,0,Qwen3-VL-8B-Instruct-RLVR_aligned
calcinosis,round opacity in density,0.255859375,1,Qwen3-VL-8B-Instruct-RLVR_aligned
calcinosis,round opacity in density,0.2490234375,0,Qwen3-VL-8B-Instruct-RLVR_aligned
pulmonary interstitial disease,cardiomegaly,0.1484375,0,Qwen3-VL-8B-Instruct-RLVR_aligned
pulmonary interstitial disease,cardiomegaly,0.73828125,1,Qwen3-VL-8B-Instruct-RLVR_aligned
pulmonary interstitial disease,cardiomegaly,0.376953125,0,Qwen3-VL-8B-Instruct-RLVR_aligned
pulmonary interstitial disease,cardiomegaly,1.0,1,Qwen3-VL-8B-Instruct-RLVR_aligned
pulmonary interstitial disease,cardiomegaly,0.99609375,1,Qwen3-VL-8B-Instruct-RLVR_aligned
normal,normal,0.0177001953125,0,Qwen3-VL-8B-Instruct-RLVR_aligned
normal,normal,0.0177001953125,0,Qwen3-VL-8B-Instruct-RLVR_aligned
cardiomegaly,cardiomegaly,0.66796875,0,Qwen3-VL-8B-Instruct-RLVR_aligned
cardiomegaly,cardiomegaly,0.734375,0,Qwen3-VL-8B-Instruct-RLVR_aligned
cardiomegaly,cardiomegaly,0.73046875,0,Qwen3-VL-8B-Instruct-RLVR_aligned
cardiomegaly,cardiomegaly,0.9453125,0,Qwen3-VL-8B-Instruct-RLVR_aligned
cardiomegaly,cardiomegaly,0.1318359375,0,Qwen3-VL-8B-Instruct-RLVR_aligned
normal,normal,0.0177001953125,0,Qwen3-VL-8B-Instruct-RLVR_aligned
atherosclerosis,atherosclerosis,0.2294921875,0,Qwen3-VL-8B-Instruct-RLVR_aligned
atherosclerosis,atherosclerosis,0.8828125,1,Qwen3-VL-8B-Instruct-RLVR_aligned
atherosclerosis,atherosclerosis,0.7890625,1,Qwen3-VL-8B-Instruct-RLVR_aligned
normal,normal,0.0177001953125,0,Qwen3-VL-8B-Instruct-RLVR_aligned
normal,normal,0.0177001953125,0,Qwen3-VL-8B-Instruct-RLVR_aligned
calcinosis,small opacity in calcified granuloma,0.18359375,0,Qwen3-VL-8B-Instruct-RLVR_aligned
calcinosis,small opacity in calcified granuloma,0.060302734375,0,Qwen3-VL-8B-Instruct-RLVR_aligned
calcinosis,small opacity in calcified granuloma,0.201171875,1,Qwen3-VL-8B-Instruct-RLVR_aligned
calcinosis,small opacity in calcified granuloma,0.265625,0,Qwen3-VL-8B-Instruct-RLVR_aligned
calcinosis,small opacity in calcified granuloma,0.98828125,1,Qwen3-VL-8B-Instruct-RLVR_aligned
calcinosis,small opacity in calcified granuloma,0.63671875,1,Qwen3-VL-8B-Instruct-RLVR_aligned
calcinosis,small opacity in calcified granuloma,0.99609375,1,Qwen3-VL-8B-Instruct-RLVR_aligned
calcinosis,small opacity in calcified granuloma,0.9296875,1,Qwen3-VL-8B-Instruct-RLVR_aligned
calcinosis,emphysema,0.306640625,0,Qwen3-VL-8B-Instruct-RLVR_aligned
calcinosis,emphysema,0.16796875,0,Qwen3-VL-8B-Instruct-RLVR_aligned
calcinosis,emphysema,0.67578125,1,Qwen3-VL-8B-Instruct-RLVR_aligned
calcinosis,emphysema,0.9296875,1,Qwen3-VL-8B-Instruct-RLVR_aligned
lumbar spine fracture,pulmonary atelectasis,0.2197265625,0,Qwen3-VL-8B-Instruct-RLVR_aligned
lumbar spine fracture,pulmonary atelectasis,0.431640625,0,Qwen3-VL-8B-Instruct-RLVR_aligned
lumbar spine fracture,pulmonary atelectasis,0.419921875,0,Qwen3-VL-8B-Instruct-RLVR_aligned
lumbar spine fracture,pulmonary atelectasis,0.4765625,0,Qwen3-VL-8B-Instruct-RLVR_aligned
lumbar spine fracture,pulmonary atelectasis,1.0,1,Qwen3-VL-8B-Instruct-RLVR_aligned
lumbar spine fracture,pulmonary atelectasis,0.57421875,1,Qwen3-VL-8B-Instruct-RLVR_aligned
normal,normal,0.0177001953125,0,Qwen3-VL-8B-Instruct-RLVR_aligned
normal,normal,0.0177001953125,0,Qwen3-VL-8B-Instruct-RLVR_aligned
scarring,cicatrix,0.15625,0,Qwen3-VL-8B-Instruct-RLVR_aligned
scarring,cicatrix,0.4140625,0,Qwen3-VL-8B-Instruct-RLVR_aligned
scarring,cicatrix,0.0859375,0,Qwen3-VL-8B-Instruct-RLVR_aligned
normal,normal,0.0177001953125,0,Qwen3-VL-8B-Instruct-RLVR_aligned
scoliosis,scoliosis,1.0,0,Qwen3-VL-8B-Instruct-RLVR_aligned
scoliosis,scoliosis,0.2421875,0,Qwen3-VL-8B-Instruct-RLVR_aligned
scoliosis,scoliosis,0.4140625,1,Qwen3-VL-8B-Instruct-RLVR_aligned
normal,normal,0.0177001953125,0,Qwen3-VL-8B-Instruct-RLVR_aligned
emphysema,bronchitis,0.2734375,0,Qwen3-VL-8B-Instruct-RLVR_aligned
emphysema,bronchitis,0.71484375,1,Qwen3-VL-8B-Instruct-RLVR_aligned
emphysema,bronchitis,0.9140625,0,Qwen3-VL-8B-Instruct-RLVR_aligned
elevated diaphragm,pulmonary atelectasis,0.2578125,0,Qwen3-VL-8B-Instruct-RLVR_aligned
elevated diaphragm,pulmonary atelectasis,0.9609375,0,Qwen3-VL-8B-Instruct-RLVR_aligned
elevated diaphragm,pulmonary atelectasis,0.054443359375,0,Qwen3-VL-8B-Instruct-RLVR_aligned
elevated diaphragm,pulmonary atelectasis,0.9921875,0,Qwen3-VL-8B-Instruct-RLVR_aligned
elevated diaphragm,pulmonary atelectasis,0.921875,0,Qwen3-VL-8B-Instruct-RLVR_aligned
elevated diaphragm,pulmonary atelectasis,0.1982421875,0,Qwen3-VL-8B-Instruct-RLVR_aligned
normal,normal,0.0177001953125,0,Qwen3-VL-8B-Instruct-RLVR_aligned
pulmonary nodule,bilateral abnormality in medical device,0.0986328125,0,Qwen3-VL-8B-Instruct-RLVR_aligned
pulmonary nodule,bilateral abnormality in medical device,0.09375,0,Qwen3-VL-8B-Instruct-RLVR_aligned
pulmonary nodule,bilateral abnormality in medical device,0.38671875,0,Qwen3-VL-8B-Instruct-RLVR_aligned
pulmonary nodule,bilateral abnormality in medical device,0.1357421875,0,Qwen3-VL-8B-Instruct-RLVR_aligned
pulmonary nodule,bilateral abnormality in medical device,0.134765625,0,Qwen3-VL-8B-Instruct-RLVR_aligned
pulmonary nodule,bilateral abnormality in medical device,0.78515625,0,Qwen3-VL-8B-Instruct-RLVR_aligned
pulmonary nodule,bilateral abnormality in medical device,0.3828125,0,Qwen3-VL-8B-Instruct-RLVR_aligned
normal,normal,0.0177001953125,0,Qwen3-VL-8B-Instruct-RLVR_aligned
cardiomegaly,normal,0.0693359375,0,Qwen3-VL-8B-Instruct-RLVR_aligned
pulmonary atelectasis,pulmonary atelectasis,0.1806640625,0,Qwen3-VL-8B-Instruct-RLVR_aligned
pulmonary atelectasis,pulmonary atelectasis,0.9375,1,Qwen3-VL-8B-Instruct-RLVR_aligned
pulmonary atelectasis,pulmonary atelectasis,0.9921875,1,Qwen3-VL-8B-Instruct-RLVR_aligned
pulmonary atelectasis,pulmonary atelectasis,0.88671875,1,Qwen3-VL-8B-Instruct-RLVR_aligned
pulmonary atelectasis,pulmonary atelectasis,1.0,1,Qwen3-VL-8B-Instruct-RLVR_aligned
pulmonary atelectasis,pulmonary atelectasis,0.9375,1,Qwen3-VL-8B-Instruct-RLVR_aligned
normal,normal,0.0177001953125,0,Qwen3-VL-8B-Instruct-RLVR_aligned
normal,normal,0.0177001953125,0,Qwen3-VL-8B-Instruct-RLVR_aligned
normal,normal,0.0177001953125,0,Qwen3-VL-8B-Instruct-RLVR_aligned
granuloma,calcified granuloma,0.46484375,0,Qwen3-VL-8B-Instruct-RLVR_aligned
granuloma,calcified granuloma,0.86328125,0,Qwen3-VL-8B-Instruct-RLVR_aligned
granuloma,calcified granuloma,0.2255859375,0,Qwen3-VL-8B-Instruct-RLVR_aligned
granuloma,calcified granuloma,0.1044921875,0,Qwen3-VL-8B-Instruct-RLVR_aligned
granuloma,calcified granuloma,0.80078125,0,Qwen3-VL-8B-Instruct-RLVR_aligned
normal,normal,0.0177001953125,0,Qwen3-VL-8B-Instruct-RLVR_aligned
osteophyte,osteophyte,0.09814453125,0,Qwen3-VL-8B-Instruct-RLVR_aligned
osteophyte,osteophyte,0.6953125,1,Qwen3-VL-8B-Instruct-RLVR_aligned
osteophyte,osteophyte,0.98046875,1,Qwen3-VL-8B-Instruct-RLVR_aligned
"fractures, bone",tortuous vessel in aorta,0.0810546875,0,Qwen3-VL-8B-Instruct-RLVR_aligned
"fractures, bone",tortuous vessel in aorta,0.07421875,0,Qwen3-VL-8B-Instruct-RLVR_aligned
"fractures, bone",tortuous vessel in aorta,0.90625,0,Qwen3-VL-8B-Instruct-RLVR_aligned
"fractures, bone",tortuous vessel in aorta,0.2197265625,0,Qwen3-VL-8B-Instruct-RLVR_aligned
"fractures, bone",tortuous vessel in aorta,0.53515625,0,Qwen3-VL-8B-Instruct-RLVR_aligned
"fractures, bone",tortuous vessel in aorta,0.25390625,0,Qwen3-VL-8B-Instruct-RLVR_aligned
"fractures, bone",tortuous vessel in aorta,0.7578125,1,Qwen3-VL-8B-Instruct-RLVR_aligned
blunted costophrenic angle,surgical instruments,0.1259765625,0,Qwen3-VL-8B-Instruct-RLVR_aligned
blunted costophrenic angle,surgical instruments,0.1181640625,0,Qwen3-VL-8B-Instruct-RLVR_aligned
blunted costophrenic angle,surgical instruments,0.0986328125,0,Qwen3-VL-8B-Instruct-RLVR_aligned
cardiomegaly,calcinosis,0.66796875,0,Qwen3-VL-8B-Instruct-RLVR_aligned
cardiomegaly,calcinosis,0.34765625,0,Qwen3-VL-8B-Instruct-RLVR_aligned
cardiomegaly,calcinosis,0.546875,1,Qwen3-VL-8B-Instruct-RLVR_aligned
fibrosis,cicatrix,0.6796875,0,Qwen3-VL-8B-Instruct-RLVR_aligned
fibrosis,cicatrix,0.0289306640625,0,Qwen3-VL-8B-Instruct-RLVR_aligned
fibrosis,cicatrix,0.11474609375,0,Qwen3-VL-8B-Instruct-RLVR_aligned
normal,normal,0.0177001953125,0,Qwen3-VL-8B-Instruct-RLVR_aligned
pulmonary atelectasis,pulmonary atelectasis,0.1806640625,0,Qwen3-VL-8B-Instruct-RLVR_aligned
pulmonary atelectasis,pulmonary atelectasis,0.9375,1,Qwen3-VL-8B-Instruct-RLVR_aligned
pulmonary atelectasis,pulmonary atelectasis,0.9921875,1,Qwen3-VL-8B-Instruct-RLVR_aligned
pulmonary atelectasis,pulmonary atelectasis,0.88671875,1,Qwen3-VL-8B-Instruct-RLVR_aligned
pulmonary atelectasis,pulmonary atelectasis,1.0,1,Qwen3-VL-8B-Instruct-RLVR_aligned
pulmonary atelectasis,pulmonary atelectasis,0.9375,1,Qwen3-VL-8B-Instruct-RLVR_aligned
normal,normal,0.0177001953125,0,Qwen3-VL-8B-Instruct-RLVR_aligned
normal,medical device in thorax,0.0177001953125,0,Qwen3-VL-8B-Instruct-RLVR_aligned
normal,medical device in thorax,0.038818359375,0,Qwen3-VL-8B-Instruct-RLVR_aligned
normal,medical device in thorax,0.04296875,0,Qwen3-VL-8B-Instruct-RLVR_aligned
normal,medical device in thorax,0.25,0,Qwen3-VL-8B-Instruct-RLVR_aligned
normal,medical device in thorax,0.435546875,0,Qwen3-VL-8B-Instruct-RLVR_aligned
normal,normal,0.0177001953125,0,Qwen3-VL-8B-Instruct-RLVR_aligned
normal,normal,0.0177001953125,0,Qwen3-VL-8B-Instruct-RLVR_aligned
surgical procedure,surgical instruments,0.2109375,0,Qwen3-VL-8B-Instruct-RLVR_aligned
surgical procedure,surgical instruments,0.50390625,0,Qwen3-VL-8B-Instruct-RLVR_aligned
surgical procedure,surgical instruments,0.1484375,0,Qwen3-VL-8B-Instruct-RLVR_aligned
pulmonary hypoinflation,lung hypoinflation in lung,0.1484375,0,Qwen3-VL-8B-Instruct-RLVR_aligned
pulmonary hypoinflation,lung hypoinflation in lung,0.107421875,0,Qwen3-VL-8B-Instruct-RLVR_aligned
pulmonary hypoinflation,lung hypoinflation in lung,0.5703125,1,Qwen3-VL-8B-Instruct-RLVR_aligned
pulmonary hypoinflation,lung hypoinflation in lung,0.9921875,1,Qwen3-VL-8B-Instruct-RLVR_aligned
pulmonary hypoinflation,lung hypoinflation in lung,0.1298828125,0,Qwen3-VL-8B-Instruct-RLVR_aligned
pulmonary hypoinflation,lung hypoinflation in lung,0.2265625,0,Qwen3-VL-8B-Instruct-RLVR_aligned
spine,spondylosis,0.18359375,0,Qwen3-VL-8B-Instruct-RLVR_aligned
spine,spondylosis,0.10205078125,0,Qwen3-VL-8B-Instruct-RLVR_aligned
spine,spondylosis,0.296875,0,Qwen3-VL-8B-Instruct-RLVR_aligned
spine,spondylosis,1.0,0,Qwen3-VL-8B-Instruct-RLVR_aligned
spine,spondylosis,0.17578125,0,Qwen3-VL-8B-Instruct-RLVR_aligned
calcified granuloma,osteophyte,0.1982421875,0,Qwen3-VL-8B-Instruct-RLVR_aligned
calcified granuloma,osteophyte,0.2373046875,0,Qwen3-VL-8B-Instruct-RLVR_aligned
calcified granuloma,osteophyte,0.9609375,1,Qwen3-VL-8B-Instruct-RLVR_aligned
normal,normal,0.0177001953125,0,Qwen3-VL-8B-Instruct-RLVR_aligned
cardiomegaly,cardiomegaly,0.66796875,0,Qwen3-VL-8B-Instruct-RLVR_aligned
cardiomegaly,cardiomegaly,0.734375,0,Qwen3-VL-8B-Instruct-RLVR_aligned
cardiomegaly,cardiomegaly,0.73046875,0,Qwen3-VL-8B-Instruct-RLVR_aligned
cardiomegaly,cardiomegaly,0.9453125,0,Qwen3-VL-8B-Instruct-RLVR_aligned
cardiomegaly,cardiomegaly,0.1318359375,0,Qwen3-VL-8B-Instruct-RLVR_aligned
calcified granuloma,calcified granuloma,0.89453125,0,Qwen3-VL-8B-Instruct-RLVR_aligned
calcified granuloma,calcified granuloma,0.19921875,0,Qwen3-VL-8B-Instruct-RLVR_aligned
calcified granuloma,calcified granuloma,0.3984375,0,Qwen3-VL-8B-Instruct-RLVR_aligned
calcified granuloma,calcified granuloma,0.353515625,0,Qwen3-VL-8B-Instruct-RLVR_aligned
calcified granuloma,calcified granuloma,1.0,0,Qwen3-VL-8B-Instruct-RLVR_aligned
cardiomegaly,cardiomegaly,0.66796875,0,Qwen3-VL-8B-Instruct-RLVR_aligned
cardiomegaly,cardiomegaly,0.734375,0,Qwen3-VL-8B-Instruct-RLVR_aligned
cardiomegaly,cardiomegaly,0.73046875,0,Qwen3-VL-8B-Instruct-RLVR_aligned
cardiomegaly,cardiomegaly,0.9453125,0,Qwen3-VL-8B-Instruct-RLVR_aligned
cardiomegaly,cardiomegaly,0.1318359375,0,Qwen3-VL-8B-Instruct-RLVR_aligned
normal,normal,0.0177001953125,0,Qwen3-VL-8B-Instruct-RLVR_aligned
pulmonary atelectasis,pulmonary atelectasis,0.1806640625,0,Qwen3-VL-8B-Instruct-RLVR_aligned
pulmonary atelectasis,pulmonary atelectasis,0.9375,1,Qwen3-VL-8B-Instruct-RLVR_aligned
pulmonary atelectasis,pulmonary atelectasis,0.9921875,1,Qwen3-VL-8B-Instruct-RLVR_aligned
pulmonary atelectasis,pulmonary atelectasis,0.88671875,1,Qwen3-VL-8B-Instruct-RLVR_aligned
pulmonary atelectasis,pulmonary atelectasis,1.0,1,Qwen3-VL-8B-Instruct-RLVR_aligned
pulmonary atelectasis,pulmonary atelectasis,0.9375,1,Qwen3-VL-8B-Instruct-RLVR_aligned
scarring,cicatrix,0.15625,0,Qwen3-VL-8B-Instruct-RLVR_aligned
scarring,cicatrix,0.4140625,0,Qwen3-VL-8B-Instruct-RLVR_aligned
scarring,cicatrix,0.0859375,0,Qwen3-VL-8B-Instruct-RLVR_aligned
pulmonary inﬁltrate,airspace disease,0.123046875,0,Qwen3-VL-8B-Instruct-RLVR_aligned
pulmonary inﬁltrate,airspace disease,0.56640625,1,Qwen3-VL-8B-Instruct-RLVR_aligned
pulmonary inﬁltrate,airspace disease,0.4140625,0,Qwen3-VL-8B-Instruct-RLVR_aligned
surgical instruments,surgical instruments,0.2333984375,0,Qwen3-VL-8B-Instruct-RLVR_aligned
surgical instruments,surgical instruments,0.142578125,1,Qwen3-VL-8B-Instruct-RLVR_aligned
surgical instruments,surgical instruments,0.55078125,1,Qwen3-VL-8B-Instruct-RLVR_aligned
normal,normal,0.0177001953125,0,Qwen3-VL-8B-Instruct-RLVR_aligned
normal,normal,0.0177001953125,0,Qwen3-VL-8B-Instruct-RLVR_aligned
normal,normal,0.0177001953125,0,Qwen3-VL-8B-Instruct-RLVR_aligned
normal,normal,0.0177001953125,0,Qwen3-VL-8B-Instruct-RLVR_aligned
"pulmonary disease, chronic obstruct",lung hyperdistention in lung,1.0,0,Qwen3-VL-8B-Instruct-RLVR_aligned
"pulmonary disease, chronic obstruct",lung hyperdistention in lung,0.58984375,0,Qwen3-VL-8B-Instruct-RLVR_aligned
"pulmonary disease, chronic obstruct",lung hyperdistention in lung,0.83984375,0,Qwen3-VL-8B-Instruct-RLVR_aligned
"pulmonary disease, chronic obstruct",lung hyperdistention in lung,0.87109375,1,Qwen3-VL-8B-Instruct-RLVR_aligned
"pulmonary disease, chronic obstruct",lung hyperdistention in lung,0.61328125,0,Qwen3-VL-8B-Instruct-RLVR_aligned
"pulmonary disease, chronic obstruct",lung hyperdistention in lung,0.1005859375,0,Qwen3-VL-8B-Instruct-RLVR_aligned
normal,normal,0.0177001953125,0,Qwen3-VL-8B-Instruct-RLVR_aligned
normal,normal,0.0177001953125,0,Qwen3-VL-8B-Instruct-RLVR_aligned
normal,pneumonia,0.0177001953125,0,Qwen3-VL-8B-Instruct-RLVR_aligned
normal,pneumonia,0.12255859375,0,Qwen3-VL-8B-Instruct-RLVR_aligned
normal,pneumonia,0.765625,1,Qwen3-VL-8B-Instruct-RLVR_aligned
normal,pneumonia,0.6328125,1,Qwen3-VL-8B-Instruct-RLVR_aligned
degenerative change in thor,calcinosis,0.96875,0,Qwen3-VL-8B-Instruct-RLVR_aligned
degenerative change in thor,calcinosis,0.8125,0,Qwen3-VL-8B-Instruct-RLVR_aligned
degenerative change in thor,calcinosis,0.2060546875,0,Qwen3-VL-8B-Instruct-RLVR_aligned
calcinosis,small opacity in calcified granuloma,0.18359375,0,Qwen3-VL-8B-Instruct-RLVR_aligned
calcinosis,small opacity in calcified granuloma,0.060302734375,0,Qwen3-VL-8B-Instruct-RLVR_aligned
calcinosis,small opacity in calcified granuloma,0.201171875,1,Qwen3-VL-8B-Instruct-RLVR_aligned
calcinosis,small opacity in calcified granuloma,0.265625,0,Qwen3-VL-8B-Instruct-RLVR_aligned
calcinosis,small opacity in calcified granuloma,0.98828125,1,Qwen3-VL-8B-Instruct-RLVR_aligned
calcinosis,small opacity in calcified granuloma,0.63671875,1,Qwen3-VL-8B-Instruct-RLVR_aligned
calcinosis,small opacity in calcified granuloma,0.99609375,1,Qwen3-VL-8B-Instruct-RLVR_aligned
calcinosis,small opacity in calcified granuloma,0.9296875,1,Qwen3-VL-8B-Instruct-RLVR_aligned
pulmonary atelectasis,pulmonary atelectasis,0.1806640625,0,Qwen3-VL-8B-Instruct-RLVR_aligned
pulmonary atelectasis,pulmonary atelectasis,0.9375,1,Qwen3-VL-8B-Instruct-RLVR_aligned
pulmonary atelectasis,pulmonary atelectasis,0.9921875,1,Qwen3-VL-8B-Instruct-RLVR_aligned
pulmonary atelectasis,pulmonary atelectasis,0.88671875,1,Qwen3-VL-8B-Instruct-RLVR_aligned
pulmonary atelectasis,pulmonary atelectasis,1.0,1,Qwen3-VL-8B-Instruct-RLVR_aligned
pulmonary atelectasis,pulmonary atelectasis,0.9375,1,Qwen3-VL-8B-Instruct-RLVR_aligned
normal,normal,0.0177001953125,0,Qwen3-VL-8B-Instruct-RLVR_aligned
calcinosis,calcinosis,0.12060546875,0,Qwen3-VL-8B-Instruct-RLVR_aligned
calcinosis,calcinosis,0.21484375,0,Qwen3-VL-8B-Instruct-RLVR_aligned
calcinosis,calcinosis,0.279296875,0,Qwen3-VL-8B-Instruct-RLVR_aligned
obscured structures,indwelling catheter,0.201171875,0,Qwen3-VL-8B-Instruct-RLVR_aligned
obscured structures,indwelling catheter,0.2333984375,0,Qwen3-VL-8B-Instruct-RLVR_aligned
obscured structures,indwelling catheter,0.921875,1,Qwen3-VL-8B-Instruct-RLVR_aligned
obscured structures,indwelling catheter,0.0771484375,0,Qwen3-VL-8B-Instruct-RLVR_aligned
obscured structures,indwelling catheter,0.69921875,0,Qwen3-VL-8B-Instruct-RLVR_aligned
bilateral pulmonary nodule,bilateral abnormality in nodule,0.1943359375,0,Qwen3-VL-8B-Instruct-RLVR_aligned
bilateral pulmonary nodule,bilateral abnormality in nodule,0.98046875,1,Qwen3-VL-8B-Instruct-RLVR_aligned
bilateral pulmonary nodule,bilateral abnormality in nodule,0.734375,0,Qwen3-VL-8B-Instruct-RLVR_aligned
bilateral pulmonary nodule,bilateral abnormality in nodule,0.443359375,0,Qwen3-VL-8B-Instruct-RLVR_aligned
bilateral pulmonary nodule,bilateral abnormality in nodule,0.18359375,1,Qwen3-VL-8B-Instruct-RLVR_aligned
bilateral pulmonary nodule,bilateral abnormality in nodule,0.64453125,0,Qwen3-VL-8B-Instruct-RLVR_aligned
bilateral pulmonary nodule,bilateral abnormality in nodule,0.82421875,1,Qwen3-VL-8B-Instruct-RLVR_aligned
normal,normal,0.0177001953125,0,Qwen3-VL-8B-Instruct-RLVR_aligned
normal,normal,0.0177001953125,0,Qwen3-VL-8B-Instruct-RLVR_aligned
normal,normal,0.0177001953125,0,Qwen3-VL-8B-Instruct-RLVR_aligned
normal,normal,0.0177001953125,0,Qwen3-VL-8B-Instruct-RLVR_aligned
chronic lung disease,bilateral abnormality in markings,0.28515625,0,Qwen3-VL-8B-Instruct-RLVR_aligned
chronic lung disease,bilateral abnormality in markings,0.55078125,0,Qwen3-VL-8B-Instruct-RLVR_aligned
chronic lung disease,bilateral abnormality in markings,0.3125,0,Qwen3-VL-8B-Instruct-RLVR_aligned
chronic lung disease,bilateral abnormality in markings,0.09912109375,1,Qwen3-VL-8B-Instruct-RLVR_aligned
chronic lung disease,bilateral abnormality in markings,0.1923828125,0,Qwen3-VL-8B-Instruct-RLVR_aligned
chronic lung disease,bilateral abnormality in markings,0.53125,0,Qwen3-VL-8B-Instruct-RLVR_aligned
normal,normal,0.0177001953125,0,Qwen3-VL-8B-Instruct-RLVR_aligned
diaphragm disorder,diaphragmatic eventration,0.1416015625,0,Qwen3-VL-8B-Instruct-RLVR_aligned
diaphragm disorder,diaphragmatic eventration,0.96484375,1,Qwen3-VL-8B-Instruct-RLVR_aligned
diaphragm disorder,diaphragmatic eventration,0.94921875,0,Qwen3-VL-8B-Instruct-RLVR_aligned
diaphragm disorder,diaphragmatic eventration,0.78515625,0,Qwen3-VL-8B-Instruct-RLVR_aligned
diaphragm disorder,diaphragmatic eventration,0.98046875,1,Qwen3-VL-8B-Instruct-RLVR_aligned
normal,normal,0.0177001953125,0,Qwen3-VL-8B-Instruct-RLVR_aligned
normal,normal,0.0177001953125,0,Qwen3-VL-8B-Instruct-RLVR_aligned
normal,normal,0.0177001953125,0,Qwen3-VL-8B-Instruct-RLVR_aligned
calcinosis,calcinosis,0.12060546875,0,Qwen3-VL-8B-Instruct-RLVR_aligned
calcinosis,calcinosis,0.21484375,0,Qwen3-VL-8B-Instruct-RLVR_aligned
calcinosis,calcinosis,0.279296875,0,Qwen3-VL-8B-Instruct-RLVR_aligned
normal,normal,0.0177001953125,0,Qwen3-VL-8B-Instruct-RLVR_aligned
fibrosis,cicatrix,0.6796875,0,Qwen3-VL-8B-Instruct-RLVR_aligned
fibrosis,cicatrix,0.0289306640625,0,Qwen3-VL-8B-Instruct-RLVR_aligned
fibrosis,cicatrix,0.11474609375,0,Qwen3-VL-8B-Instruct-RLVR_aligned
cardiomegaly,cardiomegaly,0.66796875,0,Qwen3-VL-8B-Instruct-RLVR_aligned
cardiomegaly,cardiomegaly,0.734375,0,Qwen3-VL-8B-Instruct-RLVR_aligned
cardiomegaly,cardiomegaly,0.73046875,0,Qwen3-VL-8B-Instruct-RLVR_aligned
cardiomegaly,cardiomegaly,0.9453125,0,Qwen3-VL-8B-Instruct-RLVR_aligned
cardiomegaly,cardiomegaly,0.1318359375,0,Qwen3-VL-8B-Instruct-RLVR_aligned
normal,normal,0.0177001953125,0,Qwen3-VL-8B-Instruct-RLVR_aligned
normal,normal,0.0177001953125,0,Qwen3-VL-8B-Instruct-RLVR_aligned
normal,normal,0.0177001953125,0,Qwen3-VL-8B-Instruct-RLVR_aligned
normal,normal,0.0177001953125,0,Qwen3-VL-8B-Instruct-RLVR_aligned
normal,normal,0.0177001953125,0,Qwen3-VL-8B-Instruct-RLVR_aligned
hernia,"hernia, hiatal",0.0498046875,0,Qwen3-VL-8B-Instruct-RLVR_aligned
hernia,"hernia, hiatal",0.462890625,0,Qwen3-VL-8B-Instruct-RLVR_aligned
hernia,"hernia, hiatal",0.1630859375,0,Qwen3-VL-8B-Instruct-RLVR_aligned
hernia,"hernia, hiatal",0.0849609375,0,Qwen3-VL-8B-Instruct-RLVR_aligned
hernia,"hernia, hiatal",0.58203125,0,Qwen3-VL-8B-Instruct-RLVR_aligned
hernia,"hernia, hiatal",0.8828125,0,Qwen3-VL-8B-Instruct-RLVR_aligned
normal,normal,0.0177001953125,0,Qwen3-VL-8B-Instruct-RLVR_aligned
normal,normal,0.0177001953125,0,Qwen3-VL-8B-Instruct-RLVR_aligned
normal,normal,0.0177001953125,0,Qwen3-VL-8B-Instruct-RLVR_aligned
lung hypoinflation in lung,lung hypoinflation in lung,0.07177734375,0,Qwen3-VL-8B-Instruct-RLVR_aligned
lung hypoinflation in lung,lung hypoinflation in lung,0.2138671875,1,Qwen3-VL-8B-Instruct-RLVR_aligned
lung hypoinflation in lung,lung hypoinflation in lung,0.8984375,1,Qwen3-VL-8B-Instruct-RLVR_aligned
lung hypoinflation in lung,lung hypoinflation in lung,1.0,1,Qwen3-VL-8B-Instruct-RLVR_aligned
lung hypoinflation in lung,lung hypoinflation in lung,0.78125,1,Qwen3-VL-8B-Instruct-RLVR_aligned
lung hypoinflation in lung,lung hypoinflation in lung,0.7265625,1,Qwen3-VL-8B-Instruct-RLVR_aligned
normal,normal,0.0177001953125,0,Qwen3-VL-8B-Instruct-RLVR_aligned
normal,normal,0.0177001953125,0,Qwen3-VL-8B-Instruct-RLVR_aligned
normal,normal,0.0177001953125,0,Qwen3-VL-8B-Instruct-RLVR_aligned
osteophyte,degenerative change in spine,0.828125,0,Qwen3-VL-8B-Instruct-RLVR_aligned
osteophyte,degenerative change in spine,0.056640625,0,Qwen3-VL-8B-Instruct-RLVR_aligned
osteophyte,degenerative change in spine,0.1630859375,0,Qwen3-VL-8B-Instruct-RLVR_aligned
osteophyte,degenerative change in spine,0.390625,0,Qwen3-VL-8B-Instruct-RLVR_aligned
osteophyte,degenerative change in spine,0.3125,1,Qwen3-VL-8B-Instruct-RLVR_aligned
osteophyte,degenerative change in spine,0.482421875,0,Qwen3-VL-8B-Instruct-RLVR_aligned
normal,normal,0.0177001953125,0,Qwen3-VL-8B-Instruct-RLVR_aligned
normal,normal,0.0177001953125,0,Qwen3-VL-8B-Instruct-RLVR_aligned
degenerative change in spine,degenerative change in cervical vertebrae,0.5078125,0,Qwen3-VL-8B-Instruct-RLVR_aligned
degenerative change in spine,degenerative change in cervical vertebrae,0.0654296875,0,Qwen3-VL-8B-Instruct-RLVR_aligned
degenerative change in spine,degenerative change in cervical vertebrae,0.828125,0,Qwen3-VL-8B-Instruct-RLVR_aligned
degenerative change in spine,degenerative change in cervical vertebrae,0.439453125,1,Qwen3-VL-8B-Instruct-RLVR_aligned
degenerative change in spine,degenerative change in cervical vertebrae,0.90625,1,Qwen3-VL-8B-Instruct-RLVR_aligned
degenerative change in spine,degenerative change in cervical vertebrae,0.4765625,0,Qwen3-VL-8B-Instruct-RLVR_aligned
degenerative change in spine,degenerative change in cervical vertebrae,0.546875,0,Qwen3-VL-8B-Instruct-RLVR_aligned
degenerative change in spine,degenerative change in cervical vertebrae,0.9453125,1,Qwen3-VL-8B-Instruct-RLVR_aligned
degenerative change in spine,degenerative change in cervical vertebrae,0.8203125,1,Qwen3-VL-8B-Instruct-RLVR_aligned
calcinosis,calcinosis,0.12060546875,0,Qwen3-VL-8B-Instruct-RLVR_aligned
calcinosis,calcinosis,0.21484375,0,Qwen3-VL-8B-Instruct-RLVR_aligned
calcinosis,calcinosis,0.279296875,0,Qwen3-VL-8B-Instruct-RLVR_aligned
bilateral abnormality in density,lung hyperdistention in lung,0.193359375,0,Qwen3-VL-8B-Instruct-RLVR_aligned
bilateral abnormality in density,lung hyperdistention in lung,0.416015625,0,Qwen3-VL-8B-Instruct-RLVR_aligned
bilateral abnormality in density,lung hyperdistention in lung,0.400390625,0,Qwen3-VL-8B-Instruct-RLVR_aligned
bilateral abnormality in density,lung hyperdistention in lung,0.80859375,1,Qwen3-VL-8B-Instruct-RLVR_aligned
bilateral abnormality in density,lung hyperdistention in lung,0.2099609375,0,Qwen3-VL-8B-Instruct-RLVR_aligned
bilateral abnormality in density,lung hyperdistention in lung,0.357421875,0,Qwen3-VL-8B-Instruct-RLVR_aligned
normal,normal,0.0177001953125,0,Qwen3-VL-8B-Instruct-RLVR_aligned
cardiomegaly,cardiomegaly,0.66796875,0,Qwen3-VL-8B-Instruct-RLVR_aligned
cardiomegaly,cardiomegaly,0.734375,0,Qwen3-VL-8B-Instruct-RLVR_aligned
cardiomegaly,cardiomegaly,0.73046875,0,Qwen3-VL-8B-Instruct-RLVR_aligned
cardiomegaly,cardiomegaly,0.9453125,0,Qwen3-VL-8B-Instruct-RLVR_aligned
cardiomegaly,cardiomegaly,0.1318359375,0,Qwen3-VL-8B-Instruct-RLVR_aligned
degenerative change in thor,degenerative change in thoracic vertebrae,0.13671875,0,Qwen3-VL-8B-Instruct-RLVR_aligned
degenerative change in thor,degenerative change in thoracic vertebrae,0.0966796875,0,Qwen3-VL-8B-Instruct-RLVR_aligned
degenerative change in thor,degenerative change in thoracic vertebrae,0.98046875,1,Qwen3-VL-8B-Instruct-RLVR_aligned
degenerative change in thor,degenerative change in thoracic vertebrae,0.81640625,1,Qwen3-VL-8B-Instruct-RLVR_aligned
degenerative change in thor,degenerative change in thoracic vertebrae,0.9375,1,Qwen3-VL-8B-Instruct-RLVR_aligned
degenerative change in thor,degenerative change in thoracic vertebrae,0.76171875,1,Qwen3-VL-8B-Instruct-RLVR_aligned
degenerative change in thor,degenerative change in thoracic vertebrae,0.87890625,1,Qwen3-VL-8B-Instruct-RLVR_aligned
degenerative change in thor,degenerative change in thoracic vertebrae,0.70703125,0,Qwen3-VL-8B-Instruct-RLVR_aligned
degenerative change in thor,degenerative change in thoracic vertebrae,0.98046875,1,Qwen3-VL-8B-Instruct-RLVR_aligned
degenerative change in thor,degenerative change in thoracic vertebrae,0.87109375,1,Qwen3-VL-8B-Instruct-RLVR_aligned
normal,normal,0.0177001953125,0,Qwen3-VL-8B-Instruct-RLVR_aligned
normal,normal,0.0177001953125,0,Qwen3-VL-8B-Instruct-RLVR_aligned
calcinosis,calcinosis,0.12060546875,0,Qwen3-VL-8B-Instruct-RLVR_aligned
calcinosis,calcinosis,0.21484375,0,Qwen3-VL-8B-Instruct-RLVR_aligned
calcinosis,calcinosis,0.279296875,0,Qwen3-VL-8B-Instruct-RLVR_aligned
cicatrix,cicatrix,0.220703125,0,Qwen3-VL-8B-Instruct-RLVR_aligned
cicatrix,cicatrix,0.84765625,1,Qwen3-VL-8B-Instruct-RLVR_aligned
cicatrix,cicatrix,0.92578125,1,Qwen3-VL-8B-Instruct-RLVR_aligned
pulmonary abnormality pul,normal,0.62109375,0,Qwen3-VL-8B-Instruct-RLVR_aligned
aortic aneurysm,normal,0.18359375,0,Qwen3-VL-8B-Instruct-RLVR_aligned
pulmonary nodule,granuloma,0.09423828125,0,Qwen3-VL-8B-Instruct-RLVR_aligned
pulmonary nodule,granuloma,0.94921875,1,Qwen3-VL-8B-Instruct-RLVR_aligned
pulmonary nodule,granuloma,0.5703125,0,Qwen3-VL-8B-Instruct-RLVR_aligned
normal,normal,0.0177001953125,0,Qwen3-VL-8B-Instruct-RLVR_aligned
normal,normal,0.0177001953125,0,Qwen3-VL-8B-Instruct-RLVR_aligned
normal,normal,0.0177001953125,0,Qwen3-VL-8B-Instruct-RLVR_aligned
granuloma,bilateral abnormality in calcified granuloma,0.490234375,0,Qwen3-VL-8B-Instruct-RLVR_aligned
granuloma,bilateral abnormality in calcified granuloma,0.28125,0,Qwen3-VL-8B-Instruct-RLVR_aligned
granuloma,bilateral abnormality in calcified granuloma,0.07080078125,0,Qwen3-VL-8B-Instruct-RLVR_aligned
granuloma,bilateral abnormality in calcified granuloma,0.9453125,1,Qwen3-VL-8B-Instruct-RLVR_aligned
granuloma,bilateral abnormality in calcified granuloma,0.1240234375,1,Qwen3-VL-8B-Instruct-RLVR_aligned
granuloma,bilateral abnormality in calcified granuloma,0.46875,0,Qwen3-VL-8B-Instruct-RLVR_aligned
granuloma,bilateral abnormality in calcified granuloma,0.91796875,1,Qwen3-VL-8B-Instruct-RLVR_aligned
granuloma,bilateral abnormality in calcified granuloma,0.330078125,0,Qwen3-VL-8B-Instruct-RLVR_aligned
granuloma,bilateral abnormality in calcified granuloma,0.9765625,1,Qwen3-VL-8B-Instruct-RLVR_aligned
granuloma,bilateral abnormality in calcified granuloma,0.921875,1,Qwen3-VL-8B-Instruct-RLVR_aligned
degenerative change,degenerative change in thoracic vertebrae,0.2021484375,0,Qwen3-VL-8B-Instruct-RLVR_aligned
degenerative change,degenerative change in thoracic vertebrae,0.62109375,0,Qwen3-VL-8B-Instruct-RLVR_aligned
degenerative change,degenerative change in thoracic vertebrae,0.58984375,0,Qwen3-VL-8B-Instruct-RLVR_aligned
degenerative change,degenerative change in thoracic vertebrae,0.26953125,0,Qwen3-VL-8B-Instruct-RLVR_aligned
degenerative change,degenerative change in thoracic vertebrae,0.62109375,0,Qwen3-VL-8B-Instruct-RLVR_aligned
degenerative change,degenerative change in thoracic vertebrae,0.88671875,0,Qwen3-VL-8B-Instruct-RLVR_aligned
degenerative change,degenerative change in thoracic vertebrae,0.8125,0,Qwen3-VL-8B-Instruct-RLVR_aligned
degenerative change,degenerative change in thoracic vertebrae,0.90234375,0,Qwen3-VL-8B-Instruct-RLVR_aligned
degenerative change,degenerative change in thoracic vertebrae,0.8046875,0,Qwen3-VL-8B-Instruct-RLVR_aligned
degenerative change,degenerative change in thoracic vertebrae,0.27734375,0,Qwen3-VL-8B-Instruct-RLVR_aligned
prominent finding in medi,prominent finding in mediastinum,0.265625,0,Qwen3-VL-8B-Instruct-RLVR_aligned
prominent finding in medi,prominent finding in mediastinum,0.7578125,0,Qwen3-VL-8B-Instruct-RLVR_aligned
prominent finding in medi,prominent finding in mediastinum,0.96484375,0,Qwen3-VL-8B-Instruct-RLVR_aligned
prominent finding in medi,prominent finding in mediastinum,0.50390625,0,Qwen3-VL-8B-Instruct-RLVR_aligned
prominent finding in medi,prominent finding in mediastinum,0.87109375,0,Qwen3-VL-8B-Instruct-RLVR_aligned
prominent finding in medi,prominent finding in mediastinum,0.3671875,0,Qwen3-VL-8B-Instruct-RLVR_aligned
prominent finding in medi,prominent finding in mediastinum,0.99609375,0,Qwen3-VL-8B-Instruct-RLVR_aligned
prominent finding in medi,prominent finding in mediastinum,0.8671875,0,Qwen3-VL-8B-Instruct-RLVR_aligned
cardiomegaly,cardiomegaly,0.66796875,0,Qwen3-VL-8B-Instruct-RLVR_aligned
cardiomegaly,cardiomegaly,0.734375,0,Qwen3-VL-8B-Instruct-RLVR_aligned
cardiomegaly,cardiomegaly,0.73046875,0,Qwen3-VL-8B-Instruct-RLVR_aligned
cardiomegaly,cardiomegaly,0.9453125,0,Qwen3-VL-8B-Instruct-RLVR_aligned
cardiomegaly,cardiomegaly,0.1318359375,0,Qwen3-VL-8B-Instruct-RLVR_aligned
normal,normal,0.0177001953125,0,Qwen3-VL-8B-Instruct-RLVR_aligned
normal,normal,0.0177001953125,0,Qwen3-VL-8B-Instruct-RLVR_aligned
elevated diaphragm ob,pulmonary atelectasis,0.56640625,0,Qwen3-VL-8B-Instruct-RLVR_aligned
elevated diaphragm ob,pulmonary atelectasis,0.154296875,0,Qwen3-VL-8B-Instruct-RLVR_aligned
elevated diaphragm ob,pulmonary atelectasis,0.0791015625,0,Qwen3-VL-8B-Instruct-RLVR_aligned
elevated diaphragm ob,pulmonary atelectasis,0.068359375,0,Qwen3-VL-8B-Instruct-RLVR_aligned
elevated diaphragm ob,pulmonary atelectasis,0.98828125,1,Qwen3-VL-8B-Instruct-RLVR_aligned
elevated diaphragm ob,pulmonary atelectasis,0.94921875,1,Qwen3-VL-8B-Instruct-RLVR_aligned
scoliosis,cardiomegaly,1.0,0,Qwen3-VL-8B-Instruct-RLVR_aligned
scoliosis,cardiomegaly,0.103515625,0,Qwen3-VL-8B-Instruct-RLVR_aligned
scoliosis,cardiomegaly,0.9921875,0,Qwen3-VL-8B-Instruct-RLVR_aligned
scoliosis,cardiomegaly,0.73828125,0,Qwen3-VL-8B-Instruct-RLVR_aligned
scoliosis,cardiomegaly,0.408203125,1,Qwen3-VL-8B-Instruct-RLVR_aligned
calcinosis,calcinosis,0.12060546875,0,Qwen3-VL-8B-Instruct-RLVR_aligned
calcinosis,calcinosis,0.21484375,0,Qwen3-VL-8B-Instruct-RLVR_aligned
calcinosis,calcinosis,0.279296875,0,Qwen3-VL-8B-Instruct-RLVR_aligned
pulmonary hypoinflation,normal,0.150390625,0,Qwen3-VL-8B-Instruct-RLVR_aligned
normal,normal,0.0177001953125,0,Qwen3-VL-8B-Instruct-RLVR_aligned
normal,normal,0.0177001953125,0,Qwen3-VL-8B-Instruct-RLVR_aligned
cardiomegaly,cardiomegaly,0.66796875,0,Qwen3-VL-8B-Instruct-RLVR_aligned
cardiomegaly,cardiomegaly,0.734375,0,Qwen3-VL-8B-Instruct-RLVR_aligned
cardiomegaly,cardiomegaly,0.73046875,0,Qwen3-VL-8B-Instruct-RLVR_aligned
cardiomegaly,cardiomegaly,0.9453125,0,Qwen3-VL-8B-Instruct-RLVR_aligned
cardiomegaly,cardiomegaly,0.1318359375,0,Qwen3-VL-8B-Instruct-RLVR_aligned
osteophyte,osteophyte,0.09814453125,0,Qwen3-VL-8B-Instruct-RLVR_aligned
osteophyte,osteophyte,0.6953125,1,Qwen3-VL-8B-Instruct-RLVR_aligned
osteophyte,osteophyte,0.98046875,1,Qwen3-VL-8B-Instruct-RLVR_aligned
normal,normal,0.0177001953125,0,Qwen3-VL-8B-Instruct-RLVR_aligned
cardiomegaly,atherosclerosis,0.171875,0,Qwen3-VL-8B-Instruct-RLVR_aligned
cardiomegaly,atherosclerosis,0.984375,1,Qwen3-VL-8B-Instruct-RLVR_aligned
cardiomegaly,atherosclerosis,0.64453125,1,Qwen3-VL-8B-Instruct-RLVR_aligned
pleural effusion,cardiomegaly,0.2412109375,0,Qwen3-VL-8B-Instruct-RLVR_aligned
pleural effusion,cardiomegaly,0.52734375,0,Qwen3-VL-8B-Instruct-RLVR_aligned
pleural effusion,cardiomegaly,0.92578125,1,Qwen3-VL-8B-Instruct-RLVR_aligned
pleural effusion,cardiomegaly,1.0,1,Qwen3-VL-8B-Instruct-RLVR_aligned
pleural effusion,cardiomegaly,0.98046875,1,Qwen3-VL-8B-Instruct-RLVR_aligned
osteopenia,cardiomegaly,0.0439453125,0,Qwen3-VL-8B-Instruct-RLVR_aligned
osteopenia,cardiomegaly,0.29296875,0,Qwen3-VL-8B-Instruct-RLVR_aligned
osteopenia,cardiomegaly,0.5859375,0,Qwen3-VL-8B-Instruct-RLVR_aligned
osteopenia,cardiomegaly,0.92578125,0,Qwen3-VL-8B-Instruct-RLVR_aligned
osteopenia,cardiomegaly,0.146484375,0,Qwen3-VL-8B-Instruct-RLVR_aligned
normal,normal,0.0177001953125,0,Qwen3-VL-8B-Instruct-RLVR_aligned
cardiomegaly,cardiomegaly,0.66796875,0,Qwen3-VL-8B-Instruct-RLVR_aligned
cardiomegaly,cardiomegaly,0.734375,0,Qwen3-VL-8B-Instruct-RLVR_aligned
cardiomegaly,cardiomegaly,0.73046875,0,Qwen3-VL-8B-Instruct-RLVR_aligned
cardiomegaly,cardiomegaly,0.9453125,0,Qwen3-VL-8B-Instruct-RLVR_aligned
cardiomegaly,cardiomegaly,0.1318359375,0,Qwen3-VL-8B-Instruct-RLVR_aligned
normal,normal,0.0177001953125,0,Qwen3-VL-8B-Instruct-RLVR_aligned
normal,normal,0.0177001953125,0,Qwen3-VL-8B-Instruct-RLVR_aligned
pulmonary nodule,calcified granuloma,0.09423828125,0,Qwen3-VL-8B-Instruct-RLVR_aligned
pulmonary nodule,calcified granuloma,0.5390625,0,Qwen3-VL-8B-Instruct-RLVR_aligned
pulmonary nodule,calcified granuloma,0.79296875,1,Qwen3-VL-8B-Instruct-RLVR_aligned
pulmonary nodule,calcified granuloma,1.0,1,Qwen3-VL-8B-Instruct-RLVR_aligned
pulmonary nodule,calcified granuloma,0.9296875,1,Qwen3-VL-8B-Instruct-RLVR_aligned
pulmonary atelectasis,pulmonary opacity,0.1796875,0,Qwen3-VL-8B-Instruct-RLVR_aligned
pulmonary atelectasis,pulmonary opacity,0.93359375,1,Qwen3-VL-8B-Instruct-RLVR_aligned
pulmonary atelectasis,pulmonary opacity,0.9921875,1,Qwen3-VL-8B-Instruct-RLVR_aligned
pulmonary atelectasis,pulmonary opacity,0.88671875,0,Qwen3-VL-8B-Instruct-RLVR_aligned
normal,normal,0.0177001953125,0,Qwen3-VL-8B-Instruct-RLVR_aligned
spondylosis,spondylosis,0.8359375,0,Qwen3-VL-8B-Instruct-RLVR_aligned
spondylosis,spondylosis,0.984375,0,Qwen3-VL-8B-Instruct-RLVR_aligned
spondylosis,spondylosis,0.99609375,0,Qwen3-VL-8B-Instruct-RLVR_aligned
spondylosis,spondylosis,0.82421875,0,Qwen3-VL-8B-Instruct-RLVR_aligned
spondylosis,spondylosis,0.15234375,0,Qwen3-VL-8B-Instruct-RLVR_aligned
normal,normal,0.0177001953125,0,Qwen3-VL-8B-Instruct-RLVR_aligned
pleural effusion,pleural effusion,0.2412109375,0,Qwen3-VL-8B-Instruct-RLVR_aligned
pleural effusion,pleural effusion,0.953125,1,Qwen3-VL-8B-Instruct-RLVR_aligned
pleural effusion,pleural effusion,0.9765625,1,Qwen3-VL-8B-Instruct-RLVR_aligned
pleural effusion,pleural effusion,0.9296875,1,Qwen3-VL-8B-Instruct-RLVR_aligned
normal,normal,0.0177001953125,0,Qwen3-VL-8B-Instruct-RLVR_aligned
pulmonary atelectasis,bilateral abnormality in lung,0.1806640625,0,Qwen3-VL-8B-Instruct-RLVR_aligned
pulmonary atelectasis,bilateral abnormality in lung,0.263671875,0,Qwen3-VL-8B-Instruct-RLVR_aligned
pulmonary atelectasis,bilateral abnormality in lung,0.19140625,0,Qwen3-VL-8B-Instruct-RLVR_aligned
pulmonary atelectasis,bilateral abnormality in lung,0.32421875,0,Qwen3-VL-8B-Instruct-RLVR_aligned
pulmonary atelectasis,bilateral abnormality in lung,0.2392578125,0,Qwen3-VL-8B-Instruct-RLVR_aligned
pulmonary atelectasis,bilateral abnormality in lung,0.640625,0,Qwen3-VL-8B-Instruct-RLVR_aligned
pulmonary atelectasis,pulmonary atelectasis,0.1806640625,0,Qwen3-VL-8B-Instruct-RLVR_aligned
pulmonary atelectasis,pulmonary atelectasis,0.9375,1,Qwen3-VL-8B-Instruct-RLVR_aligned
pulmonary atelectasis,pulmonary atelectasis,0.9921875,1,Qwen3-VL-8B-Instruct-RLVR_aligned
pulmonary atelectasis,pulmonary atelectasis,0.88671875,1,Qwen3-VL-8B-Instruct-RLVR_aligned
pulmonary atelectasis,pulmonary atelectasis,1.0,1,Qwen3-VL-8B-Instruct-RLVR_aligned
pulmonary atelectasis,pulmonary atelectasis,0.9375,1,Qwen3-VL-8B-Instruct-RLVR_aligned
normal,normal,0.0177001953125,0,Qwen3-VL-8B-Instruct-RLVR_aligned
normal,normal,0.0177001953125,0,Qwen3-VL-8B-Instruct-RLVR_aligned
pulmonary atelectasis,hydropneumothorax,0.27734375,0,Qwen3-VL-8B-Instruct-RLVR_aligned
pulmonary atelectasis,hydropneumothorax,0.11376953125,0,Qwen3-VL-8B-Instruct-RLVR_aligned
pulmonary atelectasis,hydropneumothorax,0.1298828125,0,Qwen3-VL-8B-Instruct-RLVR_aligned
pulmonary atelectasis,hydropneumothorax,0.494140625,0,Qwen3-VL-8B-Instruct-RLVR_aligned
pulmonary atelectasis,hydropneumothorax,0.82421875,0,Qwen3-VL-8B-Instruct-RLVR_aligned
pulmonary atelectasis,hydropneumothorax,0.9609375,0,Qwen3-VL-8B-Instruct-RLVR_aligned
pulmonary atelectasis,hydropneumothorax,1.0,0,Qwen3-VL-8B-Instruct-RLVR_aligned
pulmonary edema,pulmonary edema,0.267578125,0,Qwen3-VL-8B-Instruct-RLVR_aligned
pulmonary edema,pulmonary edema,0.99609375,0,Qwen3-VL-8B-Instruct-RLVR_aligned
pulmonary edema,pulmonary edema,0.9453125,0,Qwen3-VL-8B-Instruct-RLVR_aligned
pulmonary edema,pulmonary edema,0.9140625,0,Qwen3-VL-8B-Instruct-RLVR_aligned
pulmonary edema,pulmonary edema,0.2099609375,0,Qwen3-VL-8B-Instruct-RLVR_aligned
degenerative change in thor,degenerative change in thoracic vertebrae,0.13671875,0,Qwen3-VL-8B-Instruct-RLVR_aligned
degenerative change in thor,degenerative change in thoracic vertebrae,0.0966796875,0,Qwen3-VL-8B-Instruct-RLVR_aligned
degenerative change in thor,degenerative change in thoracic vertebrae,0.98046875,1,Qwen3-VL-8B-Instruct-RLVR_aligned
degenerative change in thor,degenerative change in thoracic vertebrae,0.81640625,1,Qwen3-VL-8B-Instruct-RLVR_aligned
degenerative change in thor,degenerative change in thoracic vertebrae,0.9375,1,Qwen3-VL-8B-Instruct-RLVR_aligned
degenerative change in thor,degenerative change in thoracic vertebrae,0.76171875,1,Qwen3-VL-8B-Instruct-RLVR_aligned
degenerative change in thor,degenerative change in thoracic vertebrae,0.87890625,1,Qwen3-VL-8B-Instruct-RLVR_aligned
degenerative change in thor,degenerative change in thoracic vertebrae,0.70703125,0,Qwen3-VL-8B-Instruct-RLVR_aligned
degenerative change in thor,degenerative change in thoracic vertebrae,0.98046875,1,Qwen3-VL-8B-Instruct-RLVR_aligned
degenerative change in thor,degenerative change in thoracic vertebrae,0.87109375,1,Qwen3-VL-8B-Instruct-RLVR_aligned
pulmonary atelectasis,patchy opacity in opacity,0.1884765625,0,Qwen3-VL-8B-Instruct-RLVR_aligned
pulmonary atelectasis,patchy opacity in opacity,0.91015625,1,Qwen3-VL-8B-Instruct-RLVR_aligned
pulmonary atelectasis,patchy opacity in opacity,0.2236328125,0,Qwen3-VL-8B-Instruct-RLVR_aligned
pulmonary atelectasis,patchy opacity in opacity,0.1279296875,1,Qwen3-VL-8B-Instruct-RLVR_aligned
pulmonary atelectasis,patchy opacity in opacity,0.41796875,0,Qwen3-VL-8B-Instruct-RLVR_aligned
decalcination,calcinosis,0.158203125,0,Qwen3-VL-8B-Instruct-RLVR_aligned
decalcination,calcinosis,0.060302734375,0,Qwen3-VL-8B-Instruct-RLVR_aligned
decalcination,calcinosis,0.76953125,1,Qwen3-VL-8B-Instruct-RLVR_aligned
degenerative change in thor,degenerative change in thoracic vertebrae,0.13671875,0,Qwen3-VL-8B-Instruct-RLVR_aligned
degenerative change in thor,degenerative change in thoracic vertebrae,0.0966796875,0,Qwen3-VL-8B-Instruct-RLVR_aligned
degenerative change in thor,degenerative change in thoracic vertebrae,0.98046875,1,Qwen3-VL-8B-Instruct-RLVR_aligned
degenerative change in thor,degenerative change in thoracic vertebrae,0.81640625,1,Qwen3-VL-8B-Instruct-RLVR_aligned
degenerative change in thor,degenerative change in thoracic vertebrae,0.9375,1,Qwen3-VL-8B-Instruct-RLVR_aligned
degenerative change in thor,degenerative change in thoracic vertebrae,0.76171875,1,Qwen3-VL-8B-Instruct-RLVR_aligned
degenerative change in thor,degenerative change in thoracic vertebrae,0.87890625,1,Qwen3-VL-8B-Instruct-RLVR_aligned
degenerative change in thor,degenerative change in thoracic vertebrae,0.70703125,0,Qwen3-VL-8B-Instruct-RLVR_aligned
degenerative change in thor,degenerative change in thoracic vertebrae,0.98046875,1,Qwen3-VL-8B-Instruct-RLVR_aligned
degenerative change in thor,degenerative change in thoracic vertebrae,0.87109375,1,Qwen3-VL-8B-Instruct-RLVR_aligned
normal,normal,0.0177001953125,0,Qwen3-VL-8B-Instruct-RLVR_aligned
surgical procedure,cicatrix,0.1171875,0,Qwen3-VL-8B-Instruct-RLVR_aligned
surgical procedure,cicatrix,0.1923828125,0,Qwen3-VL-8B-Instruct-RLVR_aligned
surgical procedure,cicatrix,0.050048828125,0,Qwen3-VL-8B-Instruct-RLVR_aligned
spondylosis,spondylosis,0.8359375,0,Qwen3-VL-8B-Instruct-RLVR_aligned
spondylosis,spondylosis,0.984375,0,Qwen3-VL-8B-Instruct-RLVR_aligned
spondylosis,spondylosis,0.99609375,0,Qwen3-VL-8B-Instruct-RLVR_aligned
spondylosis,spondylosis,0.82421875,0,Qwen3-VL-8B-Instruct-RLVR_aligned
spondylosis,spondylosis,0.15234375,0,Qwen3-VL-8B-Instruct-RLVR_aligned
diaphragm dyskinesia,diaphragmatic eventration,0.189453125,0,Qwen3-VL-8B-Instruct-RLVR_aligned
diaphragm dyskinesia,diaphragmatic eventration,0.99609375,1,Qwen3-VL-8B-Instruct-RLVR_aligned
diaphragm dyskinesia,diaphragmatic eventration,0.70703125,0,Qwen3-VL-8B-Instruct-RLVR_aligned
diaphragm dyskinesia,diaphragmatic eventration,0.2392578125,0,Qwen3-VL-8B-Instruct-RLVR_aligned
diaphragm dyskinesia,diaphragmatic eventration,0.84765625,1,Qwen3-VL-8B-Instruct-RLVR_aligned
"pulmonary disease, chronic obstruct",lung hyperdistention in lung,1.0,0,Qwen3-VL-8B-Instruct-RLVR_aligned
"pulmonary disease, chronic obstruct",lung hyperdistention in lung,0.58984375,0,Qwen3-VL-8B-Instruct-RLVR_aligned
"pulmonary disease, chronic obstruct",lung hyperdistention in lung,0.83984375,0,Qwen3-VL-8B-Instruct-RLVR_aligned
"pulmonary disease, chronic obstruct",lung hyperdistention in lung,0.87109375,1,Qwen3-VL-8B-Instruct-RLVR_aligned
"pulmonary disease, chronic obstruct",lung hyperdistention in lung,0.61328125,0,Qwen3-VL-8B-Instruct-RLVR_aligned
"pulmonary disease, chronic obstruct",lung hyperdistention in lung,0.1005859375,0,Qwen3-VL-8B-Instruct-RLVR_aligned
normal,normal,0.0177001953125,0,Qwen3-VL-8B-Instruct-RLVR_aligned
normal,normal,0.0177001953125,0,Qwen3-VL-8B-Instruct-RLVR_aligned
cardiomegaly,cardiomegaly,0.66796875,0,Qwen3-VL-8B-Instruct-RLVR_aligned
cardiomegaly,cardiomegaly,0.734375,0,Qwen3-VL-8B-Instruct-RLVR_aligned
cardiomegaly,cardiomegaly,0.73046875,0,Qwen3-VL-8B-Instruct-RLVR_aligned
cardiomegaly,cardiomegaly,0.9453125,0,Qwen3-VL-8B-Instruct-RLVR_aligned
cardiomegaly,cardiomegaly,0.1318359375,0,Qwen3-VL-8B-Instruct-RLVR_aligned
"pulmonary disease, chronic obstruct",lung hyperdistention in lung,1.0,0,Qwen3-VL-8B-Instruct-RLVR_aligned
"pulmonary disease, chronic obstruct",lung hyperdistention in lung,0.58984375,0,Qwen3-VL-8B-Instruct-RLVR_aligned
"pulmonary disease, chronic obstruct",lung hyperdistention in lung,0.83984375,0,Qwen3-VL-8B-Instruct-RLVR_aligned
"pulmonary disease, chronic obstruct",lung hyperdistention in lung,0.87109375,1,Qwen3-VL-8B-Instruct-RLVR_aligned
"pulmonary disease, chronic obstruct",lung hyperdistention in lung,0.61328125,0,Qwen3-VL-8B-Instruct-RLVR_aligned
"pulmonary disease, chronic obstruct",lung hyperdistention in lung,0.1005859375,0,Qwen3-VL-8B-Instruct-RLVR_aligned
normal,normal,0.0177001953125,0,Qwen3-VL-8B-Instruct-RLVR_aligned
cardiomegaly,normal,0.0693359375,0,Qwen3-VL-8B-Instruct-RLVR_aligned
normal,normal,0.0177001953125,0,Qwen3-VL-8B-Instruct-RLVR_aligned
calcinosis,scoliosis,0.19921875,0,Qwen3-VL-8B-Instruct-RLVR_aligned
calcinosis,scoliosis,0.6875,0,Qwen3-VL-8B-Instruct-RLVR_aligned
calcinosis,scoliosis,0.201171875,0,Qwen3-VL-8B-Instruct-RLVR_aligned
surgical instruments,surgical instruments,0.2333984375,0,Qwen3-VL-8B-Instruct-RLVR_aligned
surgical instruments,surgical instruments,0.142578125,1,Qwen3-VL-8B-Instruct-RLVR_aligned
surgical instruments,surgical instruments,0.55078125,1,Qwen3-VL-8B-Instruct-RLVR_aligned
osteophyte,osteophyte,0.09814453125,0,Qwen3-VL-8B-Instruct-RLVR_aligned
osteophyte,osteophyte,0.6953125,1,Qwen3-VL-8B-Instruct-RLVR_aligned
osteophyte,osteophyte,0.98046875,1,Qwen3-VL-8B-Instruct-RLVR_aligned
calcinosis,calcinosis,0.12060546875,0,Qwen3-VL-8B-Instruct-RLVR_aligned
calcinosis,calcinosis,0.21484375,0,Qwen3-VL-8B-Instruct-RLVR_aligned
calcinosis,calcinosis,0.279296875,0,Qwen3-VL-8B-Instruct-RLVR_aligned
surgical instruments,surgical instruments,0.2333984375,0,Qwen3-VL-8B-Instruct-RLVR_aligned
surgical instruments,surgical instruments,0.142578125,1,Qwen3-VL-8B-Instruct-RLVR_aligned
surgical instruments,surgical instruments,0.55078125,1,Qwen3-VL-8B-Instruct-RLVR_aligned
pulmonary emphysema,pulmonary emphysema,0.09521484375,0,Qwen3-VL-8B-Instruct-RLVR_aligned
pulmonary emphysema,pulmonary emphysema,0.99609375,0,Qwen3-VL-8B-Instruct-RLVR_aligned
pulmonary emphysema,pulmonary emphysema,0.9453125,0,Qwen3-VL-8B-Instruct-RLVR_aligned
pulmonary emphysema,pulmonary emphysema,0.98828125,0,Qwen3-VL-8B-Instruct-RLVR_aligned
pulmonary emphysema,pulmonary emphysema,0.99609375,0,Qwen3-VL-8B-Instruct-RLVR_aligned
pulmonary emphysema,pulmonary emphysema,0.7265625,0,Qwen3-VL-8B-Instruct-RLVR_aligned
pulmonary emphysema,pulmonary emphysema,0.1748046875,0,Qwen3-VL-8B-Instruct-RLVR_aligned
pulmonary nodule,pulmonary nodule,0.09423828125,0,Qwen3-VL-8B-Instruct-RLVR_aligned
pulmonary nodule,pulmonary nodule,0.90625,1,Qwen3-VL-8B-Instruct-RLVR_aligned
pulmonary nodule,pulmonary nodule,0.9921875,1,Qwen3-VL-8B-Instruct-RLVR_aligned
pulmonary nodule,pulmonary nodule,0.60546875,1,Qwen3-VL-8B-Instruct-RLVR_aligned
pulmonary nodule,pulmonary nodule,1.0,1,Qwen3-VL-8B-Instruct-RLVR_aligned
normal,normal,0.0177001953125,0,Qwen3-VL-8B-Instruct-RLVR_aligned
pulmonary nodule,small opacity in nodule,0.14453125,0,Qwen3-VL-8B-Instruct-RLVR_aligned
pulmonary nodule,small opacity in nodule,0.0908203125,0,Qwen3-VL-8B-Instruct-RLVR_aligned
pulmonary nodule,small opacity in nodule,0.27734375,0,Qwen3-VL-8B-Instruct-RLVR_aligned
pulmonary nodule,small opacity in nodule,0.6484375,0,Qwen3-VL-8B-Instruct-RLVR_aligned
pulmonary nodule,small opacity in nodule,0.82421875,1,Qwen3-VL-8B-Instruct-RLVR_aligned
prominent interstitial opacity c,cysts,0.09423828125,0,Qwen3-VL-8B-Instruct-RLVR_aligned
prominent interstitial opacity c,cysts,0.185546875,0,Qwen3-VL-8B-Instruct-RLVR_aligned
"fractures, bone","fractures, bone",0.39453125,0,Qwen3-VL-8B-Instruct-RLVR_aligned
"fractures, bone","fractures, bone",1.0,1,Qwen3-VL-8B-Instruct-RLVR_aligned
"fractures, bone","fractures, bone",0.67578125,1,Qwen3-VL-8B-Instruct-RLVR_aligned
"fractures, bone","fractures, bone",0.6875,1,Qwen3-VL-8B-Instruct-RLVR_aligned
"fractures, bone","fractures, bone",0.25390625,1,Qwen3-VL-8B-Instruct-RLVR_aligned
diaphragmatic eventration,diaphragmatic eventration,0.310546875,0,Qwen3-VL-8B-Instruct-RLVR_aligned
diaphragmatic eventration,diaphragmatic eventration,0.9609375,1,Qwen3-VL-8B-Instruct-RLVR_aligned
diaphragmatic eventration,diaphragmatic eventration,0.96875,1,Qwen3-VL-8B-Instruct-RLVR_aligned
diaphragmatic eventration,diaphragmatic eventration,0.83203125,1,Qwen3-VL-8B-Instruct-RLVR_aligned
diaphragmatic eventration,diaphragmatic eventration,0.93359375,1,Qwen3-VL-8B-Instruct-RLVR_aligned
normal,normal,0.0177001953125,0,Qwen3-VL-8B-Instruct-RLVR_aligned
degenerative change,degenerative change in thoracic vertebrae,0.2021484375,0,Qwen3-VL-8B-Instruct-RLVR_aligned
degenerative change,degenerative change in thoracic vertebrae,0.62109375,0,Qwen3-VL-8B-Instruct-RLVR_aligned
degenerative change,degenerative change in thoracic vertebrae,0.58984375,0,Qwen3-VL-8B-Instruct-RLVR_aligned
degenerative change,degenerative change in thoracic vertebrae,0.26953125,0,Qwen3-VL-8B-Instruct-RLVR_aligned
degenerative change,degenerative change in thoracic vertebrae,0.62109375,0,Qwen3-VL-8B-Instruct-RLVR_aligned
degenerative change,degenerative change in thoracic vertebrae,0.88671875,0,Qwen3-VL-8B-Instruct-RLVR_aligned
degenerative change,degenerative change in thoracic vertebrae,0.8125,0,Qwen3-VL-8B-Instruct-RLVR_aligned
degenerative change,degenerative change in thoracic vertebrae,0.90234375,0,Qwen3-VL-8B-Instruct-RLVR_aligned
degenerative change,degenerative change in thoracic vertebrae,0.8046875,0,Qwen3-VL-8B-Instruct-RLVR_aligned
degenerative change,degenerative change in thoracic vertebrae,0.27734375,0,Qwen3-VL-8B-Instruct-RLVR_aligned
scarring,cicatrix,0.15625,0,Qwen3-VL-8B-Instruct-RLVR_aligned
scarring,cicatrix,0.4140625,0,Qwen3-VL-8B-Instruct-RLVR_aligned
scarring,cicatrix,0.0859375,0,Qwen3-VL-8B-Instruct-RLVR_aligned
cardiomegaly,implanted medical device,0.171875,0,Qwen3-VL-8B-Instruct-RLVR_aligned
cardiomegaly,implanted medical device,0.7890625,0,Qwen3-VL-8B-Instruct-RLVR_aligned
cardiomegaly,implanted medical device,0.2158203125,0,Qwen3-VL-8B-Instruct-RLVR_aligned
cardiomegaly,implanted medical device,0.63671875,1,Qwen3-VL-8B-Instruct-RLVR_aligned
normal,normal,0.0177001953125,0,Qwen3-VL-8B-Instruct-RLVR_aligned
chronic lung disease,emphysema,0.28515625,0,Qwen3-VL-8B-Instruct-RLVR_aligned
chronic lung disease,emphysema,0.58984375,1,Qwen3-VL-8B-Instruct-RLVR_aligned
chronic lung disease,emphysema,0.9453125,1,Qwen3-VL-8B-Instruct-RLVR_aligned
chronic lung disease,emphysema,0.9375,1,Qwen3-VL-8B-Instruct-RLVR_aligned
normal,normal,0.0177001953125,0,Qwen3-VL-8B-Instruct-RLVR_aligned
degenerative change,arthritis,0.1923828125,0,Qwen3-VL-8B-Instruct-RLVR_aligned
degenerative change,arthritis,0.11865234375,0,Qwen3-VL-8B-Instruct-RLVR_aligned
pulmonary edema,cardiomegaly,0.130859375,0,Qwen3-VL-8B-Instruct-RLVR_aligned
pulmonary edema,cardiomegaly,0.0517578125,0,Qwen3-VL-8B-Instruct-RLVR_aligned
pulmonary edema,cardiomegaly,0.34765625,1,Qwen3-VL-8B-Instruct-RLVR_aligned
pulmonary edema,cardiomegaly,0.96484375,1,Qwen3-VL-8B-Instruct-RLVR_aligned
pulmonary edema,cardiomegaly,0.984375,1,Qwen3-VL-8B-Instruct-RLVR_aligned
normal,normal,0.0177001953125,0,Qwen3-VL-8B-Instruct-RLVR_aligned
diaphragmatic eventration,diaphragmatic eventration,0.310546875,0,Qwen3-VL-8B-Instruct-RLVR_aligned
diaphragmatic eventration,diaphragmatic eventration,0.9609375,1,Qwen3-VL-8B-Instruct-RLVR_aligned
diaphragmatic eventration,diaphragmatic eventration,0.96875,1,Qwen3-VL-8B-Instruct-RLVR_aligned
diaphragmatic eventration,diaphragmatic eventration,0.83203125,1,Qwen3-VL-8B-Instruct-RLVR_aligned
diaphragmatic eventration,diaphragmatic eventration,0.93359375,1,Qwen3-VL-8B-Instruct-RLVR_aligned
pulmonary consolidation,pneumonia,0.1484375,0,Qwen3-VL-8B-Instruct-RLVR_aligned
pulmonary consolidation,pneumonia,0.921875,0,Qwen3-VL-8B-Instruct-RLVR_aligned
pulmonary consolidation,pneumonia,0.99609375,1,Qwen3-VL-8B-Instruct-RLVR_aligned
pulmonary consolidation,pneumonia,0.78125,1,Qwen3-VL-8B-Instruct-RLVR_aligned
normal,normal,0.0177001953125,0,Qwen3-VL-8B-Instruct-RLVR_aligned
pleural effusion,pleural effusion,0.2412109375,0,Qwen3-VL-8B-Instruct-RLVR_aligned
pleural effusion,pleural effusion,0.953125,1,Qwen3-VL-8B-Instruct-RLVR_aligned
pleural effusion,pleural effusion,0.9765625,1,Qwen3-VL-8B-Instruct-RLVR_aligned
pleural effusion,pleural effusion,0.9296875,1,Qwen3-VL-8B-Instruct-RLVR_aligned
"fractures, bone","fractures, bone",0.39453125,0,Qwen3-VL-8B-Instruct-RLVR_aligned
"fractures, bone","fractures, bone",1.0,1,Qwen3-VL-8B-Instruct-RLVR_aligned
"fractures, bone","fractures, bone",0.67578125,1,Qwen3-VL-8B-Instruct-RLVR_aligned
"fractures, bone","fractures, bone",0.6875,1,Qwen3-VL-8B-Instruct-RLVR_aligned
"fractures, bone","fractures, bone",0.25390625,1,Qwen3-VL-8B-Instruct-RLVR_aligned
normal,medical device in thorax,0.0177001953125,0,Qwen3-VL-8B-Instruct-RLVR_aligned
normal,medical device in thorax,0.038818359375,0,Qwen3-VL-8B-Instruct-RLVR_aligned
normal,medical device in thorax,0.04296875,0,Qwen3-VL-8B-Instruct-RLVR_aligned
normal,medical device in thorax,0.25,0,Qwen3-VL-8B-Instruct-RLVR_aligned
normal,medical device in thorax,0.435546875,0,Qwen3-VL-8B-Instruct-RLVR_aligned
tortuous vessel,tortuous vessel in aorta,0.1357421875,0,Qwen3-VL-8B-Instruct-RLVR_aligned
tortuous vessel,tortuous vessel in aorta,0.14453125,0,Qwen3-VL-8B-Instruct-RLVR_aligned
tortuous vessel,tortuous vessel in aorta,0.671875,1,Qwen3-VL-8B-Instruct-RLVR_aligned
tortuous vessel,tortuous vessel in aorta,0.328125,1,Qwen3-VL-8B-Instruct-RLVR_aligned
tortuous vessel,tortuous vessel in aorta,0.09716796875,0,Qwen3-VL-8B-Instruct-RLVR_aligned
tortuous vessel,tortuous vessel in aorta,0.396484375,0,Qwen3-VL-8B-Instruct-RLVR_aligned
tortuous vessel,tortuous vessel in aorta,0.32421875,1,Qwen3-VL-8B-Instruct-RLVR_aligned
calcinosis,calcinosis,0.12060546875,0,Qwen3-VL-8B-Instruct-RLVR_aligned
calcinosis,calcinosis,0.21484375,0,Qwen3-VL-8B-Instruct-RLVR_aligned
calcinosis,calcinosis,0.279296875,0,Qwen3-VL-8B-Instruct-RLVR_aligned
degenerative change in thor,degenerative change in thoracic vertebrae,0.13671875,0,Qwen3-VL-8B-Instruct-RLVR_aligned
degenerative change in thor,degenerative change in thoracic vertebrae,0.0966796875,0,Qwen3-VL-8B-Instruct-RLVR_aligned
degenerative change in thor,degenerative change in thoracic vertebrae,0.98046875,1,Qwen3-VL-8B-Instruct-RLVR_aligned
degenerative change in thor,degenerative change in thoracic vertebrae,0.81640625,1,Qwen3-VL-8B-Instruct-RLVR_aligned
degenerative change in thor,degenerative change in thoracic vertebrae,0.9375,1,Qwen3-VL-8B-Instruct-RLVR_aligned
degenerative change in thor,degenerative change in thoracic vertebrae,0.76171875,1,Qwen3-VL-8B-Instruct-RLVR_aligned
degenerative change in thor,degenerative change in thoracic vertebrae,0.87890625,1,Qwen3-VL-8B-Instruct-RLVR_aligned
degenerative change in thor,degenerative change in thoracic vertebrae,0.70703125,0,Qwen3-VL-8B-Instruct-RLVR_aligned
degenerative change in thor,degenerative change in thoracic vertebrae,0.98046875,1,Qwen3-VL-8B-Instruct-RLVR_aligned
degenerative change in thor,degenerative change in thoracic vertebrae,0.87109375,1,Qwen3-VL-8B-Instruct-RLVR_aligned
pulmonary interstitial disease,spondylosis,0.1611328125,0,Qwen3-VL-8B-Instruct-RLVR_aligned
pulmonary interstitial disease,spondylosis,0.35546875,0,Qwen3-VL-8B-Instruct-RLVR_aligned
pulmonary interstitial disease,spondylosis,0.59375,0,Qwen3-VL-8B-Instruct-RLVR_aligned
pulmonary interstitial disease,spondylosis,0.96484375,0,Qwen3-VL-8B-Instruct-RLVR_aligned
pulmonary interstitial disease,spondylosis,0.109375,0,Qwen3-VL-8B-Instruct-RLVR_aligned
degenerative change in thor,degenerative change in thoracic vertebrae,0.13671875,0,Qwen3-VL-8B-Instruct-RLVR_aligned
degenerative change in thor,degenerative change in thoracic vertebrae,0.0966796875,0,Qwen3-VL-8B-Instruct-RLVR_aligned
degenerative change in thor,degenerative change in thoracic vertebrae,0.98046875,1,Qwen3-VL-8B-Instruct-RLVR_aligned
degenerative change in thor,degenerative change in thoracic vertebrae,0.81640625,1,Qwen3-VL-8B-Instruct-RLVR_aligned
degenerative change in thor,degenerative change in thoracic vertebrae,0.9375,1,Qwen3-VL-8B-Instruct-RLVR_aligned
degenerative change in thor,degenerative change in thoracic vertebrae,0.76171875,1,Qwen3-VL-8B-Instruct-RLVR_aligned
degenerative change in thor,degenerative change in thoracic vertebrae,0.87890625,1,Qwen3-VL-8B-Instruct-RLVR_aligned
degenerative change in thor,degenerative change in thoracic vertebrae,0.70703125,0,Qwen3-VL-8B-Instruct-RLVR_aligned
degenerative change in thor,degenerative change in thoracic vertebrae,0.98046875,1,Qwen3-VL-8B-Instruct-RLVR_aligned
degenerative change in thor,degenerative change in thoracic vertebrae,0.87109375,1,Qwen3-VL-8B-Instruct-RLVR_aligned
pulmonary opacity,streaky opacity in opacity,0.154296875,0,Qwen3-VL-8B-Instruct-RLVR_aligned
pulmonary opacity,streaky opacity in opacity,0.09228515625,0,Qwen3-VL-8B-Instruct-RLVR_aligned
pulmonary opacity,streaky opacity in opacity,0.7734375,1,Qwen3-VL-8B-Instruct-RLVR_aligned
pulmonary opacity,streaky opacity in opacity,0.27734375,0,Qwen3-VL-8B-Instruct-RLVR_aligned
pulmonary opacity,streaky opacity in opacity,0.123046875,0,Qwen3-VL-8B-Instruct-RLVR_aligned
pulmonary opacity,streaky opacity in opacity,0.259765625,0,Qwen3-VL-8B-Instruct-RLVR_aligned
calcinosis,calcified granuloma,0.11865234375,0,Qwen3-VL-8B-Instruct-RLVR_aligned
calcinosis,calcified granuloma,0.1015625,0,Qwen3-VL-8B-Instruct-RLVR_aligned
calcinosis,calcified granuloma,0.2158203125,0,Qwen3-VL-8B-Instruct-RLVR_aligned
calcinosis,calcified granuloma,0.94140625,1,Qwen3-VL-8B-Instruct-RLVR_aligned
calcinosis,calcified granuloma,0.609375,1,Qwen3-VL-8B-Instruct-RLVR_aligned
pulmonary atelectasis,pulmonary atelectasis,0.1806640625,0,Qwen3-VL-8B-Instruct-RLVR_aligned
pulmonary atelectasis,pulmonary atelectasis,0.9375,1,Qwen3-VL-8B-Instruct-RLVR_aligned
pulmonary atelectasis,pulmonary atelectasis,0.9921875,1,Qwen3-VL-8B-Instruct-RLVR_aligned
pulmonary atelectasis,pulmonary atelectasis,0.88671875,1,Qwen3-VL-8B-Instruct-RLVR_aligned
pulmonary atelectasis,pulmonary atelectasis,1.0,1,Qwen3-VL-8B-Instruct-RLVR_aligned
pulmonary atelectasis,pulmonary atelectasis,0.9375,1,Qwen3-VL-8B-Instruct-RLVR_aligned
normal,normal,0.0177001953125,0,Qwen3-VL-8B-Instruct-RLVR_aligned
scoliosis,scoliosis,1.0,0,Qwen3-VL-8B-Instruct-RLVR_aligned
scoliosis,scoliosis,0.2421875,0,Qwen3-VL-8B-Instruct-RLVR_aligned
scoliosis,scoliosis,0.4140625,1,Qwen3-VL-8B-Instruct-RLVR_aligned
lung hypoinflation in lung,lung hypoinflation in lung,0.07177734375,0,Qwen3-VL-8B-Instruct-RLVR_aligned
lung hypoinflation in lung,lung hypoinflation in lung,0.2138671875,1,Qwen3-VL-8B-Instruct-RLVR_aligned
lung hypoinflation in lung,lung hypoinflation in lung,0.8984375,1,Qwen3-VL-8B-Instruct-RLVR_aligned
lung hypoinflation in lung,lung hypoinflation in lung,1.0,1,Qwen3-VL-8B-Instruct-RLVR_aligned
lung hypoinflation in lung,lung hypoinflation in lung,0.78125,1,Qwen3-VL-8B-Instruct-RLVR_aligned
lung hypoinflation in lung,lung hypoinflation in lung,0.7265625,1,Qwen3-VL-8B-Instruct-RLVR_aligned
normal,normal,0.0177001953125,0,Qwen3-VL-8B-Instruct-RLVR_aligned
cardiomegaly,cardiomegaly,0.66796875,0,Qwen3-VL-8B-Instruct-RLVR_aligned
cardiomegaly,cardiomegaly,0.734375,0,Qwen3-VL-8B-Instruct-RLVR_aligned
cardiomegaly,cardiomegaly,0.73046875,0,Qwen3-VL-8B-Instruct-RLVR_aligned
cardiomegaly,cardiomegaly,0.9453125,0,Qwen3-VL-8B-Instruct-RLVR_aligned
cardiomegaly,cardiomegaly,0.1318359375,0,Qwen3-VL-8B-Instruct-RLVR_aligned
normal,normal,0.0177001953125,0,Qwen3-VL-8B-Instruct-RLVR_aligned
normal,normal,0.0177001953125,0,Qwen3-VL-8B-Instruct-RLVR_aligned
pulmonary opacity,streaky opacity in opacity,0.154296875,0,Qwen3-VL-8B-Instruct-RLVR_aligned
pulmonary opacity,streaky opacity in opacity,0.09228515625,0,Qwen3-VL-8B-Instruct-RLVR_aligned
pulmonary opacity,streaky opacity in opacity,0.7734375,1,Qwen3-VL-8B-Instruct-RLVR_aligned
pulmonary opacity,streaky opacity in opacity,0.27734375,0,Qwen3-VL-8B-Instruct-RLVR_aligned
pulmonary opacity,streaky opacity in opacity,0.123046875,0,Qwen3-VL-8B-Instruct-RLVR_aligned
pulmonary opacity,streaky opacity in opacity,0.259765625,0,Qwen3-VL-8B-Instruct-RLVR_aligned
normal,normal,0.0177001953125,0,Qwen3-VL-8B-Instruct-RLVR_aligned
degenerative change in spine,degenerative change in spine,0.5078125,0,Qwen3-VL-8B-Instruct-RLVR_aligned
degenerative change in spine,degenerative change in spine,0.0654296875,0,Qwen3-VL-8B-Instruct-RLVR_aligned
degenerative change in spine,degenerative change in spine,0.828125,0,Qwen3-VL-8B-Instruct-RLVR_aligned
degenerative change in spine,degenerative change in spine,0.431640625,1,Qwen3-VL-8B-Instruct-RLVR_aligned
degenerative change in spine,degenerative change in spine,0.91015625,1,Qwen3-VL-8B-Instruct-RLVR_aligned
degenerative change in spine,degenerative change in spine,0.470703125,0,Qwen3-VL-8B-Instruct-RLVR_aligned
normal,normal,0.0177001953125,0,Qwen3-VL-8B-Instruct-RLVR_aligned
calcinosis,calcinosis,0.12060546875,0,Qwen3-VL-8B-Instruct-RLVR_aligned
calcinosis,calcinosis,0.21484375,0,Qwen3-VL-8B-Instruct-RLVR_aligned
calcinosis,calcinosis,0.279296875,0,Qwen3-VL-8B-Instruct-RLVR_aligned
surgical procedure,surgical instruments,0.2109375,0,Qwen3-VL-8B-Instruct-RLVR_aligned
surgical procedure,surgical instruments,0.50390625,0,Qwen3-VL-8B-Instruct-RLVR_aligned
surgical procedure,surgical instruments,0.1484375,0,Qwen3-VL-8B-Instruct-RLVR_aligned
osteophyte,granuloma,0.09814453125,0,Qwen3-VL-8B-Instruct-RLVR_aligned
osteophyte,granuloma,0.12890625,1,Qwen3-VL-8B-Instruct-RLVR_aligned
osteophyte,granuloma,0.373046875,0,Qwen3-VL-8B-Instruct-RLVR_aligned
calcinosis,"tortuous vessel in aorta, thoracic",0.1728515625,0,Qwen3-VL-8B-Instruct-RLVR_aligned
calcinosis,"tortuous vessel in aorta, thoracic",0.234375,0,Qwen3-VL-8B-Instruct-RLVR_aligned
calcinosis,"tortuous vessel in aorta, thoracic",0.049072265625,0,Qwen3-VL-8B-Instruct-RLVR_aligned
calcinosis,"tortuous vessel in aorta, thoracic",0.125,0,Qwen3-VL-8B-Instruct-RLVR_aligned
calcinosis,"tortuous vessel in aorta, thoracic",0.2236328125,0,Qwen3-VL-8B-Instruct-RLVR_aligned
calcinosis,"tortuous vessel in aorta, thoracic",0.5625,0,Qwen3-VL-8B-Instruct-RLVR_aligned
calcinosis,"tortuous vessel in aorta, thoracic",0.208984375,0,Qwen3-VL-8B-Instruct-RLVR_aligned
calcinosis,"tortuous vessel in aorta, thoracic",0.059814453125,0,Qwen3-VL-8B-Instruct-RLVR_aligned
calcinosis,"tortuous vessel in aorta, thoracic",0.94140625,0,Qwen3-VL-8B-Instruct-RLVR_aligned
calcinosis,"tortuous vessel in aorta, thoracic",0.91796875,0,Qwen3-VL-8B-Instruct-RLVR_aligned
normal,normal,0.0177001953125,0,Qwen3-VL-8B-Instruct-RLVR_aligned
normal,normal,0.0177001953125,0,Qwen3-VL-8B-Instruct-RLVR_aligned
"pulmonary disease, chronic obstruct","lung, hyperlucent",1.0,0,Qwen3-VL-8B-Instruct-RLVR_aligned
"pulmonary disease, chronic obstruct","lung, hyperlucent",0.6171875,0,Qwen3-VL-8B-Instruct-RLVR_aligned
"pulmonary disease, chronic obstruct","lung, hyperlucent",0.15234375,0,Qwen3-VL-8B-Instruct-RLVR_aligned
"pulmonary disease, chronic obstruct","lung, hyperlucent",0.875,0,Qwen3-VL-8B-Instruct-RLVR_aligned
calcinosis,calcinosis,0.12060546875,0,Qwen3-VL-8B-Instruct-RLVR_aligned
calcinosis,calcinosis,0.21484375,0,Qwen3-VL-8B-Instruct-RLVR_aligned
calcinosis,calcinosis,0.279296875,0,Qwen3-VL-8B-Instruct-RLVR_aligned
normal,normal,0.0177001953125,0,Qwen3-VL-8B-Instruct-RLVR_aligned
normal,normal,0.0177001953125,0,Qwen3-VL-8B-Instruct-RLVR_aligned
normal,normal,0.0177001953125,0,Qwen3-VL-8B-Instruct-RLVR_aligned
normal,normal,0.0177001953125,0,Qwen3-VL-8B-Instruct-RLVR_aligned
"pulmonary disease, chronic obstruct","lung, hyperlucent",1.0,0,Qwen3-VL-8B-Instruct-RLVR_aligned
"pulmonary disease, chronic obstruct","lung, hyperlucent",0.6171875,0,Qwen3-VL-8B-Instruct-RLVR_aligned
"pulmonary disease, chronic obstruct","lung, hyperlucent",0.15234375,0,Qwen3-VL-8B-Instruct-RLVR_aligned
"pulmonary disease, chronic obstruct","lung, hyperlucent",0.875,0,Qwen3-VL-8B-Instruct-RLVR_aligned
normal,normal,0.0177001953125,0,Qwen3-VL-8B-Instruct-RLVR_aligned
calcinosis,calcinosis,0.12060546875,0,Qwen3-VL-8B-Instruct-RLVR_aligned
calcinosis,calcinosis,0.21484375,0,Qwen3-VL-8B-Instruct-RLVR_aligned
calcinosis,calcinosis,0.279296875,0,Qwen3-VL-8B-Instruct-RLVR_aligned
pulmonary emphysema,calcinosis,0.06591796875,0,Qwen3-VL-8B-Instruct-RLVR_aligned
pulmonary emphysema,calcinosis,0.373046875,0,Qwen3-VL-8B-Instruct-RLVR_aligned
pulmonary emphysema,calcinosis,0.427734375,1,Qwen3-VL-8B-Instruct-RLVR_aligned
atherosclerosis,atherosclerosis,0.2294921875,0,Qwen3-VL-8B-Instruct-RLVR_aligned
atherosclerosis,atherosclerosis,0.8828125,1,Qwen3-VL-8B-Instruct-RLVR_aligned
atherosclerosis,atherosclerosis,0.7890625,1,Qwen3-VL-8B-Instruct-RLVR_aligned
lucency in lung,"lung, hyperlucent",0.1220703125,0,Qwen3-VL-8B-Instruct-RLVR_aligned
lucency in lung,"lung, hyperlucent",0.10498046875,1,Qwen3-VL-8B-Instruct-RLVR_aligned
lucency in lung,"lung, hyperlucent",0.099609375,0,Qwen3-VL-8B-Instruct-RLVR_aligned
lucency in lung,"lung, hyperlucent",0.7578125,0,Qwen3-VL-8B-Instruct-RLVR_aligned
cardiomegaly,cardiomegaly,0.66796875,0,Qwen3-VL-8B-Instruct-RLVR_aligned
cardiomegaly,cardiomegaly,0.734375,0,Qwen3-VL-8B-Instruct-RLVR_aligned
cardiomegaly,cardiomegaly,0.73046875,0,Qwen3-VL-8B-Instruct-RLVR_aligned
cardiomegaly,cardiomegaly,0.9453125,0,Qwen3-VL-8B-Instruct-RLVR_aligned
cardiomegaly,cardiomegaly,0.1318359375,0,Qwen3-VL-8B-Instruct-RLVR_aligned
normal,normal,0.0177001953125,0,Qwen3-VL-8B-Instruct-RLVR_aligned
lung hypoinflation in em,lung hypoinflation in lung,1.0,0,Qwen3-VL-8B-Instruct-RLVR_aligned
lung hypoinflation in em,lung hypoinflation in lung,0.0947265625,0,Qwen3-VL-8B-Instruct-RLVR_aligned
lung hypoinflation in em,lung hypoinflation in lung,0.4375,1,Qwen3-VL-8B-Instruct-RLVR_aligned
lung hypoinflation in em,lung hypoinflation in lung,0.98828125,1,Qwen3-VL-8B-Instruct-RLVR_aligned
lung hypoinflation in em,lung hypoinflation in lung,0.5078125,1,Qwen3-VL-8B-Instruct-RLVR_aligned
lung hypoinflation in em,lung hypoinflation in lung,0.96484375,0,Qwen3-VL-8B-Instruct-RLVR_aligned
pulmonary atelectasis,cardiomegaly,0.28125,0,Qwen3-VL-8B-Instruct-RLVR_aligned
pulmonary atelectasis,cardiomegaly,0.228515625,0,Qwen3-VL-8B-Instruct-RLVR_aligned
pulmonary atelectasis,cardiomegaly,0.65234375,1,Qwen3-VL-8B-Instruct-RLVR_aligned
pulmonary atelectasis,cardiomegaly,1.0,1,Qwen3-VL-8B-Instruct-RLVR_aligned
pulmonary atelectasis,cardiomegaly,0.98046875,1,Qwen3-VL-8B-Instruct-RLVR_aligned
normal,normal,0.0177001953125,0,Qwen3-VL-8B-Instruct-RLVR_aligned
normal,normal,0.0177001953125,0,Qwen3-VL-8B-Instruct-RLVR_aligned
normal,normal,0.0177001953125,0,Qwen3-VL-8B-Instruct-RLVR_aligned
normal,normal,0.0177001953125,0,Qwen3-VL-8B-Instruct-RLVR_aligned
cardiomegaly,cardiomegaly,0.66796875,0,Qwen3-VL-8B-Instruct-RLVR_aligned
cardiomegaly,cardiomegaly,0.734375,0,Qwen3-VL-8B-Instruct-RLVR_aligned
cardiomegaly,cardiomegaly,0.73046875,0,Qwen3-VL-8B-Instruct-RLVR_aligned
cardiomegaly,cardiomegaly,0.9453125,0,Qwen3-VL-8B-Instruct-RLVR_aligned
cardiomegaly,cardiomegaly,0.1318359375,0,Qwen3-VL-8B-Instruct-RLVR_aligned
normal,normal,0.0177001953125,0,Qwen3-VL-8B-Instruct-RLVR_aligned
tortuous vessel in a,"tortuous vessel in aorta, thoracic",0.546875,0,Qwen3-VL-8B-Instruct-RLVR_aligned
tortuous vessel in a,"tortuous vessel in aorta, thoracic",0.298828125,0,Qwen3-VL-8B-Instruct-RLVR_aligned
tortuous vessel in a,"tortuous vessel in aorta, thoracic",0.455078125,0,Qwen3-VL-8B-Instruct-RLVR_aligned
tortuous vessel in a,"tortuous vessel in aorta, thoracic",0.87890625,0,Qwen3-VL-8B-Instruct-RLVR_aligned
tortuous vessel in a,"tortuous vessel in aorta, thoracic",0.4453125,0,Qwen3-VL-8B-Instruct-RLVR_aligned
tortuous vessel in a,"tortuous vessel in aorta, thoracic",0.302734375,0,Qwen3-VL-8B-Instruct-RLVR_aligned
tortuous vessel in a,"tortuous vessel in aorta, thoracic",0.2451171875,0,Qwen3-VL-8B-Instruct-RLVR_aligned
tortuous vessel in a,"tortuous vessel in aorta, thoracic",0.11083984375,0,Qwen3-VL-8B-Instruct-RLVR_aligned
tortuous vessel in a,"tortuous vessel in aorta, thoracic",0.94921875,0,Qwen3-VL-8B-Instruct-RLVR_aligned
tortuous vessel in a,"tortuous vessel in aorta, thoracic",0.8125,0,Qwen3-VL-8B-Instruct-RLVR_aligned
calcified granuloma,calcified granuloma,0.89453125,0,Qwen3-VL-8B-Instruct-RLVR_aligned
calcified granuloma,calcified granuloma,0.19921875,0,Qwen3-VL-8B-Instruct-RLVR_aligned
calcified granuloma,calcified granuloma,0.3984375,0,Qwen3-VL-8B-Instruct-RLVR_aligned
calcified granuloma,calcified granuloma,0.353515625,0,Qwen3-VL-8B-Instruct-RLVR_aligned
calcified granuloma,calcified granuloma,1.0,0,Qwen3-VL-8B-Instruct-RLVR_aligned
cardiomegaly,cardiomegaly,0.66796875,0,Qwen3-VL-8B-Instruct-RLVR_aligned
cardiomegaly,cardiomegaly,0.734375,0,Qwen3-VL-8B-Instruct-RLVR_aligned
cardiomegaly,cardiomegaly,0.73046875,0,Qwen3-VL-8B-Instruct-RLVR_aligned
cardiomegaly,cardiomegaly,0.9453125,0,Qwen3-VL-8B-Instruct-RLVR_aligned
cardiomegaly,cardiomegaly,0.1318359375,0,Qwen3-VL-8B-Instruct-RLVR_aligned
normal,normal,0.0177001953125,0,Qwen3-VL-8B-Instruct-RLVR_aligned
hernia,"hernia, hiatal",0.0498046875,0,Qwen3-VL-8B-Instruct-RLVR_aligned
hernia,"hernia, hiatal",0.462890625,0,Qwen3-VL-8B-Instruct-RLVR_aligned
hernia,"hernia, hiatal",0.1630859375,0,Qwen3-VL-8B-Instruct-RLVR_aligned
hernia,"hernia, hiatal",0.0849609375,0,Qwen3-VL-8B-Instruct-RLVR_aligned
hernia,"hernia, hiatal",0.58203125,0,Qwen3-VL-8B-Instruct-RLVR_aligned
hernia,"hernia, hiatal",0.8828125,0,Qwen3-VL-8B-Instruct-RLVR_aligned
normal,normal,0.0177001953125,0,Qwen3-VL-8B-Instruct-RLVR_aligned
pulmonary edema,pleural effusion,0.267578125,0,Qwen3-VL-8B-Instruct-RLVR_aligned
pulmonary edema,pleural effusion,0.23046875,0,Qwen3-VL-8B-Instruct-RLVR_aligned
pulmonary edema,pleural effusion,0.9296875,1,Qwen3-VL-8B-Instruct-RLVR_aligned
pulmonary edema,pleural effusion,0.83203125,1,Qwen3-VL-8B-Instruct-RLVR_aligned
pulmonary atelectasis,pulmonary atelectasis,0.1806640625,0,Qwen3-VL-8B-Instruct-RLVR_aligned
pulmonary atelectasis,pulmonary atelectasis,0.9375,1,Qwen3-VL-8B-Instruct-RLVR_aligned
pulmonary atelectasis,pulmonary atelectasis,0.9921875,1,Qwen3-VL-8B-Instruct-RLVR_aligned
pulmonary atelectasis,pulmonary atelectasis,0.88671875,1,Qwen3-VL-8B-Instruct-RLVR_aligned
pulmonary atelectasis,pulmonary atelectasis,1.0,1,Qwen3-VL-8B-Instruct-RLVR_aligned
pulmonary atelectasis,pulmonary atelectasis,0.9375,1,Qwen3-VL-8B-Instruct-RLVR_aligned
normal,normal,0.0177001953125,0,Qwen3-VL-8B-Instruct-RLVR_aligned
tortuous vessel diagnosis:,diaphragmatic eventration,0.0849609375,0,Qwen3-VL-8B-Instruct-RLVR_aligned
tortuous vessel diagnosis:,diaphragmatic eventration,0.63671875,0,Qwen3-VL-8B-Instruct-RLVR_aligned
tortuous vessel diagnosis:,diaphragmatic eventration,0.81640625,1,Qwen3-VL-8B-Instruct-RLVR_aligned
tortuous vessel diagnosis:,diaphragmatic eventration,0.8359375,0,Qwen3-VL-8B-Instruct-RLVR_aligned
tortuous vessel diagnosis:,diaphragmatic eventration,1.0,1,Qwen3-VL-8B-Instruct-RLVR_aligned
osteophyte,osteophyte,0.09814453125,0,Qwen3-VL-8B-Instruct-RLVR_aligned
osteophyte,osteophyte,0.6953125,1,Qwen3-VL-8B-Instruct-RLVR_aligned
osteophyte,osteophyte,0.98046875,1,Qwen3-VL-8B-Instruct-RLVR_aligned
atherosclerosis,atherosclerosis,0.2294921875,0,Qwen3-VL-8B-Instruct-RLVR_aligned
atherosclerosis,atherosclerosis,0.8828125,1,Qwen3-VL-8B-Instruct-RLVR_aligned
atherosclerosis,atherosclerosis,0.7890625,1,Qwen3-VL-8B-Instruct-RLVR_aligned
atherosclerosis,atherosclerosis,0.2294921875,0,Qwen3-VL-8B-Instruct-RLVR_aligned
atherosclerosis,atherosclerosis,0.8828125,1,Qwen3-VL-8B-Instruct-RLVR_aligned
atherosclerosis,atherosclerosis,0.7890625,1,Qwen3-VL-8B-Instruct-RLVR_aligned
pulmonary atelectasis,pleural effusion,0.1796875,0,Qwen3-VL-8B-Instruct-RLVR_aligned
pulmonary atelectasis,pleural effusion,0.7421875,1,Qwen3-VL-8B-Instruct-RLVR_aligned
pulmonary atelectasis,pleural effusion,0.984375,1,Qwen3-VL-8B-Instruct-RLVR_aligned
pulmonary atelectasis,pleural effusion,0.94921875,1,Qwen3-VL-8B-Instruct-RLVR_aligned
calcified granuloma,granuloma,0.89453125,0,Qwen3-VL-8B-Instruct-RLVR_aligned
calcified granuloma,granuloma,0.0966796875,0,Qwen3-VL-8B-Instruct-RLVR_aligned
calcified granuloma,granuloma,0.98046875,0,Qwen3-VL-8B-Instruct-RLVR_aligned
tortuous vessel in a,tortuous vessel in aorta,0.546875,0,Qwen3-VL-8B-Instruct-RLVR_aligned
tortuous vessel in a,tortuous vessel in aorta,0.298828125,0,Qwen3-VL-8B-Instruct-RLVR_aligned
tortuous vessel in a,tortuous vessel in aorta,0.4765625,0,Qwen3-VL-8B-Instruct-RLVR_aligned
tortuous vessel in a,tortuous vessel in aorta,0.87890625,0,Qwen3-VL-8B-Instruct-RLVR_aligned
tortuous vessel in a,tortuous vessel in aorta,0.447265625,0,Qwen3-VL-8B-Instruct-RLVR_aligned
tortuous vessel in a,tortuous vessel in aorta,0.314453125,0,Qwen3-VL-8B-Instruct-RLVR_aligned
tortuous vessel in a,tortuous vessel in aorta,0.24609375,0,Qwen3-VL-8B-Instruct-RLVR_aligned
cardiomegaly,cardiomegaly,0.66796875,0,Qwen3-VL-8B-Instruct-RLVR_aligned
cardiomegaly,cardiomegaly,0.734375,0,Qwen3-VL-8B-Instruct-RLVR_aligned
cardiomegaly,cardiomegaly,0.73046875,0,Qwen3-VL-8B-Instruct-RLVR_aligned
cardiomegaly,cardiomegaly,0.9453125,0,Qwen3-VL-8B-Instruct-RLVR_aligned
cardiomegaly,cardiomegaly,0.1318359375,0,Qwen3-VL-8B-Instruct-RLVR_aligned
elevated diaphragm,lung hypoinflation in lung,0.0732421875,0,Qwen3-VL-8B-Instruct-RLVR_aligned
elevated diaphragm,lung hypoinflation in lung,0.0869140625,0,Qwen3-VL-8B-Instruct-RLVR_aligned
elevated diaphragm,lung hypoinflation in lung,0.302734375,0,Qwen3-VL-8B-Instruct-RLVR_aligned
elevated diaphragm,lung hypoinflation in lung,0.330078125,0,Qwen3-VL-8B-Instruct-RLVR_aligned
elevated diaphragm,lung hypoinflation in lung,0.2099609375,0,Qwen3-VL-8B-Instruct-RLVR_aligned
elevated diaphragm,lung hypoinflation in lung,0.1943359375,0,Qwen3-VL-8B-Instruct-RLVR_aligned
osteophyte,osteophyte,0.09814453125,0,Qwen3-VL-8B-Instruct-RLVR_aligned
osteophyte,osteophyte,0.6953125,1,Qwen3-VL-8B-Instruct-RLVR_aligned
osteophyte,osteophyte,0.98046875,1,Qwen3-VL-8B-Instruct-RLVR_aligned
pulmonary opacity,pulmonary atelectasis,0.154296875,0,Qwen3-VL-8B-Instruct-RLVR_aligned
pulmonary opacity,pulmonary atelectasis,0.87890625,1,Qwen3-VL-8B-Instruct-RLVR_aligned
pulmonary opacity,pulmonary atelectasis,0.99609375,1,Qwen3-VL-8B-Instruct-RLVR_aligned
pulmonary opacity,pulmonary atelectasis,0.69921875,0,Qwen3-VL-8B-Instruct-RLVR_aligned
pulmonary opacity,pulmonary atelectasis,1.0,1,Qwen3-VL-8B-Instruct-RLVR_aligned
pulmonary opacity,pulmonary atelectasis,0.84375,1,Qwen3-VL-8B-Instruct-RLVR_aligned
normal,normal,0.0177001953125,0,Qwen3-VL-8B-Instruct-RLVR_aligned
fibrosis flater,atherosclerosis,0.043701171875,0,Qwen3-VL-8B-Instruct-RLVR_aligned
fibrosis flater,atherosclerosis,0.057861328125,0,Qwen3-VL-8B-Instruct-RLVR_aligned
fibrosis flater,atherosclerosis,0.52734375,1,Qwen3-VL-8B-Instruct-RLVR_aligned
normal,normal,0.0177001953125,0,Qwen3-VL-8B-Instruct-RLVR_aligned
scoliosis,calcified granuloma,1.0,0,Qwen3-VL-8B-Instruct-RLVR_aligned
scoliosis,calcified granuloma,0.21484375,0,Qwen3-VL-8B-Instruct-RLVR_aligned
scoliosis,calcified granuloma,0.38671875,0,Qwen3-VL-8B-Instruct-RLVR_aligned
scoliosis,calcified granuloma,0.07763671875,0,Qwen3-VL-8B-Instruct-RLVR_aligned
scoliosis,calcified granuloma,0.7890625,0,Qwen3-VL-8B-Instruct-RLVR_aligned
pleural effusion,pleural effusion,0.2412109375,0,Qwen3-VL-8B-Instruct-RLVR_aligned
pleural effusion,pleural effusion,0.953125,1,Qwen3-VL-8B-Instruct-RLVR_aligned
pleural effusion,pleural effusion,0.9765625,1,Qwen3-VL-8B-Instruct-RLVR_aligned
pleural effusion,pleural effusion,0.9296875,1,Qwen3-VL-8B-Instruct-RLVR_aligned
normal,normal,0.0177001953125,0,Qwen3-VL-8B-Instruct-RLVR_aligned
normal,normal,0.0177001953125,0,Qwen3-VL-8B-Instruct-RLVR_aligned
cardiomegaly,cystic fibrosis,0.66796875,0,Qwen3-VL-8B-Instruct-RLVR_aligned
cardiomegaly,cystic fibrosis,0.80078125,0,Qwen3-VL-8B-Instruct-RLVR_aligned
cardiomegaly,cystic fibrosis,0.07958984375,0,Qwen3-VL-8B-Instruct-RLVR_aligned
cardiomegaly,cystic fibrosis,0.765625,0,Qwen3-VL-8B-Instruct-RLVR_aligned
cardiomegaly,cystic fibrosis,0.1787109375,0,Qwen3-VL-8B-Instruct-RLVR_aligned
granuloma,granuloma,0.46484375,0,Qwen3-VL-8B-Instruct-RLVR_aligned
granuloma,granuloma,0.0732421875,0,Qwen3-VL-8B-Instruct-RLVR_aligned
granuloma,granuloma,0.13671875,0,Qwen3-VL-8B-Instruct-RLVR_aligned
degenerative change in spine,lung hyperdistention in lung,0.8515625,0,Qwen3-VL-8B-Instruct-RLVR_aligned
degenerative change in spine,lung hyperdistention in lung,0.171875,0,Qwen3-VL-8B-Instruct-RLVR_aligned
degenerative change in spine,lung hyperdistention in lung,0.26171875,0,Qwen3-VL-8B-Instruct-RLVR_aligned
degenerative change in spine,lung hyperdistention in lung,0.63671875,0,Qwen3-VL-8B-Instruct-RLVR_aligned
degenerative change in spine,lung hyperdistention in lung,0.490234375,0,Qwen3-VL-8B-Instruct-RLVR_aligned
degenerative change in spine,lung hyperdistention in lung,0.2265625,0,Qwen3-VL-8B-Instruct-RLVR_aligned
chronic lung disease,cicatrix,0.28515625,0,Qwen3-VL-8B-Instruct-RLVR_aligned
chronic lung disease,cicatrix,0.263671875,0,Qwen3-VL-8B-Instruct-RLVR_aligned
chronic lung disease,cicatrix,0.1611328125,0,Qwen3-VL-8B-Instruct-RLVR_aligned
pulmonary nodule,pulmonary nodule,0.09423828125,0,Qwen3-VL-8B-Instruct-RLVR_aligned
pulmonary nodule,pulmonary nodule,0.90625,1,Qwen3-VL-8B-Instruct-RLVR_aligned
pulmonary nodule,pulmonary nodule,0.9921875,1,Qwen3-VL-8B-Instruct-RLVR_aligned
pulmonary nodule,pulmonary nodule,0.60546875,1,Qwen3-VL-8B-Instruct-RLVR_aligned
pulmonary nodule,pulmonary nodule,1.0,1,Qwen3-VL-8B-Instruct-RLVR_aligned
normal,normal,0.0177001953125,0,Qwen3-VL-8B-Instruct-RLVR_aligned
normal,normal,0.0177001953125,0,Qwen3-VL-8B-Instruct-RLAIF-VL
normal,normal,0.0177001953125,0,Qwen3-VL-8B-Instruct-RLAIF-VL
cardiomegaly,cardiomegaly,0.66796875,0,Qwen3-VL-8B-Instruct-RLAIF-VL
cardiomegaly,cardiomegaly,0.734375,0,Qwen3-VL-8B-Instruct-RLAIF-VL
cardiomegaly,cardiomegaly,0.73046875,0,Qwen3-VL-8B-Instruct-RLAIF-VL
cardiomegaly,cardiomegaly,0.9453125,0,Qwen3-VL-8B-Instruct-RLAIF-VL
cardiomegaly,cardiomegaly,0.1318359375,0,Qwen3-VL-8B-Instruct-RLAIF-VL
normal,normal,0.0177001953125,0,Qwen3-VL-8B-Instruct-RLAIF-VL
focal abnormality in airspace,focal abnormality in airspace disease,0.2099609375,0,Qwen3-VL-8B-Instruct-RLAIF-VL
focal abnormality in airspace,focal abnormality in airspace disease,0.107421875,1,Qwen3-VL-8B-Instruct-RLAIF-VL
focal abnormality in airspace,focal abnormality in airspace disease,0.76953125,1,Qwen3-VL-8B-Instruct-RLAIF-VL
focal abnormality in airspace,focal abnormality in airspace disease,0.99609375,1,Qwen3-VL-8B-Instruct-RLAIF-VL
focal abnormality in airspace,focal abnormality in airspace disease,0.80078125,1,Qwen3-VL-8B-Instruct-RLAIF-VL
focal abnormality in airspace,focal abnormality in airspace disease,0.94921875,1,Qwen3-VL-8B-Instruct-RLAIF-VL
focal abnormality in airspace,focal abnormality in airspace disease,0.2109375,0,Qwen3-VL-8B-Instruct-RLAIF-VL
pulmonary atelectasis,pleural effusion,0.1796875,0,Qwen3-VL-8B-Instruct-RLAIF-VL
pulmonary atelectasis,pleural effusion,0.7421875,1,Qwen3-VL-8B-Instruct-RLAIF-VL
pulmonary atelectasis,pleural effusion,0.984375,1,Qwen3-VL-8B-Instruct-RLAIF-VL
pulmonary atelectasis,pleural effusion,0.94921875,1,Qwen3-VL-8B-Instruct-RLAIF-VL
normal,normal,0.0177001953125,0,Qwen3-VL-8B-Instruct-RLAIF-VL
pulmonary atelectasis,pulmonary atelectasis,0.1806640625,0,Qwen3-VL-8B-Instruct-RLAIF-VL
pulmonary atelectasis,pulmonary atelectasis,0.9375,1,Qwen3-VL-8B-Instruct-RLAIF-VL
pulmonary atelectasis,pulmonary atelectasis,0.9921875,1,Qwen3-VL-8B-Instruct-RLAIF-VL
pulmonary atelectasis,pulmonary atelectasis,0.88671875,1,Qwen3-VL-8B-Instruct-RLAIF-VL
pulmonary atelectasis,pulmonary atelectasis,1.0,1,Qwen3-VL-8B-Instruct-RLAIF-VL
pulmonary atelectasis,pulmonary atelectasis,0.9375,1,Qwen3-VL-8B-Instruct-RLAIF-VL
normal,normal,0.0177001953125,0,Qwen3-VL-8B-Instruct-RLAIF-VL
pulmonary opacity,cardiomegaly,0.154296875,0,Qwen3-VL-8B-Instruct-RLAIF-VL
pulmonary opacity,cardiomegaly,0.7734375,1,Qwen3-VL-8B-Instruct-RLAIF-VL
pulmonary opacity,cardiomegaly,1.0,1,Qwen3-VL-8B-Instruct-RLAIF-VL
pulmonary opacity,cardiomegaly,1.0,1,Qwen3-VL-8B-Instruct-RLAIF-VL
pulmonary opacity,cardiomegaly,0.99609375,1,Qwen3-VL-8B-Instruct-RLAIF-VL
pneumonia,pneumonia,0.328125,0,Qwen3-VL-8B-Instruct-RLAIF-VL
pneumonia,pneumonia,0.1689453125,1,Qwen3-VL-8B-Instruct-RLAIF-VL
pneumonia,pneumonia,0.9609375,1,Qwen3-VL-8B-Instruct-RLAIF-VL
pneumonia,pneumonia,0.59765625,0,Qwen3-VL-8B-Instruct-RLAIF-VL
normal,normal,0.0177001953125,0,Qwen3-VL-8B-Instruct-RLAIF-VL
normal,normal,0.0177001953125,0,Qwen3-VL-8B-Instruct-RLAIF-VL
normal,normal,0.0177001953125,0,Qwen3-VL-8B-Instruct-RLAIF-VL
calcinosis,"bone diseases, metabolic",0.306640625,0,Qwen3-VL-8B-Instruct-RLAIF-VL
calcinosis,"bone diseases, metabolic",0.275390625,0,Qwen3-VL-8B-Instruct-RLAIF-VL
calcinosis,"bone diseases, metabolic",0.169921875,0,Qwen3-VL-8B-Instruct-RLAIF-VL
calcinosis,"bone diseases, metabolic",0.07763671875,0,Qwen3-VL-8B-Instruct-RLAIF-VL
normal,normal,0.0177001953125,0,Qwen3-VL-8B-Instruct-RLAIF-VL
pulmonary atelectasis,pulmonary atelectasis,0.1806640625,0,Qwen3-VL-8B-Instruct-RLAIF-VL
pulmonary atelectasis,pulmonary atelectasis,0.9375,1,Qwen3-VL-8B-Instruct-RLAIF-VL
pulmonary atelectasis,pulmonary atelectasis,0.9921875,1,Qwen3-VL-8B-Instruct-RLAIF-VL
pulmonary atelectasis,pulmonary atelectasis,0.88671875,1,Qwen3-VL-8B-Instruct-RLAIF-VL
pulmonary atelectasis,pulmonary atelectasis,1.0,1,Qwen3-VL-8B-Instruct-RLAIF-VL
pulmonary atelectasis,pulmonary atelectasis,0.9375,1,Qwen3-VL-8B-Instruct-RLAIF-VL
normal,normal,0.0177001953125,0,Qwen3-VL-8B-Instruct-RLAIF-VL
degenerative change in thor,tortuous vessel in aorta,0.13671875,0,Qwen3-VL-8B-Instruct-RLAIF-VL
degenerative change in thor,tortuous vessel in aorta,0.5625,0,Qwen3-VL-8B-Instruct-RLAIF-VL
degenerative change in thor,tortuous vessel in aorta,0.119140625,0,Qwen3-VL-8B-Instruct-RLAIF-VL
degenerative change in thor,tortuous vessel in aorta,0.10595703125,0,Qwen3-VL-8B-Instruct-RLAIF-VL
degenerative change in thor,tortuous vessel in aorta,0.1923828125,0,Qwen3-VL-8B-Instruct-RLAIF-VL
degenerative change in thor,tortuous vessel in aorta,0.169921875,0,Qwen3-VL-8B-Instruct-RLAIF-VL
degenerative change in thor,tortuous vessel in aorta,0.58984375,1,Qwen3-VL-8B-Instruct-RLAIF-VL
granuloma,granuloma,0.46484375,0,Qwen3-VL-8B-Instruct-RLAIF-VL
granuloma,granuloma,0.0732421875,0,Qwen3-VL-8B-Instruct-RLAIF-VL
granuloma,granuloma,0.13671875,0,Qwen3-VL-8B-Instruct-RLAIF-VL
cardiomegaly,cardiomegaly,0.66796875,0,Qwen3-VL-8B-Instruct-RLAIF-VL
cardiomegaly,cardiomegaly,0.734375,0,Qwen3-VL-8B-Instruct-RLAIF-VL
cardiomegaly,cardiomegaly,0.73046875,0,Qwen3-VL-8B-Instruct-RLAIF-VL
cardiomegaly,cardiomegaly,0.9453125,0,Qwen3-VL-8B-Instruct-RLAIF-VL
cardiomegaly,cardiomegaly,0.1318359375,0,Qwen3-VL-8B-Instruct-RLAIF-VL
cardiomegaly,normal,0.0693359375,0,Qwen3-VL-8B-Instruct-RLAIF-VL
normal,normal,0.0177001953125,0,Qwen3-VL-8B-Instruct-RLAIF-VL
lung hypoinflation in em,lung hypoinflation in lung,1.0,0,Qwen3-VL-8B-Instruct-RLAIF-VL
lung hypoinflation in em,lung hypoinflation in lung,0.0947265625,0,Qwen3-VL-8B-Instruct-RLAIF-VL
lung hypoinflation in em,lung hypoinflation in lung,0.4375,1,Qwen3-VL-8B-Instruct-RLAIF-VL
lung hypoinflation in em,lung hypoinflation in lung,0.98828125,1,Qwen3-VL-8B-Instruct-RLAIF-VL
lung hypoinflation in em,lung hypoinflation in lung,0.5078125,1,Qwen3-VL-8B-Instruct-RLAIF-VL
lung hypoinflation in em,lung hypoinflation in lung,0.96484375,0,Qwen3-VL-8B-Instruct-RLAIF-VL
normal,normal,0.0177001953125,0,Qwen3-VL-8B-Instruct-RLAIF-VL
cardiomegaly,cardiomegaly,0.66796875,0,Qwen3-VL-8B-Instruct-RLAIF-VL
cardiomegaly,cardiomegaly,0.734375,0,Qwen3-VL-8B-Instruct-RLAIF-VL
cardiomegaly,cardiomegaly,0.73046875,0,Qwen3-VL-8B-Instruct-RLAIF-VL
cardiomegaly,cardiomegaly,0.9453125,0,Qwen3-VL-8B-Instruct-RLAIF-VL
cardiomegaly,cardiomegaly,0.1318359375,0,Qwen3-VL-8B-Instruct-RLAIF-VL
normal,normal,0.0177001953125,0,Qwen3-VL-8B-Instruct-RLAIF-VL
normal,normal,0.0177001953125,0,Qwen3-VL-8B-Instruct-RLAIF-VL
cardiomegaly,cardiomegaly,0.66796875,0,Qwen3-VL-8B-Instruct-RLAIF-VL
cardiomegaly,cardiomegaly,0.734375,0,Qwen3-VL-8B-Instruct-RLAIF-VL
cardiomegaly,cardiomegaly,0.73046875,0,Qwen3-VL-8B-Instruct-RLAIF-VL
cardiomegaly,cardiomegaly,0.9453125,0,Qwen3-VL-8B-Instruct-RLAIF-VL
cardiomegaly,cardiomegaly,0.1318359375,0,Qwen3-VL-8B-Instruct-RLAIF-VL
normal,normal,0.0177001953125,0,Qwen3-VL-8B-Instruct-RLAIF-VL
pulmonary atelectasis,calcified granuloma,0.27734375,0,Qwen3-VL-8B-Instruct-RLAIF-VL
pulmonary atelectasis,calcified granuloma,0.051025390625,0,Qwen3-VL-8B-Instruct-RLAIF-VL
pulmonary atelectasis,calcified granuloma,0.451171875,0,Qwen3-VL-8B-Instruct-RLAIF-VL
pulmonary atelectasis,calcified granuloma,0.423828125,0,Qwen3-VL-8B-Instruct-RLAIF-VL
pulmonary atelectasis,calcified granuloma,0.984375,0,Qwen3-VL-8B-Instruct-RLAIF-VL
degenerative change in spine,pulmonary atelectasis,0.1962890625,0,Qwen3-VL-8B-Instruct-RLAIF-VL
degenerative change in spine,pulmonary atelectasis,0.068359375,0,Qwen3-VL-8B-Instruct-RLAIF-VL
degenerative change in spine,pulmonary atelectasis,0.458984375,1,Qwen3-VL-8B-Instruct-RLAIF-VL
degenerative change in spine,pulmonary atelectasis,0.1533203125,0,Qwen3-VL-8B-Instruct-RLAIF-VL
degenerative change in spine,pulmonary atelectasis,0.99609375,1,Qwen3-VL-8B-Instruct-RLAIF-VL
degenerative change in spine,pulmonary atelectasis,0.93359375,1,Qwen3-VL-8B-Instruct-RLAIF-VL
normal,normal,0.0177001953125,0,Qwen3-VL-8B-Instruct-RLAIF-VL
atelectasis bilaterally at,cicatrix,0.515625,0,Qwen3-VL-8B-Instruct-RLAIF-VL
atelectasis bilaterally at,cicatrix,0.1337890625,0,Qwen3-VL-8B-Instruct-RLAIF-VL
atelectasis bilaterally at,cicatrix,0.09375,0,Qwen3-VL-8B-Instruct-RLAIF-VL
calcified granuloma,calcified granuloma,0.89453125,0,Qwen3-VL-8B-Instruct-RLAIF-VL
calcified granuloma,calcified granuloma,0.19921875,0,Qwen3-VL-8B-Instruct-RLAIF-VL
calcified granuloma,calcified granuloma,0.3984375,0,Qwen3-VL-8B-Instruct-RLAIF-VL
calcified granuloma,calcified granuloma,0.353515625,0,Qwen3-VL-8B-Instruct-RLAIF-VL
calcified granuloma,calcified granuloma,1.0,0,Qwen3-VL-8B-Instruct-RLAIF-VL
normal,normal,0.0177001953125,0,Qwen3-VL-8B-Instruct-RLAIF-VL
calcinosis,cicatrix,0.130859375,0,Qwen3-VL-8B-Instruct-RLAIF-VL
calcinosis,cicatrix,0.14453125,0,Qwen3-VL-8B-Instruct-RLAIF-VL
calcinosis,cicatrix,0.353515625,0,Qwen3-VL-8B-Instruct-RLAIF-VL
pulmonary atelectasis,atherosclerosis,0.1796875,0,Qwen3-VL-8B-Instruct-RLAIF-VL
pulmonary atelectasis,atherosclerosis,0.9453125,1,Qwen3-VL-8B-Instruct-RLAIF-VL
pulmonary atelectasis,atherosclerosis,0.84765625,1,Qwen3-VL-8B-Instruct-RLAIF-VL
pulmonary hypoinflation,lung hypoinflation in lung,0.1484375,0,Qwen3-VL-8B-Instruct-RLAIF-VL
pulmonary hypoinflation,lung hypoinflation in lung,0.107421875,0,Qwen3-VL-8B-Instruct-RLAIF-VL
pulmonary hypoinflation,lung hypoinflation in lung,0.5703125,1,Qwen3-VL-8B-Instruct-RLAIF-VL
pulmonary hypoinflation,lung hypoinflation in lung,0.9921875,1,Qwen3-VL-8B-Instruct-RLAIF-VL
pulmonary hypoinflation,lung hypoinflation in lung,0.1298828125,0,Qwen3-VL-8B-Instruct-RLAIF-VL
pulmonary hypoinflation,lung hypoinflation in lung,0.2265625,0,Qwen3-VL-8B-Instruct-RLAIF-VL
calcinosis,calcinosis,0.12060546875,0,Qwen3-VL-8B-Instruct-RLAIF-VL
calcinosis,calcinosis,0.21484375,0,Qwen3-VL-8B-Instruct-RLAIF-VL
calcinosis,calcinosis,0.279296875,0,Qwen3-VL-8B-Instruct-RLAIF-VL
foreign bodies,foreign bodies,0.1611328125,0,Qwen3-VL-8B-Instruct-RLAIF-VL
foreign bodies,foreign bodies,0.33203125,1,Qwen3-VL-8B-Instruct-RLAIF-VL
normal,normal,0.0177001953125,0,Qwen3-VL-8B-Instruct-RLAIF-VL
chronic lung disease,bronchiectasis,0.28515625,0,Qwen3-VL-8B-Instruct-RLAIF-VL
chronic lung disease,bronchiectasis,0.67578125,0,Qwen3-VL-8B-Instruct-RLAIF-VL
chronic lung disease,bronchiectasis,0.796875,1,Qwen3-VL-8B-Instruct-RLAIF-VL
chronic lung disease,bronchiectasis,0.8359375,0,Qwen3-VL-8B-Instruct-RLAIF-VL
pulmonary emphysema,calcinosis,0.06591796875,0,Qwen3-VL-8B-Instruct-RLAIF-VL
pulmonary emphysema,calcinosis,0.373046875,0,Qwen3-VL-8B-Instruct-RLAIF-VL
pulmonary emphysema,calcinosis,0.427734375,1,Qwen3-VL-8B-Instruct-RLAIF-VL
normal,normal,0.0177001953125,0,Qwen3-VL-8B-Instruct-RLAIF-VL
normal,normal,0.0177001953125,0,Qwen3-VL-8B-Instruct-RLAIF-VL
normal,normal,0.0177001953125,0,Qwen3-VL-8B-Instruct-RLAIF-VL
calcinosis,calcinosis,0.12060546875,0,Qwen3-VL-8B-Instruct-RLAIF-VL
calcinosis,calcinosis,0.21484375,0,Qwen3-VL-8B-Instruct-RLAIF-VL
calcinosis,calcinosis,0.279296875,0,Qwen3-VL-8B-Instruct-RLAIF-VL
calcinosis,calcinosis,0.12060546875,0,Qwen3-VL-8B-Instruct-RLAIF-VL
calcinosis,calcinosis,0.21484375,0,Qwen3-VL-8B-Instruct-RLAIF-VL
calcinosis,calcinosis,0.279296875,0,Qwen3-VL-8B-Instruct-RLAIF-VL
pulmonary opacity,pulmonary opacity,0.154296875,0,Qwen3-VL-8B-Instruct-RLAIF-VL
pulmonary opacity,pulmonary opacity,0.87890625,1,Qwen3-VL-8B-Instruct-RLAIF-VL
pulmonary opacity,pulmonary opacity,0.99609375,1,Qwen3-VL-8B-Instruct-RLAIF-VL
pulmonary opacity,pulmonary opacity,0.6953125,1,Qwen3-VL-8B-Instruct-RLAIF-VL
normal,normal,0.0177001953125,0,Qwen3-VL-8B-Instruct-RLAIF-VL
elevated diaphragm,elevated diaphragm in diaphragm,0.150390625,0,Qwen3-VL-8B-Instruct-RLAIF-VL
elevated diaphragm,elevated diaphragm in diaphragm,0.80859375,0,Qwen3-VL-8B-Instruct-RLAIF-VL
elevated diaphragm,elevated diaphragm in diaphragm,0.71875,0,Qwen3-VL-8B-Instruct-RLAIF-VL
elevated diaphragm,elevated diaphragm in diaphragm,1.0,0,Qwen3-VL-8B-Instruct-RLAIF-VL
elevated diaphragm,elevated diaphragm in diaphragm,0.9765625,0,Qwen3-VL-8B-Instruct-RLAIF-VL
elevated diaphragm,elevated diaphragm in diaphragm,0.17578125,0,Qwen3-VL-8B-Instruct-RLAIF-VL
elevated diaphragm,elevated diaphragm in diaphragm,0.2236328125,0,Qwen3-VL-8B-Instruct-RLAIF-VL
elevated diaphragm,elevated diaphragm in diaphragm,0.9375,0,Qwen3-VL-8B-Instruct-RLAIF-VL
elevated diaphragm,elevated diaphragm in diaphragm,0.75390625,0,Qwen3-VL-8B-Instruct-RLAIF-VL
elevated diaphragm,elevated diaphragm in diaphragm,0.490234375,0,Qwen3-VL-8B-Instruct-RLAIF-VL
atherosclerosis,atherosclerosis,0.2294921875,0,Qwen3-VL-8B-Instruct-RLAIF-VL
atherosclerosis,atherosclerosis,0.8828125,1,Qwen3-VL-8B-Instruct-RLAIF-VL
atherosclerosis,atherosclerosis,0.7890625,1,Qwen3-VL-8B-Instruct-RLAIF-VL
normal,normal,0.0177001953125,0,Qwen3-VL-8B-Instruct-RLAIF-VL
normal,normal,0.0177001953125,0,Qwen3-VL-8B-Instruct-RLAIF-VL
pulmonary atelectasis,streaky opacity in opacity,0.1806640625,0,Qwen3-VL-8B-Instruct-RLAIF-VL
pulmonary atelectasis,streaky opacity in opacity,0.07080078125,0,Qwen3-VL-8B-Instruct-RLAIF-VL
pulmonary atelectasis,streaky opacity in opacity,0.84765625,1,Qwen3-VL-8B-Instruct-RLAIF-VL
pulmonary atelectasis,streaky opacity in opacity,0.357421875,0,Qwen3-VL-8B-Instruct-RLAIF-VL
pulmonary atelectasis,streaky opacity in opacity,0.193359375,1,Qwen3-VL-8B-Instruct-RLAIF-VL
pulmonary atelectasis,streaky opacity in opacity,0.384765625,0,Qwen3-VL-8B-Instruct-RLAIF-VL
elevated diaphragm in di,elevated diaphragm in diaphragm,0.07080078125,0,Qwen3-VL-8B-Instruct-RLAIF-VL
elevated diaphragm in di,elevated diaphragm in diaphragm,0.828125,0,Qwen3-VL-8B-Instruct-RLAIF-VL
elevated diaphragm in di,elevated diaphragm in diaphragm,0.52734375,0,Qwen3-VL-8B-Instruct-RLAIF-VL
elevated diaphragm in di,elevated diaphragm in diaphragm,1.0,0,Qwen3-VL-8B-Instruct-RLAIF-VL
elevated diaphragm in di,elevated diaphragm in diaphragm,0.99609375,0,Qwen3-VL-8B-Instruct-RLAIF-VL
elevated diaphragm in di,elevated diaphragm in diaphragm,0.78125,0,Qwen3-VL-8B-Instruct-RLAIF-VL
elevated diaphragm in di,elevated diaphragm in diaphragm,0.20703125,0,Qwen3-VL-8B-Instruct-RLAIF-VL
elevated diaphragm in di,elevated diaphragm in diaphragm,0.98828125,0,Qwen3-VL-8B-Instruct-RLAIF-VL
elevated diaphragm in di,elevated diaphragm in diaphragm,0.5,0,Qwen3-VL-8B-Instruct-RLAIF-VL
elevated diaphragm in di,elevated diaphragm in diaphragm,0.275390625,0,Qwen3-VL-8B-Instruct-RLAIF-VL
normal,normal,0.0177001953125,0,Qwen3-VL-8B-Instruct-RLAIF-VL
"pulmonary disease, chronic obstruct",lung hyperdistention in lung,1.0,0,Qwen3-VL-8B-Instruct-RLAIF-VL
"pulmonary disease, chronic obstruct",lung hyperdistention in lung,0.58984375,0,Qwen3-VL-8B-Instruct-RLAIF-VL
"pulmonary disease, chronic obstruct",lung hyperdistention in lung,0.83984375,0,Qwen3-VL-8B-Instruct-RLAIF-VL
"pulmonary disease, chronic obstruct",lung hyperdistention in lung,0.87109375,1,Qwen3-VL-8B-Instruct-RLAIF-VL
"pulmonary disease, chronic obstruct",lung hyperdistention in lung,0.61328125,0,Qwen3-VL-8B-Instruct-RLAIF-VL
"pulmonary disease, chronic obstruct",lung hyperdistention in lung,0.1005859375,0,Qwen3-VL-8B-Instruct-RLAIF-VL
cardiomegaly,cardiomegaly,0.66796875,0,Qwen3-VL-8B-Instruct-RLAIF-VL
cardiomegaly,cardiomegaly,0.734375,0,Qwen3-VL-8B-Instruct-RLAIF-VL
cardiomegaly,cardiomegaly,0.73046875,0,Qwen3-VL-8B-Instruct-RLAIF-VL
cardiomegaly,cardiomegaly,0.9453125,0,Qwen3-VL-8B-Instruct-RLAIF-VL
cardiomegaly,cardiomegaly,0.1318359375,0,Qwen3-VL-8B-Instruct-RLAIF-VL
calcinosis,calcinosis,0.12060546875,0,Qwen3-VL-8B-Instruct-RLAIF-VL
calcinosis,calcinosis,0.21484375,0,Qwen3-VL-8B-Instruct-RLAIF-VL
calcinosis,calcinosis,0.279296875,0,Qwen3-VL-8B-Instruct-RLAIF-VL
normal,normal,0.0177001953125,0,Qwen3-VL-8B-Instruct-RLAIF-VL
pulmonary markings increased in,lung hypoinflation in lung,0.34375,0,Qwen3-VL-8B-Instruct-RLAIF-VL
pulmonary markings increased in,lung hypoinflation in lung,0.158203125,0,Qwen3-VL-8B-Instruct-RLAIF-VL
pulmonary markings increased in,lung hypoinflation in lung,0.54296875,1,Qwen3-VL-8B-Instruct-RLAIF-VL
pulmonary markings increased in,lung hypoinflation in lung,0.8203125,1,Qwen3-VL-8B-Instruct-RLAIF-VL
pulmonary markings increased in,lung hypoinflation in lung,0.1845703125,0,Qwen3-VL-8B-Instruct-RLAIF-VL
pulmonary markings increased in,lung hypoinflation in lung,0.1025390625,0,Qwen3-VL-8B-Instruct-RLAIF-VL
pulmonary opacity,patchy opacity in opacity,0.154296875,0,Qwen3-VL-8B-Instruct-RLAIF-VL
pulmonary opacity,patchy opacity in opacity,0.71484375,1,Qwen3-VL-8B-Instruct-RLAIF-VL
pulmonary opacity,patchy opacity in opacity,0.609375,0,Qwen3-VL-8B-Instruct-RLAIF-VL
pulmonary opacity,patchy opacity in opacity,0.2490234375,1,Qwen3-VL-8B-Instruct-RLAIF-VL
pulmonary opacity,patchy opacity in opacity,0.30078125,0,Qwen3-VL-8B-Instruct-RLAIF-VL
pulmonary atelectasis,calcinosis,0.2578125,0,Qwen3-VL-8B-Instruct-RLAIF-VL
pulmonary atelectasis,calcinosis,0.05029296875,0,Qwen3-VL-8B-Instruct-RLAIF-VL
pulmonary atelectasis,calcinosis,0.4296875,1,Qwen3-VL-8B-Instruct-RLAIF-VL
indwelling catheter,normal,0.123046875,0,Qwen3-VL-8B-Instruct-RLAIF-VL
normal,normal,0.0177001953125,0,Qwen3-VL-8B-Instruct-RLAIF-VL
cardiomegaly,calcinosis,0.66796875,0,Qwen3-VL-8B-Instruct-RLAIF-VL
cardiomegaly,calcinosis,0.34765625,0,Qwen3-VL-8B-Instruct-RLAIF-VL
cardiomegaly,calcinosis,0.546875,1,Qwen3-VL-8B-Instruct-RLAIF-VL
normal,normal,0.0177001953125,0,Qwen3-VL-8B-Instruct-RLAIF-VL
normal,normal,0.0177001953125,0,Qwen3-VL-8B-Instruct-RLAIF-VL
calcinosis,calcinosis,0.12060546875,0,Qwen3-VL-8B-Instruct-RLAIF-VL
calcinosis,calcinosis,0.21484375,0,Qwen3-VL-8B-Instruct-RLAIF-VL
calcinosis,calcinosis,0.279296875,0,Qwen3-VL-8B-Instruct-RLAIF-VL
normal,normal,0.0177001953125,0,Qwen3-VL-8B-Instruct-RLAIF-VL
pneumothorax,pleural effusion,0.1875,0,Qwen3-VL-8B-Instruct-RLAIF-VL
pneumothorax,pleural effusion,0.859375,1,Qwen3-VL-8B-Instruct-RLAIF-VL
pneumothorax,pleural effusion,0.91796875,1,Qwen3-VL-8B-Instruct-RLAIF-VL
pneumothorax,pleural effusion,0.9296875,1,Qwen3-VL-8B-Instruct-RLAIF-VL
calcinosis,cardiomegaly,0.12109375,0,Qwen3-VL-8B-Instruct-RLAIF-VL
calcinosis,cardiomegaly,0.9921875,0,Qwen3-VL-8B-Instruct-RLAIF-VL
calcinosis,cardiomegaly,0.58984375,0,Qwen3-VL-8B-Instruct-RLAIF-VL
calcinosis,cardiomegaly,0.408203125,0,Qwen3-VL-8B-Instruct-RLAIF-VL
calcinosis,cardiomegaly,0.11083984375,0,Qwen3-VL-8B-Instruct-RLAIF-VL
pulmonary atelectasis,"pulmonary disease, chronic obstructive",0.1806640625,0,Qwen3-VL-8B-Instruct-RLAIF-VL
pulmonary atelectasis,"pulmonary disease, chronic obstructive",0.9375,1,Qwen3-VL-8B-Instruct-RLAIF-VL
pulmonary atelectasis,"pulmonary disease, chronic obstructive",0.9921875,1,Qwen3-VL-8B-Instruct-RLAIF-VL
pulmonary atelectasis,"pulmonary disease, chronic obstructive",0.88671875,0,Qwen3-VL-8B-Instruct-RLAIF-VL
pulmonary atelectasis,"pulmonary disease, chronic obstructive",0.11279296875,0,Qwen3-VL-8B-Instruct-RLAIF-VL
pulmonary atelectasis,"pulmonary disease, chronic obstructive",0.2119140625,0,Qwen3-VL-8B-Instruct-RLAIF-VL
pulmonary atelectasis,"pulmonary disease, chronic obstructive",0.98828125,1,Qwen3-VL-8B-Instruct-RLAIF-VL
pulmonary atelectasis,"pulmonary disease, chronic obstructive",0.95703125,1,Qwen3-VL-8B-Instruct-RLAIF-VL
pulmonary nodule,bilateral abnormality in nodule,0.0986328125,0,Qwen3-VL-8B-Instruct-RLAIF-VL
pulmonary nodule,bilateral abnormality in nodule,0.09375,0,Qwen3-VL-8B-Instruct-RLAIF-VL
pulmonary nodule,bilateral abnormality in nodule,0.38671875,0,Qwen3-VL-8B-Instruct-RLAIF-VL
pulmonary nodule,bilateral abnormality in nodule,0.1357421875,0,Qwen3-VL-8B-Instruct-RLAIF-VL
pulmonary nodule,bilateral abnormality in nodule,0.134765625,0,Qwen3-VL-8B-Instruct-RLAIF-VL
pulmonary nodule,bilateral abnormality in nodule,0.78515625,0,Qwen3-VL-8B-Instruct-RLAIF-VL
pulmonary nodule,bilateral abnormality in nodule,0.5078125,1,Qwen3-VL-8B-Instruct-RLAIF-VL
cardiomegaly,cardiomegaly,0.66796875,0,Qwen3-VL-8B-Instruct-RLAIF-VL
cardiomegaly,cardiomegaly,0.734375,0,Qwen3-VL-8B-Instruct-RLAIF-VL
cardiomegaly,cardiomegaly,0.73046875,0,Qwen3-VL-8B-Instruct-RLAIF-VL
cardiomegaly,cardiomegaly,0.9453125,0,Qwen3-VL-8B-Instruct-RLAIF-VL
cardiomegaly,cardiomegaly,0.1318359375,0,Qwen3-VL-8B-Instruct-RLAIF-VL
pulmonary atelectasis,pulmonary atelectasis,0.1806640625,0,Qwen3-VL-8B-Instruct-RLAIF-VL
pulmonary atelectasis,pulmonary atelectasis,0.9375,1,Qwen3-VL-8B-Instruct-RLAIF-VL
pulmonary atelectasis,pulmonary atelectasis,0.9921875,1,Qwen3-VL-8B-Instruct-RLAIF-VL
pulmonary atelectasis,pulmonary atelectasis,0.88671875,1,Qwen3-VL-8B-Instruct-RLAIF-VL
pulmonary atelectasis,pulmonary atelectasis,1.0,1,Qwen3-VL-8B-Instruct-RLAIF-VL
pulmonary atelectasis,pulmonary atelectasis,0.9375,1,Qwen3-VL-8B-Instruct-RLAIF-VL
osteoporosis,degenerative change in thoracic vertebrae,0.1708984375,0,Qwen3-VL-8B-Instruct-RLAIF-VL
osteoporosis,degenerative change in thoracic vertebrae,0.0615234375,0,Qwen3-VL-8B-Instruct-RLAIF-VL
osteoporosis,degenerative change in thoracic vertebrae,0.89453125,1,Qwen3-VL-8B-Instruct-RLAIF-VL
osteoporosis,degenerative change in thoracic vertebrae,0.318359375,0,Qwen3-VL-8B-Instruct-RLAIF-VL
osteoporosis,degenerative change in thoracic vertebrae,0.265625,1,Qwen3-VL-8B-Instruct-RLAIF-VL
osteoporosis,degenerative change in thoracic vertebrae,0.6953125,0,Qwen3-VL-8B-Instruct-RLAIF-VL
osteoporosis,degenerative change in thoracic vertebrae,0.890625,1,Qwen3-VL-8B-Instruct-RLAIF-VL
osteoporosis,degenerative change in thoracic vertebrae,0.84765625,0,Qwen3-VL-8B-Instruct-RLAIF-VL
osteoporosis,degenerative change in thoracic vertebrae,0.9609375,1,Qwen3-VL-8B-Instruct-RLAIF-VL
osteoporosis,degenerative change in thoracic vertebrae,0.82421875,1,Qwen3-VL-8B-Instruct-RLAIF-VL
normal,normal,0.0177001953125,0,Qwen3-VL-8B-Instruct-RLAIF-VL
scoliosis,deformity,0.150390625,0,Qwen3-VL-8B-Instruct-RLAIF-VL
scoliosis,deformity,0.4296875,1,Qwen3-VL-8B-Instruct-RLAIF-VL
scoliosis,deformity,0.89453125,1,Qwen3-VL-8B-Instruct-RLAIF-VL
granuloma,pulmonary nodule,0.10791015625,0,Qwen3-VL-8B-Instruct-RLAIF-VL
granuloma,pulmonary nodule,0.291015625,0,Qwen3-VL-8B-Instruct-RLAIF-VL
granuloma,pulmonary nodule,0.58984375,0,Qwen3-VL-8B-Instruct-RLAIF-VL
granuloma,pulmonary nodule,0.8671875,0,Qwen3-VL-8B-Instruct-RLAIF-VL
granuloma,pulmonary nodule,0.11962890625,0,Qwen3-VL-8B-Instruct-RLAIF-VL
normal,normal,0.0177001953125,0,Qwen3-VL-8B-Instruct-RLAIF-VL
normal,normal,0.0177001953125,0,Qwen3-VL-8B-Instruct-RLAIF-VL
normal,normal,0.0177001953125,0,Qwen3-VL-8B-Instruct-RLAIF-VL
osteophyte,bilateral abnormality in calcified granuloma,0.087890625,0,Qwen3-VL-8B-Instruct-RLAIF-VL
osteophyte,bilateral abnormality in calcified granuloma,0.058837890625,0,Qwen3-VL-8B-Instruct-RLAIF-VL
osteophyte,bilateral abnormality in calcified granuloma,0.07275390625,0,Qwen3-VL-8B-Instruct-RLAIF-VL
osteophyte,bilateral abnormality in calcified granuloma,0.51171875,1,Qwen3-VL-8B-Instruct-RLAIF-VL
osteophyte,bilateral abnormality in calcified granuloma,0.1416015625,0,Qwen3-VL-8B-Instruct-RLAIF-VL
osteophyte,bilateral abnormality in calcified granuloma,0.484375,0,Qwen3-VL-8B-Instruct-RLAIF-VL
osteophyte,bilateral abnormality in calcified granuloma,0.494140625,0,Qwen3-VL-8B-Instruct-RLAIF-VL
osteophyte,bilateral abnormality in calcified granuloma,0.08740234375,0,Qwen3-VL-8B-Instruct-RLAIF-VL
osteophyte,bilateral abnormality in calcified granuloma,0.9453125,1,Qwen3-VL-8B-Instruct-RLAIF-VL
osteophyte,bilateral abnormality in calcified granuloma,0.65625,1,Qwen3-VL-8B-Instruct-RLAIF-VL
cardiomegaly,cardiomegaly,0.66796875,0,Qwen3-VL-8B-Instruct-RLAIF-VL
cardiomegaly,cardiomegaly,0.734375,0,Qwen3-VL-8B-Instruct-RLAIF-VL
cardiomegaly,cardiomegaly,0.73046875,0,Qwen3-VL-8B-Instruct-RLAIF-VL
cardiomegaly,cardiomegaly,0.9453125,0,Qwen3-VL-8B-Instruct-RLAIF-VL
cardiomegaly,cardiomegaly,0.1318359375,0,Qwen3-VL-8B-Instruct-RLAIF-VL
spondylosis,spondylosis,0.8359375,0,Qwen3-VL-8B-Instruct-RLAIF-VL
spondylosis,spondylosis,0.984375,0,Qwen3-VL-8B-Instruct-RLAIF-VL
spondylosis,spondylosis,0.99609375,0,Qwen3-VL-8B-Instruct-RLAIF-VL
spondylosis,spondylosis,0.82421875,0,Qwen3-VL-8B-Instruct-RLAIF-VL
spondylosis,spondylosis,0.15234375,0,Qwen3-VL-8B-Instruct-RLAIF-VL
atherosclerosis,atherosclerosis,0.2294921875,0,Qwen3-VL-8B-Instruct-RLAIF-VL
atherosclerosis,atherosclerosis,0.8828125,1,Qwen3-VL-8B-Instruct-RLAIF-VL
atherosclerosis,atherosclerosis,0.7890625,1,Qwen3-VL-8B-Instruct-RLAIF-VL
pulmonary atelectasis,pulmonary atelectasis,0.1806640625,0,Qwen3-VL-8B-Instruct-RLAIF-VL
pulmonary atelectasis,pulmonary atelectasis,0.9375,1,Qwen3-VL-8B-Instruct-RLAIF-VL
pulmonary atelectasis,pulmonary atelectasis,0.9921875,1,Qwen3-VL-8B-Instruct-RLAIF-VL
pulmonary atelectasis,pulmonary atelectasis,0.88671875,1,Qwen3-VL-8B-Instruct-RLAIF-VL
pulmonary atelectasis,pulmonary atelectasis,1.0,1,Qwen3-VL-8B-Instruct-RLAIF-VL
pulmonary atelectasis,pulmonary atelectasis,0.9375,1,Qwen3-VL-8B-Instruct-RLAIF-VL
pleural effusion,pleural effusion,0.2412109375,0,Qwen3-VL-8B-Instruct-RLAIF-VL
pleural effusion,pleural effusion,0.953125,1,Qwen3-VL-8B-Instruct-RLAIF-VL
pleural effusion,pleural effusion,0.9765625,1,Qwen3-VL-8B-Instruct-RLAIF-VL
pleural effusion,pleural effusion,0.9296875,1,Qwen3-VL-8B-Instruct-RLAIF-VL
normal,normal,0.0177001953125,0,Qwen3-VL-8B-Instruct-RLAIF-VL
"pulmonary disease, chronic unknown",emphysema,0.84765625,0,Qwen3-VL-8B-Instruct-RLAIF-VL
"pulmonary disease, chronic unknown",emphysema,0.796875,1,Qwen3-VL-8B-Instruct-RLAIF-VL
"pulmonary disease, chronic unknown",emphysema,0.90234375,1,Qwen3-VL-8B-Instruct-RLAIF-VL
"pulmonary disease, chronic unknown",emphysema,0.99609375,1,Qwen3-VL-8B-Instruct-RLAIF-VL
normal,normal,0.0177001953125,0,Qwen3-VL-8B-Instruct-RLAIF-VL
pulmonary atelectasis,patchy opacity in opacity,0.1884765625,0,Qwen3-VL-8B-Instruct-RLAIF-VL
pulmonary atelectasis,patchy opacity in opacity,0.91015625,1,Qwen3-VL-8B-Instruct-RLAIF-VL
pulmonary atelectasis,patchy opacity in opacity,0.2236328125,0,Qwen3-VL-8B-Instruct-RLAIF-VL
pulmonary atelectasis,patchy opacity in opacity,0.1279296875,1,Qwen3-VL-8B-Instruct-RLAIF-VL
pulmonary atelectasis,patchy opacity in opacity,0.41796875,0,Qwen3-VL-8B-Instruct-RLAIF-VL
scoliosis,scoliosis,1.0,0,Qwen3-VL-8B-Instruct-RLAIF-VL
scoliosis,scoliosis,0.2421875,0,Qwen3-VL-8B-Instruct-RLAIF-VL
scoliosis,scoliosis,0.4140625,1,Qwen3-VL-8B-Instruct-RLAIF-VL
pneumothorax,pleural effusion,0.1875,0,Qwen3-VL-8B-Instruct-RLAIF-VL
pneumothorax,pleural effusion,0.859375,1,Qwen3-VL-8B-Instruct-RLAIF-VL
pneumothorax,pleural effusion,0.91796875,1,Qwen3-VL-8B-Instruct-RLAIF-VL
pneumothorax,pleural effusion,0.9296875,1,Qwen3-VL-8B-Instruct-RLAIF-VL
normal,normal,0.0177001953125,0,Qwen3-VL-8B-Instruct-RLAIF-VL
tortuous vessel in a,"tortuous vessel in aorta, thoracic",0.546875,0,Qwen3-VL-8B-Instruct-RLAIF-VL
tortuous vessel in a,"tortuous vessel in aorta, thoracic",0.298828125,0,Qwen3-VL-8B-Instruct-RLAIF-VL
tortuous vessel in a,"tortuous vessel in aorta, thoracic",0.455078125,0,Qwen3-VL-8B-Instruct-RLAIF-VL
tortuous vessel in a,"tortuous vessel in aorta, thoracic",0.87890625,0,Qwen3-VL-8B-Instruct-RLAIF-VL
tortuous vessel in a,"tortuous vessel in aorta, thoracic",0.4453125,0,Qwen3-VL-8B-Instruct-RLAIF-VL
tortuous vessel in a,"tortuous vessel in aorta, thoracic",0.302734375,0,Qwen3-VL-8B-Instruct-RLAIF-VL
tortuous vessel in a,"tortuous vessel in aorta, thoracic",0.2451171875,0,Qwen3-VL-8B-Instruct-RLAIF-VL
tortuous vessel in a,"tortuous vessel in aorta, thoracic",0.11083984375,0,Qwen3-VL-8B-Instruct-RLAIF-VL
tortuous vessel in a,"tortuous vessel in aorta, thoracic",0.94921875,0,Qwen3-VL-8B-Instruct-RLAIF-VL
tortuous vessel in a,"tortuous vessel in aorta, thoracic",0.8125,0,Qwen3-VL-8B-Instruct-RLAIF-VL
hernia,"hernia, hiatal",0.0498046875,0,Qwen3-VL-8B-Instruct-RLAIF-VL
hernia,"hernia, hiatal",0.462890625,0,Qwen3-VL-8B-Instruct-RLAIF-VL
hernia,"hernia, hiatal",0.1630859375,0,Qwen3-VL-8B-Instruct-RLAIF-VL
hernia,"hernia, hiatal",0.0849609375,0,Qwen3-VL-8B-Instruct-RLAIF-VL
hernia,"hernia, hiatal",0.58203125,0,Qwen3-VL-8B-Instruct-RLAIF-VL
hernia,"hernia, hiatal",0.8828125,0,Qwen3-VL-8B-Instruct-RLAIF-VL
normal,normal,0.0177001953125,0,Qwen3-VL-8B-Instruct-RLAIF-VL
pulmonary emphysema,pneumothorax,0.09228515625,0,Qwen3-VL-8B-Instruct-RLAIF-VL
pulmonary emphysema,pneumothorax,0.828125,0,Qwen3-VL-8B-Instruct-RLAIF-VL
pulmonary emphysema,pneumothorax,0.45703125,0,Qwen3-VL-8B-Instruct-RLAIF-VL
pulmonary emphysema,pneumothorax,0.99609375,0,Qwen3-VL-8B-Instruct-RLAIF-VL
pulmonary emphysema,pneumothorax,0.99609375,0,Qwen3-VL-8B-Instruct-RLAIF-VL
pulmonary emphysema,pneumothorax,0.16015625,0,Qwen3-VL-8B-Instruct-RLAIF-VL
normal,normal,0.0177001953125,0,Qwen3-VL-8B-Instruct-RLAIF-VL
patchy opacity,pneumonia,0.2890625,0,Qwen3-VL-8B-Instruct-RLAIF-VL
patchy opacity,pneumonia,0.2099609375,0,Qwen3-VL-8B-Instruct-RLAIF-VL
patchy opacity,pneumonia,0.953125,1,Qwen3-VL-8B-Instruct-RLAIF-VL
patchy opacity,pneumonia,0.7890625,1,Qwen3-VL-8B-Instruct-RLAIF-VL
degenerative change in thor,normal,0.1474609375,0,Qwen3-VL-8B-Instruct-RLAIF-VL
normal,normal,0.0177001953125,0,Qwen3-VL-8B-Instruct-RLAIF-VL
pulmonary edema,pulmonary edema,0.267578125,0,Qwen3-VL-8B-Instruct-RLAIF-VL
pulmonary edema,pulmonary edema,0.99609375,0,Qwen3-VL-8B-Instruct-RLAIF-VL
pulmonary edema,pulmonary edema,0.9453125,0,Qwen3-VL-8B-Instruct-RLAIF-VL
pulmonary edema,pulmonary edema,0.9140625,0,Qwen3-VL-8B-Instruct-RLAIF-VL
pulmonary edema,pulmonary edema,0.2099609375,0,Qwen3-VL-8B-Instruct-RLAIF-VL
normal,normal,0.0177001953125,0,Qwen3-VL-8B-Instruct-RLAIF-VL
cardiomegaly,cardiomegaly,0.66796875,0,Qwen3-VL-8B-Instruct-RLAIF-VL
cardiomegaly,cardiomegaly,0.734375,0,Qwen3-VL-8B-Instruct-RLAIF-VL
cardiomegaly,cardiomegaly,0.73046875,0,Qwen3-VL-8B-Instruct-RLAIF-VL
cardiomegaly,cardiomegaly,0.9453125,0,Qwen3-VL-8B-Instruct-RLAIF-VL
cardiomegaly,cardiomegaly,0.1318359375,0,Qwen3-VL-8B-Instruct-RLAIF-VL
pulmonary atelectasis,lung hypoinflation in lung,0.1806640625,0,Qwen3-VL-8B-Instruct-RLAIF-VL
pulmonary atelectasis,lung hypoinflation in lung,0.1416015625,0,Qwen3-VL-8B-Instruct-RLAIF-VL
pulmonary atelectasis,lung hypoinflation in lung,0.96484375,1,Qwen3-VL-8B-Instruct-RLAIF-VL
pulmonary atelectasis,lung hypoinflation in lung,0.92578125,1,Qwen3-VL-8B-Instruct-RLAIF-VL
pulmonary atelectasis,lung hypoinflation in lung,0.20703125,0,Qwen3-VL-8B-Instruct-RLAIF-VL
pulmonary atelectasis,lung hypoinflation in lung,0.2060546875,0,Qwen3-VL-8B-Instruct-RLAIF-VL
pulmonary atelectasis,cardiomegaly,0.28125,0,Qwen3-VL-8B-Instruct-RLAIF-VL
pulmonary atelectasis,cardiomegaly,0.228515625,0,Qwen3-VL-8B-Instruct-RLAIF-VL
pulmonary atelectasis,cardiomegaly,0.65234375,1,Qwen3-VL-8B-Instruct-RLAIF-VL
pulmonary atelectasis,cardiomegaly,1.0,1,Qwen3-VL-8B-Instruct-RLAIF-VL
pulmonary atelectasis,cardiomegaly,0.98046875,1,Qwen3-VL-8B-Instruct-RLAIF-VL
normal,normal,0.0177001953125,0,Qwen3-VL-8B-Instruct-RLAIF-VL
cardiomegaly,cardiomegaly,0.66796875,0,Qwen3-VL-8B-Instruct-RLAIF-VL
cardiomegaly,cardiomegaly,0.734375,0,Qwen3-VL-8B-Instruct-RLAIF-VL
cardiomegaly,cardiomegaly,0.73046875,0,Qwen3-VL-8B-Instruct-RLAIF-VL
cardiomegaly,cardiomegaly,0.9453125,0,Qwen3-VL-8B-Instruct-RLAIF-VL
cardiomegaly,cardiomegaly,0.1318359375,0,Qwen3-VL-8B-Instruct-RLAIF-VL
normal,normal,0.0177001953125,0,Qwen3-VL-8B-Instruct-RLAIF-VL
bilateral abnormality in opacity,pulmonary emphysema,0.1875,0,Qwen3-VL-8B-Instruct-RLAIF-VL
bilateral abnormality in opacity,pulmonary emphysema,0.12109375,0,Qwen3-VL-8B-Instruct-RLAIF-VL
bilateral abnormality in opacity,pulmonary emphysema,0.98828125,1,Qwen3-VL-8B-Instruct-RLAIF-VL
bilateral abnormality in opacity,pulmonary emphysema,0.251953125,0,Qwen3-VL-8B-Instruct-RLAIF-VL
bilateral abnormality in opacity,pulmonary emphysema,0.99609375,1,Qwen3-VL-8B-Instruct-RLAIF-VL
bilateral abnormality in opacity,pulmonary emphysema,0.984375,1,Qwen3-VL-8B-Instruct-RLAIF-VL
bilateral abnormality in opacity,pulmonary emphysema,0.984375,1,Qwen3-VL-8B-Instruct-RLAIF-VL
degenerative change in spine,degenerative change in spine,0.5078125,0,Qwen3-VL-8B-Instruct-RLAIF-VL
degenerative change in spine,degenerative change in spine,0.0654296875,0,Qwen3-VL-8B-Instruct-RLAIF-VL
degenerative change in spine,degenerative change in spine,0.828125,0,Qwen3-VL-8B-Instruct-RLAIF-VL
degenerative change in spine,degenerative change in spine,0.431640625,1,Qwen3-VL-8B-Instruct-RLAIF-VL
degenerative change in spine,degenerative change in spine,0.91015625,1,Qwen3-VL-8B-Instruct-RLAIF-VL
degenerative change in spine,degenerative change in spine,0.470703125,0,Qwen3-VL-8B-Instruct-RLAIF-VL
normal,normal,0.0177001953125,0,Qwen3-VL-8B-Instruct-RLAIF-VL
degenerative change in spine,degenerative change in spine,0.5078125,0,Qwen3-VL-8B-Instruct-RLAIF-VL
degenerative change in spine,degenerative change in spine,0.0654296875,0,Qwen3-VL-8B-Instruct-RLAIF-VL
degenerative change in spine,degenerative change in spine,0.828125,0,Qwen3-VL-8B-Instruct-RLAIF-VL
degenerative change in spine,degenerative change in spine,0.431640625,1,Qwen3-VL-8B-Instruct-RLAIF-VL
degenerative change in spine,degenerative change in spine,0.91015625,1,Qwen3-VL-8B-Instruct-RLAIF-VL
degenerative change in spine,degenerative change in spine,0.470703125,0,Qwen3-VL-8B-Instruct-RLAIF-VL
hiatal hernia,"hernia, hiatal",0.12255859375,0,Qwen3-VL-8B-Instruct-RLAIF-VL
hiatal hernia,"hernia, hiatal",0.92578125,0,Qwen3-VL-8B-Instruct-RLAIF-VL
hiatal hernia,"hernia, hiatal",0.1474609375,0,Qwen3-VL-8B-Instruct-RLAIF-VL
hiatal hernia,"hernia, hiatal",0.1005859375,0,Qwen3-VL-8B-Instruct-RLAIF-VL
hiatal hernia,"hernia, hiatal",0.9921875,0,Qwen3-VL-8B-Instruct-RLAIF-VL
hiatal hernia,"hernia, hiatal",0.98046875,0,Qwen3-VL-8B-Instruct-RLAIF-VL
normal,normal,0.0177001953125,0,Qwen3-VL-8B-Instruct-RLAIF-VL
interstitial pattern in lung,interstitial pattern in markings,0.23828125,0,Qwen3-VL-8B-Instruct-RLAIF-VL
interstitial pattern in lung,interstitial pattern in markings,0.953125,1,Qwen3-VL-8B-Instruct-RLAIF-VL
interstitial pattern in lung,interstitial pattern in markings,0.80078125,1,Qwen3-VL-8B-Instruct-RLAIF-VL
interstitial pattern in lung,interstitial pattern in markings,0.91015625,1,Qwen3-VL-8B-Instruct-RLAIF-VL
interstitial pattern in lung,interstitial pattern in markings,0.93359375,0,Qwen3-VL-8B-Instruct-RLAIF-VL
normal,normal,0.0177001953125,0,Qwen3-VL-8B-Instruct-RLAIF-VL
normal,normal,0.0177001953125,0,Qwen3-VL-8B-Instruct-RLAIF-VL
cardiomegaly,cardiomegaly,0.66796875,0,Qwen3-VL-8B-Instruct-RLAIF-VL
cardiomegaly,cardiomegaly,0.734375,0,Qwen3-VL-8B-Instruct-RLAIF-VL
cardiomegaly,cardiomegaly,0.73046875,0,Qwen3-VL-8B-Instruct-RLAIF-VL
cardiomegaly,cardiomegaly,0.9453125,0,Qwen3-VL-8B-Instruct-RLAIF-VL
cardiomegaly,cardiomegaly,0.1318359375,0,Qwen3-VL-8B-Instruct-RLAIF-VL
calcified granuloma,cardiomegaly,0.89453125,0,Qwen3-VL-8B-Instruct-RLAIF-VL
calcified granuloma,cardiomegaly,0.19921875,0,Qwen3-VL-8B-Instruct-RLAIF-VL
calcified granuloma,cardiomegaly,0.53515625,0,Qwen3-VL-8B-Instruct-RLAIF-VL
calcified granuloma,cardiomegaly,0.8515625,1,Qwen3-VL-8B-Instruct-RLAIF-VL
calcified granuloma,cardiomegaly,0.97265625,1,Qwen3-VL-8B-Instruct-RLAIF-VL
tortuous vessel,tortuous vessel in aorta,0.1357421875,0,Qwen3-VL-8B-Instruct-RLAIF-VL
tortuous vessel,tortuous vessel in aorta,0.14453125,0,Qwen3-VL-8B-Instruct-RLAIF-VL
tortuous vessel,tortuous vessel in aorta,0.671875,1,Qwen3-VL-8B-Instruct-RLAIF-VL
tortuous vessel,tortuous vessel in aorta,0.328125,1,Qwen3-VL-8B-Instruct-RLAIF-VL
tortuous vessel,tortuous vessel in aorta,0.09716796875,0,Qwen3-VL-8B-Instruct-RLAIF-VL
tortuous vessel,tortuous vessel in aorta,0.396484375,0,Qwen3-VL-8B-Instruct-RLAIF-VL
tortuous vessel,tortuous vessel in aorta,0.32421875,1,Qwen3-VL-8B-Instruct-RLAIF-VL
osteophyte,osteophyte,0.09814453125,0,Qwen3-VL-8B-Instruct-RLAIF-VL
osteophyte,osteophyte,0.6953125,1,Qwen3-VL-8B-Instruct-RLAIF-VL
osteophyte,osteophyte,0.98046875,1,Qwen3-VL-8B-Instruct-RLAIF-VL
normal,normal,0.0177001953125,0,Qwen3-VL-8B-Instruct-RLAIF-VL
degenerative change in thor,degenerative change in thoracic vertebrae,0.13671875,0,Qwen3-VL-8B-Instruct-RLAIF-VL
degenerative change in thor,degenerative change in thoracic vertebrae,0.0966796875,0,Qwen3-VL-8B-Instruct-RLAIF-VL
degenerative change in thor,degenerative change in thoracic vertebrae,0.98046875,1,Qwen3-VL-8B-Instruct-RLAIF-VL
degenerative change in thor,degenerative change in thoracic vertebrae,0.81640625,1,Qwen3-VL-8B-Instruct-RLAIF-VL
degenerative change in thor,degenerative change in thoracic vertebrae,0.9375,1,Qwen3-VL-8B-Instruct-RLAIF-VL
degenerative change in thor,degenerative change in thoracic vertebrae,0.76171875,1,Qwen3-VL-8B-Instruct-RLAIF-VL
degenerative change in thor,degenerative change in thoracic vertebrae,0.87890625,1,Qwen3-VL-8B-Instruct-RLAIF-VL
degenerative change in thor,degenerative change in thoracic vertebrae,0.70703125,0,Qwen3-VL-8B-Instruct-RLAIF-VL
degenerative change in thor,degenerative change in thoracic vertebrae,0.98046875,1,Qwen3-VL-8B-Instruct-RLAIF-VL
degenerative change in thor,degenerative change in thoracic vertebrae,0.87109375,1,Qwen3-VL-8B-Instruct-RLAIF-VL
pulmonary hypoinflation,lung hypoinflation in lung,0.1484375,0,Qwen3-VL-8B-Instruct-RLAIF-VL
pulmonary hypoinflation,lung hypoinflation in lung,0.107421875,0,Qwen3-VL-8B-Instruct-RLAIF-VL
pulmonary hypoinflation,lung hypoinflation in lung,0.5703125,1,Qwen3-VL-8B-Instruct-RLAIF-VL
pulmonary hypoinflation,lung hypoinflation in lung,0.9921875,1,Qwen3-VL-8B-Instruct-RLAIF-VL
pulmonary hypoinflation,lung hypoinflation in lung,0.1298828125,0,Qwen3-VL-8B-Instruct-RLAIF-VL
pulmonary hypoinflation,lung hypoinflation in lung,0.2265625,0,Qwen3-VL-8B-Instruct-RLAIF-VL
normal,normal,0.0177001953125,0,Qwen3-VL-8B-Instruct-RLAIF-VL
calcinosis,calcinosis,0.12060546875,0,Qwen3-VL-8B-Instruct-RLAIF-VL
calcinosis,calcinosis,0.21484375,0,Qwen3-VL-8B-Instruct-RLAIF-VL
calcinosis,calcinosis,0.279296875,0,Qwen3-VL-8B-Instruct-RLAIF-VL
"indeterminate finding, further evaluation",pulmonary nodule,0.345703125,0,Qwen3-VL-8B-Instruct-RLAIF-VL
"indeterminate finding, further evaluation",pulmonary nodule,0.1279296875,0,Qwen3-VL-8B-Instruct-RLAIF-VL
"indeterminate finding, further evaluation",pulmonary nodule,0.92578125,1,Qwen3-VL-8B-Instruct-RLAIF-VL
"indeterminate finding, further evaluation",pulmonary nodule,0.318359375,0,Qwen3-VL-8B-Instruct-RLAIF-VL
"indeterminate finding, further evaluation",pulmonary nodule,1.0,1,Qwen3-VL-8B-Instruct-RLAIF-VL
normal,normal,0.0177001953125,0,Qwen3-VL-8B-Instruct-RLAIF-VL
normal,normal,0.0177001953125,0,Qwen3-VL-8B-Instruct-RLAIF-VL
pulmonary edema,pleural effusion,0.267578125,0,Qwen3-VL-8B-Instruct-RLAIF-VL
pulmonary edema,pleural effusion,0.23046875,0,Qwen3-VL-8B-Instruct-RLAIF-VL
pulmonary edema,pleural effusion,0.9296875,1,Qwen3-VL-8B-Instruct-RLAIF-VL
pulmonary edema,pleural effusion,0.83203125,1,Qwen3-VL-8B-Instruct-RLAIF-VL
interstitial pattern,lung hyperdistention in lung,0.1455078125,0,Qwen3-VL-8B-Instruct-RLAIF-VL
interstitial pattern,lung hyperdistention in lung,0.111328125,0,Qwen3-VL-8B-Instruct-RLAIF-VL
interstitial pattern,lung hyperdistention in lung,0.36328125,0,Qwen3-VL-8B-Instruct-RLAIF-VL
interstitial pattern,lung hyperdistention in lung,0.94140625,1,Qwen3-VL-8B-Instruct-RLAIF-VL
interstitial pattern,lung hyperdistention in lung,0.2333984375,0,Qwen3-VL-8B-Instruct-RLAIF-VL
interstitial pattern,lung hyperdistention in lung,0.51953125,0,Qwen3-VL-8B-Instruct-RLAIF-VL
normal,foreign bodies,0.0177001953125,0,Qwen3-VL-8B-Instruct-RLAIF-VL
normal,foreign bodies,0.111328125,0,Qwen3-VL-8B-Instruct-RLAIF-VL
normal,normal,0.0177001953125,0,Qwen3-VL-8B-Instruct-RLAIF-VL
pulmonary nodule,pulmonary nodule,0.09423828125,0,Qwen3-VL-8B-Instruct-RLAIF-VL
pulmonary nodule,pulmonary nodule,0.90625,1,Qwen3-VL-8B-Instruct-RLAIF-VL
pulmonary nodule,pulmonary nodule,0.9921875,1,Qwen3-VL-8B-Instruct-RLAIF-VL
pulmonary nodule,pulmonary nodule,0.60546875,1,Qwen3-VL-8B-Instruct-RLAIF-VL
pulmonary nodule,pulmonary nodule,1.0,1,Qwen3-VL-8B-Instruct-RLAIF-VL
pulmonary nodule,pneumothorax,0.09423828125,0,Qwen3-VL-8B-Instruct-RLAIF-VL
pulmonary nodule,pneumothorax,0.90625,0,Qwen3-VL-8B-Instruct-RLAIF-VL
pulmonary nodule,pneumothorax,0.984375,1,Qwen3-VL-8B-Instruct-RLAIF-VL
pulmonary nodule,pneumothorax,0.6953125,0,Qwen3-VL-8B-Instruct-RLAIF-VL
pulmonary nodule,pneumothorax,1.0,1,Qwen3-VL-8B-Instruct-RLAIF-VL
pulmonary nodule,pneumothorax,0.99609375,1,Qwen3-VL-8B-Instruct-RLAIF-VL
"pulmonary disease, chronic supp",lucency in clavicle right,0.59765625,0,Qwen3-VL-8B-Instruct-RLAIF-VL
"pulmonary disease, chronic supp",lucency in clavicle right,0.1904296875,0,Qwen3-VL-8B-Instruct-RLAIF-VL
"pulmonary disease, chronic supp",lucency in clavicle right,0.36328125,0,Qwen3-VL-8B-Instruct-RLAIF-VL
"pulmonary disease, chronic supp",lucency in clavicle right,0.37109375,0,Qwen3-VL-8B-Instruct-RLAIF-VL
"pulmonary disease, chronic supp",lucency in clavicle right,0.8515625,0,Qwen3-VL-8B-Instruct-RLAIF-VL
"pulmonary disease, chronic supp",lucency in clavicle right,0.93359375,0,Qwen3-VL-8B-Instruct-RLAIF-VL
"pulmonary disease, chronic supp",lucency in clavicle right,0.361328125,0,Qwen3-VL-8B-Instruct-RLAIF-VL
"pulmonary disease, chronic supp",lucency in clavicle right,0.375,0,Qwen3-VL-8B-Instruct-RLAIF-VL
pulmonary fibrosis,"lung diseases, interstitial",0.341796875,0,Qwen3-VL-8B-Instruct-RLAIF-VL
pulmonary fibrosis,"lung diseases, interstitial",0.169921875,0,Qwen3-VL-8B-Instruct-RLAIF-VL
pulmonary fibrosis,"lung diseases, interstitial",0.09521484375,0,Qwen3-VL-8B-Instruct-RLAIF-VL
pulmonary fibrosis,"lung diseases, interstitial",0.09228515625,0,Qwen3-VL-8B-Instruct-RLAIF-VL
pulmonary fibrosis,"lung diseases, interstitial",0.12158203125,0,Qwen3-VL-8B-Instruct-RLAIF-VL
pulmonary nodule,bilateral abnormality in nodule,0.0986328125,0,Qwen3-VL-8B-Instruct-RLAIF-VL
pulmonary nodule,bilateral abnormality in nodule,0.09375,0,Qwen3-VL-8B-Instruct-RLAIF-VL
pulmonary nodule,bilateral abnormality in nodule,0.38671875,0,Qwen3-VL-8B-Instruct-RLAIF-VL
pulmonary nodule,bilateral abnormality in nodule,0.1357421875,0,Qwen3-VL-8B-Instruct-RLAIF-VL
pulmonary nodule,bilateral abnormality in nodule,0.134765625,0,Qwen3-VL-8B-Instruct-RLAIF-VL
pulmonary nodule,bilateral abnormality in nodule,0.78515625,0,Qwen3-VL-8B-Instruct-RLAIF-VL
pulmonary nodule,bilateral abnormality in nodule,0.5078125,1,Qwen3-VL-8B-Instruct-RLAIF-VL
atherosclerosis,atherosclerosis,0.2294921875,0,Qwen3-VL-8B-Instruct-RLAIF-VL
atherosclerosis,atherosclerosis,0.8828125,1,Qwen3-VL-8B-Instruct-RLAIF-VL
atherosclerosis,atherosclerosis,0.7890625,1,Qwen3-VL-8B-Instruct-RLAIF-VL
normal,normal,0.0177001953125,0,Qwen3-VL-8B-Instruct-RLAIF-VL
cardiomegaly,cardiomegaly,0.66796875,0,Qwen3-VL-8B-Instruct-RLAIF-VL
cardiomegaly,cardiomegaly,0.734375,0,Qwen3-VL-8B-Instruct-RLAIF-VL
cardiomegaly,cardiomegaly,0.73046875,0,Qwen3-VL-8B-Instruct-RLAIF-VL
cardiomegaly,cardiomegaly,0.9453125,0,Qwen3-VL-8B-Instruct-RLAIF-VL
cardiomegaly,cardiomegaly,0.1318359375,0,Qwen3-VL-8B-Instruct-RLAIF-VL
normal,normal,0.0177001953125,0,Qwen3-VL-8B-Instruct-RLAIF-VL
normal,normal,0.0177001953125,0,Qwen3-VL-8B-Instruct-RLAIF-VL
fatty liver,bilateral abnormality in epicardial fat,0.2236328125,0,Qwen3-VL-8B-Instruct-RLAIF-VL
fatty liver,bilateral abnormality in epicardial fat,0.1298828125,0,Qwen3-VL-8B-Instruct-RLAIF-VL
fatty liver,bilateral abnormality in epicardial fat,0.150390625,0,Qwen3-VL-8B-Instruct-RLAIF-VL
fatty liver,bilateral abnormality in epicardial fat,0.150390625,0,Qwen3-VL-8B-Instruct-RLAIF-VL
fatty liver,bilateral abnormality in epicardial fat,0.21484375,0,Qwen3-VL-8B-Instruct-RLAIF-VL
fatty liver,bilateral abnormality in epicardial fat,0.61328125,0,Qwen3-VL-8B-Instruct-RLAIF-VL
fatty liver,bilateral abnormality in epicardial fat,1.0,1,Qwen3-VL-8B-Instruct-RLAIF-VL
fatty liver,bilateral abnormality in epicardial fat,0.9921875,1,Qwen3-VL-8B-Instruct-RLAIF-VL
fatty liver,bilateral abnormality in epicardial fat,0.97265625,1,Qwen3-VL-8B-Instruct-RLAIF-VL
pulmonary nodules,normal,0.1435546875,0,Qwen3-VL-8B-Instruct-RLAIF-VL
pulmonary atelectasis,atherosclerosis,0.1796875,0,Qwen3-VL-8B-Instruct-RLAIF-VL
pulmonary atelectasis,atherosclerosis,0.9453125,1,Qwen3-VL-8B-Instruct-RLAIF-VL
pulmonary atelectasis,atherosclerosis,0.84765625,1,Qwen3-VL-8B-Instruct-RLAIF-VL
calcinosis,calcinosis,0.12060546875,0,Qwen3-VL-8B-Instruct-RLAIF-VL
calcinosis,calcinosis,0.21484375,0,Qwen3-VL-8B-Instruct-RLAIF-VL
calcinosis,calcinosis,0.279296875,0,Qwen3-VL-8B-Instruct-RLAIF-VL
normal,normal,0.0177001953125,0,Qwen3-VL-8B-Instruct-RLAIF-VL
normal,normal,0.0177001953125,0,Qwen3-VL-8B-Instruct-RLAIF-VL
degenerative change,degenerative change in shoulder,0.2099609375,0,Qwen3-VL-8B-Instruct-RLAIF-VL
degenerative change,degenerative change in shoulder,0.6484375,0,Qwen3-VL-8B-Instruct-RLAIF-VL
degenerative change,degenerative change in shoulder,0.60546875,0,Qwen3-VL-8B-Instruct-RLAIF-VL
degenerative change,degenerative change in shoulder,0.26171875,0,Qwen3-VL-8B-Instruct-RLAIF-VL
degenerative change,degenerative change in shoulder,0.6015625,0,Qwen3-VL-8B-Instruct-RLAIF-VL
degenerative change,degenerative change in shoulder,0.1640625,0,Qwen3-VL-8B-Instruct-RLAIF-VL
pulmonary atelectasis,pulmonary atelectasis,0.1806640625,0,Qwen3-VL-8B-Instruct-RLAIF-VL
pulmonary atelectasis,pulmonary atelectasis,0.9375,1,Qwen3-VL-8B-Instruct-RLAIF-VL
pulmonary atelectasis,pulmonary atelectasis,0.9921875,1,Qwen3-VL-8B-Instruct-RLAIF-VL
pulmonary atelectasis,pulmonary atelectasis,0.88671875,1,Qwen3-VL-8B-Instruct-RLAIF-VL
pulmonary atelectasis,pulmonary atelectasis,1.0,1,Qwen3-VL-8B-Instruct-RLAIF-VL
pulmonary atelectasis,pulmonary atelectasis,0.9375,1,Qwen3-VL-8B-Instruct-RLAIF-VL
hernia,"hernia, hiatal",0.0498046875,0,Qwen3-VL-8B-Instruct-RLAIF-VL
hernia,"hernia, hiatal",0.462890625,0,Qwen3-VL-8B-Instruct-RLAIF-VL
hernia,"hernia, hiatal",0.1630859375,0,Qwen3-VL-8B-Instruct-RLAIF-VL
hernia,"hernia, hiatal",0.0849609375,0,Qwen3-VL-8B-Instruct-RLAIF-VL
hernia,"hernia, hiatal",0.58203125,0,Qwen3-VL-8B-Instruct-RLAIF-VL
hernia,"hernia, hiatal",0.8828125,0,Qwen3-VL-8B-Instruct-RLAIF-VL
normal,normal,0.0177001953125,0,Qwen3-VL-8B-Instruct-RLAIF-VL
degenerative change in thor,medical device in spine,0.13671875,0,Qwen3-VL-8B-Instruct-RLAIF-VL
degenerative change in thor,medical device in spine,0.15625,0,Qwen3-VL-8B-Instruct-RLAIF-VL
degenerative change in thor,medical device in spine,0.103515625,0,Qwen3-VL-8B-Instruct-RLAIF-VL
degenerative change in thor,medical device in spine,0.2060546875,0,Qwen3-VL-8B-Instruct-RLAIF-VL
normal,normal,0.0177001953125,0,Qwen3-VL-8B-Instruct-RLAIF-VL
normal,normal,0.0177001953125,0,Qwen3-VL-8B-Instruct-RLAIF-VL
pulmonary edema,cardiomegaly,0.130859375,0,Qwen3-VL-8B-Instruct-RLAIF-VL
pulmonary edema,cardiomegaly,0.0517578125,0,Qwen3-VL-8B-Instruct-RLAIF-VL
pulmonary edema,cardiomegaly,0.34765625,1,Qwen3-VL-8B-Instruct-RLAIF-VL
pulmonary edema,cardiomegaly,0.96484375,1,Qwen3-VL-8B-Instruct-RLAIF-VL
pulmonary edema,cardiomegaly,0.984375,1,Qwen3-VL-8B-Instruct-RLAIF-VL
normal,normal,0.0177001953125,0,Qwen3-VL-8B-Instruct-RLAIF-VL
pulmonary atelectasis,granuloma,0.1796875,0,Qwen3-VL-8B-Instruct-RLAIF-VL
pulmonary atelectasis,granuloma,0.9921875,1,Qwen3-VL-8B-Instruct-RLAIF-VL
pulmonary atelectasis,granuloma,0.80078125,0,Qwen3-VL-8B-Instruct-RLAIF-VL
normal,normal,0.0177001953125,0,Qwen3-VL-8B-Instruct-RLAIF-VL
degenerative change in thor,bilateral abnormality in lung,0.13671875,0,Qwen3-VL-8B-Instruct-RLAIF-VL
degenerative change in thor,bilateral abnormality in lung,0.04638671875,0,Qwen3-VL-8B-Instruct-RLAIF-VL
degenerative change in thor,bilateral abnormality in lung,0.091796875,0,Qwen3-VL-8B-Instruct-RLAIF-VL
degenerative change in thor,bilateral abnormality in lung,0.2265625,1,Qwen3-VL-8B-Instruct-RLAIF-VL
degenerative change in thor,bilateral abnormality in lung,0.263671875,0,Qwen3-VL-8B-Instruct-RLAIF-VL
degenerative change in thor,bilateral abnormality in lung,0.4453125,0,Qwen3-VL-8B-Instruct-RLAIF-VL
normal,normal,0.0177001953125,0,Qwen3-VL-8B-Instruct-RLAIF-VL
normal,normal,0.0177001953125,0,Qwen3-VL-8B-Instruct-RLAIF-VL
calcinosis,calcified granuloma,0.11865234375,0,Qwen3-VL-8B-Instruct-RLAIF-VL
calcinosis,calcified granuloma,0.1015625,0,Qwen3-VL-8B-Instruct-RLAIF-VL
calcinosis,calcified granuloma,0.2158203125,0,Qwen3-VL-8B-Instruct-RLAIF-VL
calcinosis,calcified granuloma,0.94140625,1,Qwen3-VL-8B-Instruct-RLAIF-VL
calcinosis,calcified granuloma,0.609375,1,Qwen3-VL-8B-Instruct-RLAIF-VL
normal,normal,0.0177001953125,0,Qwen3-VL-8B-Instruct-RLAIF-VL
normal,normal,0.0177001953125,0,Qwen3-VL-8B-Instruct-RLAIF-VL
pulmonary atelectasis,pulmonary atelectasis,0.1806640625,0,Qwen3-VL-8B-Instruct-RLAIF-VL
pulmonary atelectasis,pulmonary atelectasis,0.9375,1,Qwen3-VL-8B-Instruct-RLAIF-VL
pulmonary atelectasis,pulmonary atelectasis,0.9921875,1,Qwen3-VL-8B-Instruct-RLAIF-VL
pulmonary atelectasis,pulmonary atelectasis,0.88671875,1,Qwen3-VL-8B-Instruct-RLAIF-VL
pulmonary atelectasis,pulmonary atelectasis,1.0,1,Qwen3-VL-8B-Instruct-RLAIF-VL
pulmonary atelectasis,pulmonary atelectasis,0.9375,1,Qwen3-VL-8B-Instruct-RLAIF-VL
calcinosis,calcinosis,0.12060546875,0,Qwen3-VL-8B-Instruct-RLAIF-VL
calcinosis,calcinosis,0.21484375,0,Qwen3-VL-8B-Instruct-RLAIF-VL
calcinosis,calcinosis,0.279296875,0,Qwen3-VL-8B-Instruct-RLAIF-VL
osteophyte,degenerative change in spine,0.828125,0,Qwen3-VL-8B-Instruct-RLAIF-VL
osteophyte,degenerative change in spine,0.056640625,0,Qwen3-VL-8B-Instruct-RLAIF-VL
osteophyte,degenerative change in spine,0.1630859375,0,Qwen3-VL-8B-Instruct-RLAIF-VL
osteophyte,degenerative change in spine,0.390625,0,Qwen3-VL-8B-Instruct-RLAIF-VL
osteophyte,degenerative change in spine,0.3125,1,Qwen3-VL-8B-Instruct-RLAIF-VL
osteophyte,degenerative change in spine,0.482421875,0,Qwen3-VL-8B-Instruct-RLAIF-VL
calcinosis,calcinosis,0.12060546875,0,Qwen3-VL-8B-Instruct-RLAIF-VL
calcinosis,calcinosis,0.21484375,0,Qwen3-VL-8B-Instruct-RLAIF-VL
calcinosis,calcinosis,0.279296875,0,Qwen3-VL-8B-Instruct-RLAIF-VL
pulmonary opacity,bilateral abnormality in opacity,0.154296875,0,Qwen3-VL-8B-Instruct-RLAIF-VL
pulmonary opacity,bilateral abnormality in opacity,0.1357421875,1,Qwen3-VL-8B-Instruct-RLAIF-VL
pulmonary opacity,bilateral abnormality in opacity,0.255859375,0,Qwen3-VL-8B-Instruct-RLAIF-VL
pulmonary opacity,bilateral abnormality in opacity,0.130859375,1,Qwen3-VL-8B-Instruct-RLAIF-VL
pulmonary opacity,bilateral abnormality in opacity,0.32421875,0,Qwen3-VL-8B-Instruct-RLAIF-VL
pulmonary opacity,bilateral abnormality in opacity,0.73828125,0,Qwen3-VL-8B-Instruct-RLAIF-VL
lung hypoinflation in lung,lung hypoinflation in lung,0.07177734375,0,Qwen3-VL-8B-Instruct-RLAIF-VL
lung hypoinflation in lung,lung hypoinflation in lung,0.2138671875,1,Qwen3-VL-8B-Instruct-RLAIF-VL
lung hypoinflation in lung,lung hypoinflation in lung,0.8984375,1,Qwen3-VL-8B-Instruct-RLAIF-VL
lung hypoinflation in lung,lung hypoinflation in lung,1.0,1,Qwen3-VL-8B-Instruct-RLAIF-VL
lung hypoinflation in lung,lung hypoinflation in lung,0.78125,1,Qwen3-VL-8B-Instruct-RLAIF-VL
lung hypoinflation in lung,lung hypoinflation in lung,0.7265625,1,Qwen3-VL-8B-Instruct-RLAIF-VL
normal,normal,0.0177001953125,0,Qwen3-VL-8B-Instruct-RLAIF-VL
normal,normal,0.0177001953125,0,Qwen3-VL-8B-Instruct-RLAIF-VL
normal,normal,0.0177001953125,0,Qwen3-VL-8B-Instruct-RLAIF-VL
degenerative change in spine,degenerative change in spine,0.5078125,0,Qwen3-VL-8B-Instruct-RLAIF-VL
degenerative change in spine,degenerative change in spine,0.0654296875,0,Qwen3-VL-8B-Instruct-RLAIF-VL
degenerative change in spine,degenerative change in spine,0.828125,0,Qwen3-VL-8B-Instruct-RLAIF-VL
degenerative change in spine,degenerative change in spine,0.431640625,1,Qwen3-VL-8B-Instruct-RLAIF-VL
degenerative change in spine,degenerative change in spine,0.91015625,1,Qwen3-VL-8B-Instruct-RLAIF-VL
degenerative change in spine,degenerative change in spine,0.470703125,0,Qwen3-VL-8B-Instruct-RLAIF-VL
pleural effusion,calcified granuloma,0.2412109375,0,Qwen3-VL-8B-Instruct-RLAIF-VL
pleural effusion,calcified granuloma,0.69921875,1,Qwen3-VL-8B-Instruct-RLAIF-VL
pleural effusion,calcified granuloma,0.37890625,0,Qwen3-VL-8B-Instruct-RLAIF-VL
pleural effusion,calcified granuloma,0.98828125,1,Qwen3-VL-8B-Instruct-RLAIF-VL
pleural effusion,calcified granuloma,0.61328125,0,Qwen3-VL-8B-Instruct-RLAIF-VL
foreign bodies,foreign bodies,0.1611328125,0,Qwen3-VL-8B-Instruct-RLAIF-VL
foreign bodies,foreign bodies,0.33203125,1,Qwen3-VL-8B-Instruct-RLAIF-VL
retraction,"pulmonary disease, chronic obstructive",0.08447265625,0,Qwen3-VL-8B-Instruct-RLAIF-VL
retraction,"pulmonary disease, chronic obstructive",0.31640625,0,Qwen3-VL-8B-Instruct-RLAIF-VL
retraction,"pulmonary disease, chronic obstructive",0.69140625,0,Qwen3-VL-8B-Instruct-RLAIF-VL
retraction,"pulmonary disease, chronic obstructive",0.345703125,0,Qwen3-VL-8B-Instruct-RLAIF-VL
retraction,"pulmonary disease, chronic obstructive",0.1298828125,0,Qwen3-VL-8B-Instruct-RLAIF-VL
retraction,"pulmonary disease, chronic obstructive",0.09375,0,Qwen3-VL-8B-Instruct-RLAIF-VL
retraction,"pulmonary disease, chronic obstructive",0.5234375,1,Qwen3-VL-8B-Instruct-RLAIF-VL
retraction,"pulmonary disease, chronic obstructive",1.0,1,Qwen3-VL-8B-Instruct-RLAIF-VL
normal,normal,0.0177001953125,0,Qwen3-VL-8B-Instruct-RLAIF-VL
surgical procedure,surgical instruments,0.2109375,0,Qwen3-VL-8B-Instruct-RLAIF-VL
surgical procedure,surgical instruments,0.50390625,0,Qwen3-VL-8B-Instruct-RLAIF-VL
surgical procedure,surgical instruments,0.1484375,0,Qwen3-VL-8B-Instruct-RLAIF-VL
normal,normal,0.0177001953125,0,Qwen3-VL-8B-Instruct-RLAIF-VL
osteophyte,spondylosis,0.828125,0,Qwen3-VL-8B-Instruct-RLAIF-VL
osteophyte,spondylosis,0.13671875,0,Qwen3-VL-8B-Instruct-RLAIF-VL
osteophyte,spondylosis,0.1376953125,0,Qwen3-VL-8B-Instruct-RLAIF-VL
osteophyte,spondylosis,0.828125,1,Qwen3-VL-8B-Instruct-RLAIF-VL
osteophyte,spondylosis,0.98046875,1,Qwen3-VL-8B-Instruct-RLAIF-VL
"pulmonary disease, chronic obstruct",lung hyperdistention in lung,1.0,0,Qwen3-VL-8B-Instruct-RLAIF-VL
"pulmonary disease, chronic obstruct",lung hyperdistention in lung,0.58984375,0,Qwen3-VL-8B-Instruct-RLAIF-VL
"pulmonary disease, chronic obstruct",lung hyperdistention in lung,0.83984375,0,Qwen3-VL-8B-Instruct-RLAIF-VL
"pulmonary disease, chronic obstruct",lung hyperdistention in lung,0.87109375,1,Qwen3-VL-8B-Instruct-RLAIF-VL
"pulmonary disease, chronic obstruct",lung hyperdistention in lung,0.61328125,0,Qwen3-VL-8B-Instruct-RLAIF-VL
"pulmonary disease, chronic obstruct",lung hyperdistention in lung,0.1005859375,0,Qwen3-VL-8B-Instruct-RLAIF-VL
normal,normal,0.0177001953125,0,Qwen3-VL-8B-Instruct-RLAIF-VL
normal,normal,0.0177001953125,0,Qwen3-VL-8B-Instruct-RLAIF-VL
normal,normal,0.0177001953125,0,Qwen3-VL-8B-Instruct-RLAIF-VL
normal,normal,0.0177001953125,0,Qwen3-VL-8B-Instruct-RLAIF-VL
cardiomegaly,pleural effusion,0.171875,0,Qwen3-VL-8B-Instruct-RLAIF-VL
cardiomegaly,pleural effusion,0.546875,1,Qwen3-VL-8B-Instruct-RLAIF-VL
cardiomegaly,pleural effusion,0.9609375,1,Qwen3-VL-8B-Instruct-RLAIF-VL
cardiomegaly,pleural effusion,0.87109375,1,Qwen3-VL-8B-Instruct-RLAIF-VL
degenerative change,scoliosis,0.251953125,0,Qwen3-VL-8B-Instruct-RLAIF-VL
degenerative change,scoliosis,0.2021484375,0,Qwen3-VL-8B-Instruct-RLAIF-VL
degenerative change,scoliosis,0.1728515625,0,Qwen3-VL-8B-Instruct-RLAIF-VL
normal,normal,0.0177001953125,0,Qwen3-VL-8B-Instruct-RLAIF-VL
pulmonary atelectasis,calcified granuloma,0.27734375,0,Qwen3-VL-8B-Instruct-RLAIF-VL
pulmonary atelectasis,calcified granuloma,0.051025390625,0,Qwen3-VL-8B-Instruct-RLAIF-VL
pulmonary atelectasis,calcified granuloma,0.451171875,0,Qwen3-VL-8B-Instruct-RLAIF-VL
pulmonary atelectasis,calcified granuloma,0.423828125,0,Qwen3-VL-8B-Instruct-RLAIF-VL
pulmonary atelectasis,calcified granuloma,0.984375,0,Qwen3-VL-8B-Instruct-RLAIF-VL
spondylosis,spondylosis,0.8359375,0,Qwen3-VL-8B-Instruct-RLAIF-VL
spondylosis,spondylosis,0.984375,0,Qwen3-VL-8B-Instruct-RLAIF-VL
spondylosis,spondylosis,0.99609375,0,Qwen3-VL-8B-Instruct-RLAIF-VL
spondylosis,spondylosis,0.82421875,0,Qwen3-VL-8B-Instruct-RLAIF-VL
spondylosis,spondylosis,0.15234375,0,Qwen3-VL-8B-Instruct-RLAIF-VL
scoliosis,pulmonary atelectasis,1.0,0,Qwen3-VL-8B-Instruct-RLAIF-VL
scoliosis,pulmonary atelectasis,0.0986328125,0,Qwen3-VL-8B-Instruct-RLAIF-VL
scoliosis,pulmonary atelectasis,0.369140625,1,Qwen3-VL-8B-Instruct-RLAIF-VL
scoliosis,pulmonary atelectasis,0.05615234375,0,Qwen3-VL-8B-Instruct-RLAIF-VL
scoliosis,pulmonary atelectasis,0.46875,0,Qwen3-VL-8B-Instruct-RLAIF-VL
scoliosis,pulmonary atelectasis,0.671875,1,Qwen3-VL-8B-Instruct-RLAIF-VL
normal,normal,0.0177001953125,0,Qwen3-VL-8B-Instruct-RLAIF-VL
normal,normal,0.0177001953125,0,Qwen3-VL-8B-Instruct-RLAIF-VL
normal,normal,0.0177001953125,0,Qwen3-VL-8B-Instruct-RLAIF-VL
pulmonary atelectasis,pulmonary atelectasis,0.1806640625,0,Qwen3-VL-8B-Instruct-RLAIF-VL
pulmonary atelectasis,pulmonary atelectasis,0.9375,1,Qwen3-VL-8B-Instruct-RLAIF-VL
pulmonary atelectasis,pulmonary atelectasis,0.9921875,1,Qwen3-VL-8B-Instruct-RLAIF-VL
pulmonary atelectasis,pulmonary atelectasis,0.88671875,1,Qwen3-VL-8B-Instruct-RLAIF-VL
pulmonary atelectasis,pulmonary atelectasis,1.0,1,Qwen3-VL-8B-Instruct-RLAIF-VL
pulmonary atelectasis,pulmonary atelectasis,0.9375,1,Qwen3-VL-8B-Instruct-RLAIF-VL
pulmonary atelectasis,pulmonary atelectasis,0.1806640625,0,Qwen3-VL-8B-Instruct-RLAIF-VL
pulmonary atelectasis,pulmonary atelectasis,0.9375,1,Qwen3-VL-8B-Instruct-RLAIF-VL
pulmonary atelectasis,pulmonary atelectasis,0.9921875,1,Qwen3-VL-8B-Instruct-RLAIF-VL
pulmonary atelectasis,pulmonary atelectasis,0.88671875,1,Qwen3-VL-8B-Instruct-RLAIF-VL
pulmonary atelectasis,pulmonary atelectasis,1.0,1,Qwen3-VL-8B-Instruct-RLAIF-VL
pulmonary atelectasis,pulmonary atelectasis,0.9375,1,Qwen3-VL-8B-Instruct-RLAIF-VL
chronic lung disease,lung hyperdistention in lung,0.54296875,0,Qwen3-VL-8B-Instruct-RLAIF-VL
chronic lung disease,lung hyperdistention in lung,0.369140625,0,Qwen3-VL-8B-Instruct-RLAIF-VL
chronic lung disease,lung hyperdistention in lung,0.36328125,0,Qwen3-VL-8B-Instruct-RLAIF-VL
chronic lung disease,lung hyperdistention in lung,0.90625,0,Qwen3-VL-8B-Instruct-RLAIF-VL
chronic lung disease,lung hyperdistention in lung,0.75,0,Qwen3-VL-8B-Instruct-RLAIF-VL
chronic lung disease,lung hyperdistention in lung,0.265625,0,Qwen3-VL-8B-Instruct-RLAIF-VL
pulmonary atelectasis,pneumonia,0.1796875,0,Qwen3-VL-8B-Instruct-RLAIF-VL
pulmonary atelectasis,pneumonia,0.93359375,0,Qwen3-VL-8B-Instruct-RLAIF-VL
pulmonary atelectasis,pneumonia,0.98828125,1,Qwen3-VL-8B-Instruct-RLAIF-VL
pulmonary atelectasis,pneumonia,0.65234375,1,Qwen3-VL-8B-Instruct-RLAIF-VL
pulmonary atelectasis,pulmonary atelectasis,0.1806640625,0,Qwen3-VL-8B-Instruct-RLAIF-VL
pulmonary atelectasis,pulmonary atelectasis,0.9375,1,Qwen3-VL-8B-Instruct-RLAIF-VL
pulmonary atelectasis,pulmonary atelectasis,0.9921875,1,Qwen3-VL-8B-Instruct-RLAIF-VL
pulmonary atelectasis,pulmonary atelectasis,0.88671875,1,Qwen3-VL-8B-Instruct-RLAIF-VL
pulmonary atelectasis,pulmonary atelectasis,1.0,1,Qwen3-VL-8B-Instruct-RLAIF-VL
pulmonary atelectasis,pulmonary atelectasis,0.9375,1,Qwen3-VL-8B-Instruct-RLAIF-VL
scoliosis,scoliosis,1.0,0,Qwen3-VL-8B-Instruct-RLAIF-VL
scoliosis,scoliosis,0.2421875,0,Qwen3-VL-8B-Instruct-RLAIF-VL
scoliosis,scoliosis,0.4140625,1,Qwen3-VL-8B-Instruct-RLAIF-VL
degenerative change in spine,degenerative change in shoulder,0.5078125,0,Qwen3-VL-8B-Instruct-RLAIF-VL
degenerative change in spine,degenerative change in shoulder,0.0654296875,0,Qwen3-VL-8B-Instruct-RLAIF-VL
degenerative change in spine,degenerative change in shoulder,0.828125,0,Qwen3-VL-8B-Instruct-RLAIF-VL
degenerative change in spine,degenerative change in shoulder,0.431640625,1,Qwen3-VL-8B-Instruct-RLAIF-VL
degenerative change in spine,degenerative change in shoulder,0.91015625,1,Qwen3-VL-8B-Instruct-RLAIF-VL
degenerative change in spine,degenerative change in shoulder,0.470703125,0,Qwen3-VL-8B-Instruct-RLAIF-VL
blunted costophrenic angle,blunted costophrenic angle in costophrenic angle,0.1572265625,0,Qwen3-VL-8B-Instruct-RLAIF-VL
blunted costophrenic angle,blunted costophrenic angle in costophrenic angle,1.0,1,Qwen3-VL-8B-Instruct-RLAIF-VL
blunted costophrenic angle,blunted costophrenic angle in costophrenic angle,0.93359375,1,Qwen3-VL-8B-Instruct-RLAIF-VL
blunted costophrenic angle,blunted costophrenic angle in costophrenic angle,0.99609375,1,Qwen3-VL-8B-Instruct-RLAIF-VL
blunted costophrenic angle,blunted costophrenic angle in costophrenic angle,1.0,1,Qwen3-VL-8B-Instruct-RLAIF-VL
blunted costophrenic angle,blunted costophrenic angle in costophrenic angle,1.0,1,Qwen3-VL-8B-Instruct-RLAIF-VL
blunted costophrenic angle,blunted costophrenic angle in costophrenic angle,0.99609375,1,Qwen3-VL-8B-Instruct-RLAIF-VL
blunted costophrenic angle,blunted costophrenic angle in costophrenic angle,0.44140625,0,Qwen3-VL-8B-Instruct-RLAIF-VL
blunted costophrenic angle,blunted costophrenic angle in costophrenic angle,0.265625,0,Qwen3-VL-8B-Instruct-RLAIF-VL
blunted costophrenic angle,blunted costophrenic angle in costophrenic angle,0.953125,1,Qwen3-VL-8B-Instruct-RLAIF-VL
blunted costophrenic angle,blunted costophrenic angle in costophrenic angle,0.97265625,1,Qwen3-VL-8B-Instruct-RLAIF-VL
blunted costophrenic angle,blunted costophrenic angle in costophrenic angle,0.98828125,1,Qwen3-VL-8B-Instruct-RLAIF-VL
blunted costophrenic angle,blunted costophrenic angle in costophrenic angle,0.73828125,1,Qwen3-VL-8B-Instruct-RLAIF-VL
blister,blister,0.1748046875,0,Qwen3-VL-8B-Instruct-RLAIF-VL
blister,blister,0.96484375,1,Qwen3-VL-8B-Instruct-RLAIF-VL
normal,normal,0.0177001953125,0,Qwen3-VL-8B-Instruct-RLAIF-VL
calcified granuloma,granuloma,0.89453125,0,Qwen3-VL-8B-Instruct-RLAIF-VL
calcified granuloma,granuloma,0.0966796875,0,Qwen3-VL-8B-Instruct-RLAIF-VL
calcified granuloma,granuloma,0.98046875,0,Qwen3-VL-8B-Instruct-RLAIF-VL
normal,normal,0.0177001953125,0,Qwen3-VL-8B-Instruct-RLAIF-VL
normal,normal,0.0177001953125,0,Qwen3-VL-8B-Instruct-RLAIF-VL
normal,normal,0.0177001953125,0,Qwen3-VL-8B-Instruct-RLAIF-VL
surgical instruments,surgical instruments,0.2333984375,0,Qwen3-VL-8B-Instruct-RLAIF-VL
surgical instruments,surgical instruments,0.142578125,1,Qwen3-VL-8B-Instruct-RLAIF-VL
surgical instruments,surgical instruments,0.55078125,1,Qwen3-VL-8B-Instruct-RLAIF-VL
chronic diaphragmatic hernia,pulmonary atelectasis,0.2119140625,0,Qwen3-VL-8B-Instruct-RLAIF-VL
chronic diaphragmatic hernia,pulmonary atelectasis,0.92578125,0,Qwen3-VL-8B-Instruct-RLAIF-VL
chronic diaphragmatic hernia,pulmonary atelectasis,0.2041015625,0,Qwen3-VL-8B-Instruct-RLAIF-VL
chronic diaphragmatic hernia,pulmonary atelectasis,0.9140625,0,Qwen3-VL-8B-Instruct-RLAIF-VL
chronic diaphragmatic hernia,pulmonary atelectasis,0.953125,0,Qwen3-VL-8B-Instruct-RLAIF-VL
chronic diaphragmatic hernia,pulmonary atelectasis,0.1845703125,0,Qwen3-VL-8B-Instruct-RLAIF-VL
pulmonary atelectasis,pulmonary atelectasis,0.1806640625,0,Qwen3-VL-8B-Instruct-RLAIF-VL
pulmonary atelectasis,pulmonary atelectasis,0.9375,1,Qwen3-VL-8B-Instruct-RLAIF-VL
pulmonary atelectasis,pulmonary atelectasis,0.9921875,1,Qwen3-VL-8B-Instruct-RLAIF-VL
pulmonary atelectasis,pulmonary atelectasis,0.88671875,1,Qwen3-VL-8B-Instruct-RLAIF-VL
pulmonary atelectasis,pulmonary atelectasis,1.0,1,Qwen3-VL-8B-Instruct-RLAIF-VL
pulmonary atelectasis,pulmonary atelectasis,0.9375,1,Qwen3-VL-8B-Instruct-RLAIF-VL
cardiomegaly,cardiomegaly,0.66796875,0,Qwen3-VL-8B-Instruct-RLAIF-VL
cardiomegaly,cardiomegaly,0.734375,0,Qwen3-VL-8B-Instruct-RLAIF-VL
cardiomegaly,cardiomegaly,0.73046875,0,Qwen3-VL-8B-Instruct-RLAIF-VL
cardiomegaly,cardiomegaly,0.9453125,0,Qwen3-VL-8B-Instruct-RLAIF-VL
cardiomegaly,cardiomegaly,0.1318359375,0,Qwen3-VL-8B-Instruct-RLAIF-VL
normal,normal,0.0177001953125,0,Qwen3-VL-8B-Instruct-RLAIF-VL
normal,normal,0.0177001953125,0,Qwen3-VL-8B-Instruct-RLAIF-VL
cardiomegaly,pectus carinatum,0.26171875,0,Qwen3-VL-8B-Instruct-RLAIF-VL
cardiomegaly,pectus carinatum,0.98046875,0,Qwen3-VL-8B-Instruct-RLAIF-VL
cardiomegaly,pectus carinatum,0.11181640625,0,Qwen3-VL-8B-Instruct-RLAIF-VL
cardiomegaly,pectus carinatum,0.052978515625,0,Qwen3-VL-8B-Instruct-RLAIF-VL
cardiomegaly,pectus carinatum,0.2080078125,0,Qwen3-VL-8B-Instruct-RLAIF-VL
cardiomegaly,cardiomegaly,0.66796875,0,Qwen3-VL-8B-Instruct-RLAIF-VL
cardiomegaly,cardiomegaly,0.734375,0,Qwen3-VL-8B-Instruct-RLAIF-VL
cardiomegaly,cardiomegaly,0.73046875,0,Qwen3-VL-8B-Instruct-RLAIF-VL
cardiomegaly,cardiomegaly,0.9453125,0,Qwen3-VL-8B-Instruct-RLAIF-VL
cardiomegaly,cardiomegaly,0.1318359375,0,Qwen3-VL-8B-Instruct-RLAIF-VL
scarring,cicatrix,0.15625,0,Qwen3-VL-8B-Instruct-RLAIF-VL
scarring,cicatrix,0.4140625,0,Qwen3-VL-8B-Instruct-RLAIF-VL
scarring,cicatrix,0.0859375,0,Qwen3-VL-8B-Instruct-RLAIF-VL
scarring,cicatrix,0.15625,0,Qwen3-VL-8B-Instruct-RLAIF-VL
scarring,cicatrix,0.4140625,0,Qwen3-VL-8B-Instruct-RLAIF-VL
scarring,cicatrix,0.0859375,0,Qwen3-VL-8B-Instruct-RLAIF-VL
scarring,cicatrix,0.15625,0,Qwen3-VL-8B-Instruct-RLAIF-VL
scarring,cicatrix,0.4140625,0,Qwen3-VL-8B-Instruct-RLAIF-VL
scarring,cicatrix,0.0859375,0,Qwen3-VL-8B-Instruct-RLAIF-VL
normal,normal,0.0177001953125,0,Qwen3-VL-8B-Instruct-RLAIF-VL
cardiomegaly,cardiomegaly,0.66796875,0,Qwen3-VL-8B-Instruct-RLAIF-VL
cardiomegaly,cardiomegaly,0.734375,0,Qwen3-VL-8B-Instruct-RLAIF-VL
cardiomegaly,cardiomegaly,0.73046875,0,Qwen3-VL-8B-Instruct-RLAIF-VL
cardiomegaly,cardiomegaly,0.9453125,0,Qwen3-VL-8B-Instruct-RLAIF-VL
cardiomegaly,cardiomegaly,0.1318359375,0,Qwen3-VL-8B-Instruct-RLAIF-VL
normal,normal,0.0177001953125,0,Qwen3-VL-8B-Instruct-RLAIF-VL
atherosclerosis,atherosclerosis,0.2294921875,0,Qwen3-VL-8B-Instruct-RLAIF-VL
atherosclerosis,atherosclerosis,0.8828125,1,Qwen3-VL-8B-Instruct-RLAIF-VL
atherosclerosis,atherosclerosis,0.7890625,1,Qwen3-VL-8B-Instruct-RLAIF-VL
calcinosis,calcinosis,0.12060546875,0,Qwen3-VL-8B-Instruct-RLAIF-VL
calcinosis,calcinosis,0.21484375,0,Qwen3-VL-8B-Instruct-RLAIF-VL
calcinosis,calcinosis,0.279296875,0,Qwen3-VL-8B-Instruct-RLAIF-VL
normal,normal,0.0177001953125,0,Qwen3-VL-8B-Instruct-RLAIF-VL
calcified granuloma,calcified granuloma,0.89453125,0,Qwen3-VL-8B-Instruct-RLAIF-VL
calcified granuloma,calcified granuloma,0.19921875,0,Qwen3-VL-8B-Instruct-RLAIF-VL
calcified granuloma,calcified granuloma,0.3984375,0,Qwen3-VL-8B-Instruct-RLAIF-VL
calcified granuloma,calcified granuloma,0.353515625,0,Qwen3-VL-8B-Instruct-RLAIF-VL
calcified granuloma,calcified granuloma,1.0,0,Qwen3-VL-8B-Instruct-RLAIF-VL
calcinosis,calcinosis,0.12060546875,0,Qwen3-VL-8B-Instruct-RLAIF-VL
calcinosis,calcinosis,0.21484375,0,Qwen3-VL-8B-Instruct-RLAIF-VL
calcinosis,calcinosis,0.279296875,0,Qwen3-VL-8B-Instruct-RLAIF-VL
normal,normal,0.0177001953125,0,Qwen3-VL-8B-Instruct-RLAIF-VL
blunted costophrenic munfl,blunted costophrenic angle in costophrenic angle,0.345703125,0,Qwen3-VL-8B-Instruct-RLAIF-VL
blunted costophrenic munfl,blunted costophrenic angle in costophrenic angle,0.05859375,1,Qwen3-VL-8B-Instruct-RLAIF-VL
blunted costophrenic munfl,blunted costophrenic angle in costophrenic angle,0.515625,1,Qwen3-VL-8B-Instruct-RLAIF-VL
blunted costophrenic munfl,blunted costophrenic angle in costophrenic angle,0.984375,1,Qwen3-VL-8B-Instruct-RLAIF-VL
blunted costophrenic munfl,blunted costophrenic angle in costophrenic angle,1.0,1,Qwen3-VL-8B-Instruct-RLAIF-VL
blunted costophrenic munfl,blunted costophrenic angle in costophrenic angle,0.9921875,1,Qwen3-VL-8B-Instruct-RLAIF-VL
blunted costophrenic munfl,blunted costophrenic angle in costophrenic angle,0.1630859375,0,Qwen3-VL-8B-Instruct-RLAIF-VL
blunted costophrenic munfl,blunted costophrenic angle in costophrenic angle,0.224609375,0,Qwen3-VL-8B-Instruct-RLAIF-VL
blunted costophrenic munfl,blunted costophrenic angle in costophrenic angle,0.265625,0,Qwen3-VL-8B-Instruct-RLAIF-VL
blunted costophrenic munfl,blunted costophrenic angle in costophrenic angle,0.796875,1,Qwen3-VL-8B-Instruct-RLAIF-VL
blunted costophrenic munfl,blunted costophrenic angle in costophrenic angle,0.953125,1,Qwen3-VL-8B-Instruct-RLAIF-VL
blunted costophrenic munfl,blunted costophrenic angle in costophrenic angle,0.9921875,1,Qwen3-VL-8B-Instruct-RLAIF-VL
blunted costophrenic munfl,blunted costophrenic angle in costophrenic angle,0.84765625,1,Qwen3-VL-8B-Instruct-RLAIF-VL
calcinosis,calcinosis,0.12060546875,0,Qwen3-VL-8B-Instruct-RLAIF-VL
calcinosis,calcinosis,0.21484375,0,Qwen3-VL-8B-Instruct-RLAIF-VL
calcinosis,calcinosis,0.279296875,0,Qwen3-VL-8B-Instruct-RLAIF-VL
normal,normal,0.0177001953125,0,Qwen3-VL-8B-Instruct-RLAIF-VL
normal,normal,0.0177001953125,0,Qwen3-VL-8B-Instruct-RLAIF-VL
pleural effusion,pleural effusion,0.2412109375,0,Qwen3-VL-8B-Instruct-RLAIF-VL
pleural effusion,pleural effusion,0.953125,1,Qwen3-VL-8B-Instruct-RLAIF-VL
pleural effusion,pleural effusion,0.9765625,1,Qwen3-VL-8B-Instruct-RLAIF-VL
pleural effusion,pleural effusion,0.9296875,1,Qwen3-VL-8B-Instruct-RLAIF-VL
calcinosis,calcinosis,0.12060546875,0,Qwen3-VL-8B-Instruct-RLAIF-VL
calcinosis,calcinosis,0.21484375,0,Qwen3-VL-8B-Instruct-RLAIF-VL
calcinosis,calcinosis,0.279296875,0,Qwen3-VL-8B-Instruct-RLAIF-VL
normal,normal,0.0177001953125,0,Qwen3-VL-8B-Instruct-RLAIF-VL
pulmonary atelectasis,patchy opacity in opacity,0.1884765625,0,Qwen3-VL-8B-Instruct-RLAIF-VL
pulmonary atelectasis,patchy opacity in opacity,0.91015625,1,Qwen3-VL-8B-Instruct-RLAIF-VL
pulmonary atelectasis,patchy opacity in opacity,0.2236328125,0,Qwen3-VL-8B-Instruct-RLAIF-VL
pulmonary atelectasis,patchy opacity in opacity,0.1279296875,1,Qwen3-VL-8B-Instruct-RLAIF-VL
pulmonary atelectasis,patchy opacity in opacity,0.41796875,0,Qwen3-VL-8B-Instruct-RLAIF-VL
scoliosis,scoliosis,1.0,0,Qwen3-VL-8B-Instruct-RLAIF-VL
scoliosis,scoliosis,0.2421875,0,Qwen3-VL-8B-Instruct-RLAIF-VL
scoliosis,scoliosis,0.4140625,1,Qwen3-VL-8B-Instruct-RLAIF-VL
normal,normal,0.0177001953125,0,Qwen3-VL-8B-Instruct-RLAIF-VL
normal,normal,0.0177001953125,0,Qwen3-VL-8B-Instruct-RLAIF-VL
normal,normal,0.0177001953125,0,Qwen3-VL-8B-Instruct-RLAIF-VL
pulmonary atelectasis,lung hypoinflation in lung,0.1806640625,0,Qwen3-VL-8B-Instruct-RLAIF-VL
pulmonary atelectasis,lung hypoinflation in lung,0.1416015625,0,Qwen3-VL-8B-Instruct-RLAIF-VL
pulmonary atelectasis,lung hypoinflation in lung,0.96484375,1,Qwen3-VL-8B-Instruct-RLAIF-VL
pulmonary atelectasis,lung hypoinflation in lung,0.92578125,1,Qwen3-VL-8B-Instruct-RLAIF-VL
pulmonary atelectasis,lung hypoinflation in lung,0.20703125,0,Qwen3-VL-8B-Instruct-RLAIF-VL
pulmonary atelectasis,lung hypoinflation in lung,0.2060546875,0,Qwen3-VL-8B-Instruct-RLAIF-VL
spine,spondylosis,0.18359375,0,Qwen3-VL-8B-Instruct-RLAIF-VL
spine,spondylosis,0.10205078125,0,Qwen3-VL-8B-Instruct-RLAIF-VL
spine,spondylosis,0.296875,0,Qwen3-VL-8B-Instruct-RLAIF-VL
spine,spondylosis,1.0,0,Qwen3-VL-8B-Instruct-RLAIF-VL
spine,spondylosis,0.17578125,0,Qwen3-VL-8B-Instruct-RLAIF-VL
normal,normal,0.0177001953125,0,Qwen3-VL-8B-Instruct-RLAIF-VL
normal,normal,0.0177001953125,0,Qwen3-VL-8B-Instruct-RLAIF-VL
normal,normal,0.0177001953125,0,Qwen3-VL-8B-Instruct-RLAIF-VL
pulmonary atelectasis,pleural effusion,0.1796875,0,Qwen3-VL-8B-Instruct-RLAIF-VL
pulmonary atelectasis,pleural effusion,0.7421875,1,Qwen3-VL-8B-Instruct-RLAIF-VL
pulmonary atelectasis,pleural effusion,0.984375,1,Qwen3-VL-8B-Instruct-RLAIF-VL
pulmonary atelectasis,pleural effusion,0.94921875,1,Qwen3-VL-8B-Instruct-RLAIF-VL
normal,normal,0.0177001953125,0,Qwen3-VL-8B-Instruct-RLAIF-VL
surgical instruments,surgical instruments,0.2333984375,0,Qwen3-VL-8B-Instruct-RLAIF-VL
surgical instruments,surgical instruments,0.142578125,1,Qwen3-VL-8B-Instruct-RLAIF-VL
surgical instruments,surgical instruments,0.55078125,1,Qwen3-VL-8B-Instruct-RLAIF-VL
degenerative change,degenerative change in thoracic vertebrae,0.2021484375,0,Qwen3-VL-8B-Instruct-RLAIF-VL
degenerative change,degenerative change in thoracic vertebrae,0.62109375,0,Qwen3-VL-8B-Instruct-RLAIF-VL
degenerative change,degenerative change in thoracic vertebrae,0.58984375,0,Qwen3-VL-8B-Instruct-RLAIF-VL
degenerative change,degenerative change in thoracic vertebrae,0.26953125,0,Qwen3-VL-8B-Instruct-RLAIF-VL
degenerative change,degenerative change in thoracic vertebrae,0.62109375,0,Qwen3-VL-8B-Instruct-RLAIF-VL
degenerative change,degenerative change in thoracic vertebrae,0.88671875,0,Qwen3-VL-8B-Instruct-RLAIF-VL
degenerative change,degenerative change in thoracic vertebrae,0.8125,0,Qwen3-VL-8B-Instruct-RLAIF-VL
degenerative change,degenerative change in thoracic vertebrae,0.90234375,0,Qwen3-VL-8B-Instruct-RLAIF-VL
degenerative change,degenerative change in thoracic vertebrae,0.8046875,0,Qwen3-VL-8B-Instruct-RLAIF-VL
degenerative change,degenerative change in thoracic vertebrae,0.27734375,0,Qwen3-VL-8B-Instruct-RLAIF-VL
normal,normal,0.0177001953125,0,Qwen3-VL-8B-Instruct-RLAIF-VL
chronic illness flater,"fractures, bone",0.05419921875,0,Qwen3-VL-8B-Instruct-RLAIF-VL
chronic illness flater,"fractures, bone",0.0291748046875,0,Qwen3-VL-8B-Instruct-RLAIF-VL
chronic illness flater,"fractures, bone",0.78125,0,Qwen3-VL-8B-Instruct-RLAIF-VL
chronic illness flater,"fractures, bone",0.1962890625,1,Qwen3-VL-8B-Instruct-RLAIF-VL
chronic illness flater,"fractures, bone",0.05078125,0,Qwen3-VL-8B-Instruct-RLAIF-VL
normal,normal,0.0177001953125,0,Qwen3-VL-8B-Instruct-RLAIF-VL
lucent media in lungs,"lung, hyperlucent",0.212890625,0,Qwen3-VL-8B-Instruct-RLAIF-VL
lucent media in lungs,"lung, hyperlucent",0.078125,0,Qwen3-VL-8B-Instruct-RLAIF-VL
lucent media in lungs,"lung, hyperlucent",0.054443359375,0,Qwen3-VL-8B-Instruct-RLAIF-VL
lucent media in lungs,"lung, hyperlucent",0.038818359375,0,Qwen3-VL-8B-Instruct-RLAIF-VL
atherosclerosis,atherosclerosis,0.2294921875,0,Qwen3-VL-8B-Instruct-RLAIF-VL
atherosclerosis,atherosclerosis,0.8828125,1,Qwen3-VL-8B-Instruct-RLAIF-VL
atherosclerosis,atherosclerosis,0.7890625,1,Qwen3-VL-8B-Instruct-RLAIF-VL
normal,normal,0.0177001953125,0,Qwen3-VL-8B-Instruct-RLAIF-VL
lung hypoinflation in lung,lung hypoinflation in lung,0.07177734375,0,Qwen3-VL-8B-Instruct-RLAIF-VL
lung hypoinflation in lung,lung hypoinflation in lung,0.2138671875,1,Qwen3-VL-8B-Instruct-RLAIF-VL
lung hypoinflation in lung,lung hypoinflation in lung,0.8984375,1,Qwen3-VL-8B-Instruct-RLAIF-VL
lung hypoinflation in lung,lung hypoinflation in lung,1.0,1,Qwen3-VL-8B-Instruct-RLAIF-VL
lung hypoinflation in lung,lung hypoinflation in lung,0.78125,1,Qwen3-VL-8B-Instruct-RLAIF-VL
lung hypoinflation in lung,lung hypoinflation in lung,0.7265625,1,Qwen3-VL-8B-Instruct-RLAIF-VL
pleural effusion,blunted costophrenic angle in costophrenic angle,0.2451171875,0,Qwen3-VL-8B-Instruct-RLAIF-VL
pleural effusion,blunted costophrenic angle in costophrenic angle,0.216796875,0,Qwen3-VL-8B-Instruct-RLAIF-VL
pleural effusion,blunted costophrenic angle in costophrenic angle,0.4765625,1,Qwen3-VL-8B-Instruct-RLAIF-VL
pleural effusion,blunted costophrenic angle in costophrenic angle,0.953125,1,Qwen3-VL-8B-Instruct-RLAIF-VL
pleural effusion,blunted costophrenic angle in costophrenic angle,1.0,1,Qwen3-VL-8B-Instruct-RLAIF-VL
pleural effusion,blunted costophrenic angle in costophrenic angle,0.99609375,1,Qwen3-VL-8B-Instruct-RLAIF-VL
pleural effusion,blunted costophrenic angle in costophrenic angle,0.267578125,0,Qwen3-VL-8B-Instruct-RLAIF-VL
pleural effusion,blunted costophrenic angle in costophrenic angle,0.11572265625,0,Qwen3-VL-8B-Instruct-RLAIF-VL
pleural effusion,blunted costophrenic angle in costophrenic angle,0.54296875,0,Qwen3-VL-8B-Instruct-RLAIF-VL
pleural effusion,blunted costophrenic angle in costophrenic angle,0.82421875,1,Qwen3-VL-8B-Instruct-RLAIF-VL
pleural effusion,blunted costophrenic angle in costophrenic angle,0.9921875,1,Qwen3-VL-8B-Instruct-RLAIF-VL
pleural effusion,blunted costophrenic angle in costophrenic angle,0.98046875,1,Qwen3-VL-8B-Instruct-RLAIF-VL
pleural effusion,blunted costophrenic angle in costophrenic angle,0.333984375,1,Qwen3-VL-8B-Instruct-RLAIF-VL
normal,normal,0.0177001953125,0,Qwen3-VL-8B-Instruct-RLAIF-VL
fracture,lucency in ribs right posterior,0.06396484375,0,Qwen3-VL-8B-Instruct-RLAIF-VL
fracture,lucency in ribs right posterior,0.068359375,0,Qwen3-VL-8B-Instruct-RLAIF-VL
fracture,lucency in ribs right posterior,0.091796875,0,Qwen3-VL-8B-Instruct-RLAIF-VL
fracture,lucency in ribs right posterior,0.150390625,0,Qwen3-VL-8B-Instruct-RLAIF-VL
fracture,lucency in ribs right posterior,0.232421875,0,Qwen3-VL-8B-Instruct-RLAIF-VL
fracture,lucency in ribs right posterior,0.380859375,0,Qwen3-VL-8B-Instruct-RLAIF-VL
fracture,lucency in ribs right posterior,0.62890625,0,Qwen3-VL-8B-Instruct-RLAIF-VL
calcinosis,cardiomegaly,0.12109375,0,Qwen3-VL-8B-Instruct-RLAIF-VL
calcinosis,cardiomegaly,0.9921875,0,Qwen3-VL-8B-Instruct-RLAIF-VL
calcinosis,cardiomegaly,0.58984375,0,Qwen3-VL-8B-Instruct-RLAIF-VL
calcinosis,cardiomegaly,0.408203125,0,Qwen3-VL-8B-Instruct-RLAIF-VL
calcinosis,cardiomegaly,0.11083984375,0,Qwen3-VL-8B-Instruct-RLAIF-VL
normal,normal,0.0177001953125,0,Qwen3-VL-8B-Instruct-RLAIF-VL
pulmonary nodule,round opacity in opacity,0.04931640625,0,Qwen3-VL-8B-Instruct-RLAIF-VL
pulmonary nodule,round opacity in opacity,0.12158203125,0,Qwen3-VL-8B-Instruct-RLAIF-VL
pulmonary nodule,round opacity in opacity,0.11865234375,0,Qwen3-VL-8B-Instruct-RLAIF-VL
pulmonary nodule,round opacity in opacity,0.275390625,0,Qwen3-VL-8B-Instruct-RLAIF-VL
borderline finding in opacity,cardiomegaly,0.419921875,0,Qwen3-VL-8B-Instruct-RLAIF-VL
borderline finding in opacity,cardiomegaly,0.37890625,0,Qwen3-VL-8B-Instruct-RLAIF-VL
borderline finding in opacity,cardiomegaly,0.70703125,1,Qwen3-VL-8B-Instruct-RLAIF-VL
borderline finding in opacity,cardiomegaly,0.97265625,1,Qwen3-VL-8B-Instruct-RLAIF-VL
borderline finding in opacity,cardiomegaly,0.609375,1,Qwen3-VL-8B-Instruct-RLAIF-VL
pulmonary atelectasis,lung hypoinflation in lung,0.1806640625,0,Qwen3-VL-8B-Instruct-RLAIF-VL
pulmonary atelectasis,lung hypoinflation in lung,0.1416015625,0,Qwen3-VL-8B-Instruct-RLAIF-VL
pulmonary atelectasis,lung hypoinflation in lung,0.96484375,1,Qwen3-VL-8B-Instruct-RLAIF-VL
pulmonary atelectasis,lung hypoinflation in lung,0.92578125,1,Qwen3-VL-8B-Instruct-RLAIF-VL
pulmonary atelectasis,lung hypoinflation in lung,0.20703125,0,Qwen3-VL-8B-Instruct-RLAIF-VL
pulmonary atelectasis,lung hypoinflation in lung,0.2060546875,0,Qwen3-VL-8B-Instruct-RLAIF-VL
normal,normal,0.0177001953125,0,Qwen3-VL-8B-Instruct-RLAIF-VL
pulmonary atelectasis,pulmonary atelectasis,0.1806640625,0,Qwen3-VL-8B-Instruct-RLAIF-VL
pulmonary atelectasis,pulmonary atelectasis,0.9375,1,Qwen3-VL-8B-Instruct-RLAIF-VL
pulmonary atelectasis,pulmonary atelectasis,0.9921875,1,Qwen3-VL-8B-Instruct-RLAIF-VL
pulmonary atelectasis,pulmonary atelectasis,0.88671875,1,Qwen3-VL-8B-Instruct-RLAIF-VL
pulmonary atelectasis,pulmonary atelectasis,1.0,1,Qwen3-VL-8B-Instruct-RLAIF-VL
pulmonary atelectasis,pulmonary atelectasis,0.9375,1,Qwen3-VL-8B-Instruct-RLAIF-VL
normal,normal,0.0177001953125,0,Qwen3-VL-8B-Instruct-RLAIF-VL
normal,normal,0.0177001953125,0,Qwen3-VL-8B-Instruct-RLAIF-VL
degenerative change in spine,degenerative change in spine,0.5078125,0,Qwen3-VL-8B-Instruct-RLAIF-VL
degenerative change in spine,degenerative change in spine,0.0654296875,0,Qwen3-VL-8B-Instruct-RLAIF-VL
degenerative change in spine,degenerative change in spine,0.828125,0,Qwen3-VL-8B-Instruct-RLAIF-VL
degenerative change in spine,degenerative change in spine,0.431640625,1,Qwen3-VL-8B-Instruct-RLAIF-VL
degenerative change in spine,degenerative change in spine,0.91015625,1,Qwen3-VL-8B-Instruct-RLAIF-VL
degenerative change in spine,degenerative change in spine,0.470703125,0,Qwen3-VL-8B-Instruct-RLAIF-VL
normal,normal,0.0177001953125,0,Qwen3-VL-8B-Instruct-RLAIF-VL
cardiomegaly,scoliosis,0.1796875,0,Qwen3-VL-8B-Instruct-RLAIF-VL
cardiomegaly,scoliosis,0.2353515625,0,Qwen3-VL-8B-Instruct-RLAIF-VL
cardiomegaly,scoliosis,0.1328125,0,Qwen3-VL-8B-Instruct-RLAIF-VL
pulmonary atelectasis,normal,0.1904296875,0,Qwen3-VL-8B-Instruct-RLAIF-VL
cardiomegaly,cardiomegaly,0.66796875,0,Qwen3-VL-8B-Instruct-RLAIF-VL
cardiomegaly,cardiomegaly,0.734375,0,Qwen3-VL-8B-Instruct-RLAIF-VL
cardiomegaly,cardiomegaly,0.73046875,0,Qwen3-VL-8B-Instruct-RLAIF-VL
cardiomegaly,cardiomegaly,0.9453125,0,Qwen3-VL-8B-Instruct-RLAIF-VL
cardiomegaly,cardiomegaly,0.1318359375,0,Qwen3-VL-8B-Instruct-RLAIF-VL
pulmonary nodule,calcinosis,0.09423828125,0,Qwen3-VL-8B-Instruct-RLAIF-VL
pulmonary nodule,calcinosis,0.421875,0,Qwen3-VL-8B-Instruct-RLAIF-VL
pulmonary nodule,calcinosis,0.83203125,1,Qwen3-VL-8B-Instruct-RLAIF-VL
calcinosis,atherosclerosis,0.306640625,0,Qwen3-VL-8B-Instruct-RLAIF-VL
calcinosis,atherosclerosis,0.96484375,1,Qwen3-VL-8B-Instruct-RLAIF-VL
calcinosis,atherosclerosis,0.5625,0,Qwen3-VL-8B-Instruct-RLAIF-VL
normal,normal,0.0177001953125,0,Qwen3-VL-8B-Instruct-RLAIF-VL
normal,normal,0.0177001953125,0,Qwen3-VL-8B-Instruct-RLAIF-VL
normal,normal,0.0177001953125,0,Qwen3-VL-8B-Instruct-RLAIF-VL
normal,normal,0.0177001953125,0,Qwen3-VL-8B-Instruct-RLAIF-VL
granuloma,granuloma,0.46484375,0,Qwen3-VL-8B-Instruct-RLAIF-VL
granuloma,granuloma,0.0732421875,0,Qwen3-VL-8B-Instruct-RLAIF-VL
granuloma,granuloma,0.13671875,0,Qwen3-VL-8B-Instruct-RLAIF-VL
cardiomegaly,cardiomegaly,0.66796875,0,Qwen3-VL-8B-Instruct-RLAIF-VL
cardiomegaly,cardiomegaly,0.734375,0,Qwen3-VL-8B-Instruct-RLAIF-VL
cardiomegaly,cardiomegaly,0.73046875,0,Qwen3-VL-8B-Instruct-RLAIF-VL
cardiomegaly,cardiomegaly,0.9453125,0,Qwen3-VL-8B-Instruct-RLAIF-VL
cardiomegaly,cardiomegaly,0.1318359375,0,Qwen3-VL-8B-Instruct-RLAIF-VL
spondylosis,spondylosis,0.8359375,0,Qwen3-VL-8B-Instruct-RLAIF-VL
spondylosis,spondylosis,0.984375,0,Qwen3-VL-8B-Instruct-RLAIF-VL
spondylosis,spondylosis,0.99609375,0,Qwen3-VL-8B-Instruct-RLAIF-VL
spondylosis,spondylosis,0.82421875,0,Qwen3-VL-8B-Instruct-RLAIF-VL
spondylosis,spondylosis,0.15234375,0,Qwen3-VL-8B-Instruct-RLAIF-VL
hernia,"hernia, hiatal",0.0498046875,0,Qwen3-VL-8B-Instruct-RLAIF-VL
hernia,"hernia, hiatal",0.462890625,0,Qwen3-VL-8B-Instruct-RLAIF-VL
hernia,"hernia, hiatal",0.1630859375,0,Qwen3-VL-8B-Instruct-RLAIF-VL
hernia,"hernia, hiatal",0.0849609375,0,Qwen3-VL-8B-Instruct-RLAIF-VL
hernia,"hernia, hiatal",0.58203125,0,Qwen3-VL-8B-Instruct-RLAIF-VL
hernia,"hernia, hiatal",0.8828125,0,Qwen3-VL-8B-Instruct-RLAIF-VL
calcinosis,calcified granuloma,0.11865234375,0,Qwen3-VL-8B-Instruct-RLAIF-VL
calcinosis,calcified granuloma,0.1015625,0,Qwen3-VL-8B-Instruct-RLAIF-VL
calcinosis,calcified granuloma,0.2158203125,0,Qwen3-VL-8B-Instruct-RLAIF-VL
calcinosis,calcified granuloma,0.94140625,1,Qwen3-VL-8B-Instruct-RLAIF-VL
calcinosis,calcified granuloma,0.609375,1,Qwen3-VL-8B-Instruct-RLAIF-VL
pulmonary opacity,pulmonary opacity,0.154296875,0,Qwen3-VL-8B-Instruct-RLAIF-VL
pulmonary opacity,pulmonary opacity,0.87890625,1,Qwen3-VL-8B-Instruct-RLAIF-VL
pulmonary opacity,pulmonary opacity,0.99609375,1,Qwen3-VL-8B-Instruct-RLAIF-VL
pulmonary opacity,pulmonary opacity,0.6953125,1,Qwen3-VL-8B-Instruct-RLAIF-VL
pulmonary atelectasis,lung hypoinflation in lung,0.1806640625,0,Qwen3-VL-8B-Instruct-RLAIF-VL
pulmonary atelectasis,lung hypoinflation in lung,0.1416015625,0,Qwen3-VL-8B-Instruct-RLAIF-VL
pulmonary atelectasis,lung hypoinflation in lung,0.96484375,1,Qwen3-VL-8B-Instruct-RLAIF-VL
pulmonary atelectasis,lung hypoinflation in lung,0.92578125,1,Qwen3-VL-8B-Instruct-RLAIF-VL
pulmonary atelectasis,lung hypoinflation in lung,0.20703125,0,Qwen3-VL-8B-Instruct-RLAIF-VL
pulmonary atelectasis,lung hypoinflation in lung,0.2060546875,0,Qwen3-VL-8B-Instruct-RLAIF-VL
calcified granuloma,calcified granuloma,0.89453125,0,Qwen3-VL-8B-Instruct-RLAIF-VL
calcified granuloma,calcified granuloma,0.19921875,0,Qwen3-VL-8B-Instruct-RLAIF-VL
calcified granuloma,calcified granuloma,0.3984375,0,Qwen3-VL-8B-Instruct-RLAIF-VL
calcified granuloma,calcified granuloma,0.353515625,0,Qwen3-VL-8B-Instruct-RLAIF-VL
calcified granuloma,calcified granuloma,1.0,0,Qwen3-VL-8B-Instruct-RLAIF-VL
normal,normal,0.0177001953125,0,Qwen3-VL-8B-Instruct-RLAIF-VL
normal,normal,0.0177001953125,0,Qwen3-VL-8B-Instruct-RLAIF-VL
pleural effusion,cicatrix,0.2412109375,0,Qwen3-VL-8B-Instruct-RLAIF-VL
pleural effusion,cicatrix,0.49609375,0,Qwen3-VL-8B-Instruct-RLAIF-VL
pleural effusion,cicatrix,0.0869140625,0,Qwen3-VL-8B-Instruct-RLAIF-VL
pulmonary atelectasis,cardiomegaly,0.28125,0,Qwen3-VL-8B-Instruct-RLAIF-VL
pulmonary atelectasis,cardiomegaly,0.228515625,0,Qwen3-VL-8B-Instruct-RLAIF-VL
pulmonary atelectasis,cardiomegaly,0.65234375,1,Qwen3-VL-8B-Instruct-RLAIF-VL
pulmonary atelectasis,cardiomegaly,1.0,1,Qwen3-VL-8B-Instruct-RLAIF-VL
pulmonary atelectasis,cardiomegaly,0.98046875,1,Qwen3-VL-8B-Instruct-RLAIF-VL
lung hyperdistention in lung,lung hyperdistention in lung,0.166015625,0,Qwen3-VL-8B-Instruct-RLAIF-VL
lung hyperdistention in lung,lung hyperdistention in lung,0.10791015625,1,Qwen3-VL-8B-Instruct-RLAIF-VL
lung hyperdistention in lung,lung hyperdistention in lung,0.83984375,1,Qwen3-VL-8B-Instruct-RLAIF-VL
lung hyperdistention in lung,lung hyperdistention in lung,0.99609375,1,Qwen3-VL-8B-Instruct-RLAIF-VL
lung hyperdistention in lung,lung hyperdistention in lung,0.41015625,1,Qwen3-VL-8B-Instruct-RLAIF-VL
lung hyperdistention in lung,lung hyperdistention in lung,0.57421875,1,Qwen3-VL-8B-Instruct-RLAIF-VL
pulmonary emphysema,atherosclerosis,0.1611328125,0,Qwen3-VL-8B-Instruct-RLAIF-VL
pulmonary emphysema,atherosclerosis,0.97265625,1,Qwen3-VL-8B-Instruct-RLAIF-VL
pulmonary emphysema,atherosclerosis,0.92578125,1,Qwen3-VL-8B-Instruct-RLAIF-VL
normal,normal,0.0177001953125,0,Qwen3-VL-8B-Instruct-RLAIF-VL
scoliosis,scoliosis,1.0,0,Qwen3-VL-8B-Instruct-RLAIF-VL
scoliosis,scoliosis,0.2421875,0,Qwen3-VL-8B-Instruct-RLAIF-VL
scoliosis,scoliosis,0.4140625,1,Qwen3-VL-8B-Instruct-RLAIF-VL
arthritis,arthritis,0.3203125,0,Qwen3-VL-8B-Instruct-RLAIF-VL
arthritis,arthritis,0.984375,1,Qwen3-VL-8B-Instruct-RLAIF-VL
degenerative change in thor,degenerative change in thoracic vertebrae,0.13671875,0,Qwen3-VL-8B-Instruct-RLAIF-VL
degenerative change in thor,degenerative change in thoracic vertebrae,0.0966796875,0,Qwen3-VL-8B-Instruct-RLAIF-VL
degenerative change in thor,degenerative change in thoracic vertebrae,0.98046875,1,Qwen3-VL-8B-Instruct-RLAIF-VL
degenerative change in thor,degenerative change in thoracic vertebrae,0.81640625,1,Qwen3-VL-8B-Instruct-RLAIF-VL
degenerative change in thor,degenerative change in thoracic vertebrae,0.9375,1,Qwen3-VL-8B-Instruct-RLAIF-VL
degenerative change in thor,degenerative change in thoracic vertebrae,0.76171875,1,Qwen3-VL-8B-Instruct-RLAIF-VL
degenerative change in thor,degenerative change in thoracic vertebrae,0.87890625,1,Qwen3-VL-8B-Instruct-RLAIF-VL
degenerative change in thor,degenerative change in thoracic vertebrae,0.70703125,0,Qwen3-VL-8B-Instruct-RLAIF-VL
degenerative change in thor,degenerative change in thoracic vertebrae,0.98046875,1,Qwen3-VL-8B-Instruct-RLAIF-VL
degenerative change in thor,degenerative change in thoracic vertebrae,0.87109375,1,Qwen3-VL-8B-Instruct-RLAIF-VL
pulmonary nodule,pulmonary nodule,0.09423828125,0,Qwen3-VL-8B-Instruct-RLAIF-VL
pulmonary nodule,pulmonary nodule,0.90625,1,Qwen3-VL-8B-Instruct-RLAIF-VL
pulmonary nodule,pulmonary nodule,0.9921875,1,Qwen3-VL-8B-Instruct-RLAIF-VL
pulmonary nodule,pulmonary nodule,0.60546875,1,Qwen3-VL-8B-Instruct-RLAIF-VL
pulmonary nodule,pulmonary nodule,1.0,1,Qwen3-VL-8B-Instruct-RLAIF-VL
cardiomegaly,cardiomegaly,0.66796875,0,Qwen3-VL-8B-Instruct-RLAIF-VL
cardiomegaly,cardiomegaly,0.734375,0,Qwen3-VL-8B-Instruct-RLAIF-VL
cardiomegaly,cardiomegaly,0.73046875,0,Qwen3-VL-8B-Instruct-RLAIF-VL
cardiomegaly,cardiomegaly,0.9453125,0,Qwen3-VL-8B-Instruct-RLAIF-VL
cardiomegaly,cardiomegaly,0.1318359375,0,Qwen3-VL-8B-Instruct-RLAIF-VL
degenerative change in spine,degenerative change in spine,0.5078125,0,Qwen3-VL-8B-Instruct-RLAIF-VL
degenerative change in spine,degenerative change in spine,0.0654296875,0,Qwen3-VL-8B-Instruct-RLAIF-VL
degenerative change in spine,degenerative change in spine,0.828125,0,Qwen3-VL-8B-Instruct-RLAIF-VL
degenerative change in spine,degenerative change in spine,0.431640625,1,Qwen3-VL-8B-Instruct-RLAIF-VL
degenerative change in spine,degenerative change in spine,0.91015625,1,Qwen3-VL-8B-Instruct-RLAIF-VL
degenerative change in spine,degenerative change in spine,0.470703125,0,Qwen3-VL-8B-Instruct-RLAIF-VL
normal,normal,0.0177001953125,0,Qwen3-VL-8B-Instruct-RLAIF-VL
cardiomegaly,cardiomegaly,0.66796875,0,Qwen3-VL-8B-Instruct-RLAIF-VL
cardiomegaly,cardiomegaly,0.734375,0,Qwen3-VL-8B-Instruct-RLAIF-VL
cardiomegaly,cardiomegaly,0.73046875,0,Qwen3-VL-8B-Instruct-RLAIF-VL
cardiomegaly,cardiomegaly,0.9453125,0,Qwen3-VL-8B-Instruct-RLAIF-VL
cardiomegaly,cardiomegaly,0.1318359375,0,Qwen3-VL-8B-Instruct-RLAIF-VL
normal,normal,0.0177001953125,0,Qwen3-VL-8B-Instruct-RLAIF-VL
pulmonary nodule,calcified granuloma,0.09423828125,0,Qwen3-VL-8B-Instruct-RLAIF-VL
pulmonary nodule,calcified granuloma,0.5390625,0,Qwen3-VL-8B-Instruct-RLAIF-VL
pulmonary nodule,calcified granuloma,0.79296875,1,Qwen3-VL-8B-Instruct-RLAIF-VL
pulmonary nodule,calcified granuloma,1.0,1,Qwen3-VL-8B-Instruct-RLAIF-VL
pulmonary nodule,calcified granuloma,0.9296875,1,Qwen3-VL-8B-Instruct-RLAIF-VL
arthritis,arthritis,0.3203125,0,Qwen3-VL-8B-Instruct-RLAIF-VL
arthritis,arthritis,0.984375,1,Qwen3-VL-8B-Instruct-RLAIF-VL
normal,normal,0.0177001953125,0,Qwen3-VL-8B-Instruct-RLAIF-VL
normal,normal,0.0177001953125,0,Qwen3-VL-8B-Instruct-RLAIF-VL
normal,normal,0.0177001953125,0,Qwen3-VL-8B-Instruct-RLAIF-VL
normal,normal,0.0177001953125,0,Qwen3-VL-8B-Instruct-RLAIF-VL
normal,normal,0.0177001953125,0,Qwen3-VL-8B-Instruct-RLAIF-VL
normal,normal,0.0177001953125,0,Qwen3-VL-8B-Instruct-RLAIF-VL
"pulmonary disease, chronic obstruct",chest pain,1.0,0,Qwen3-VL-8B-Instruct-RLAIF-VL
"pulmonary disease, chronic obstruct",chest pain,0.1396484375,0,Qwen3-VL-8B-Instruct-RLAIF-VL
granuloma,scoliosis,0.2373046875,0,Qwen3-VL-8B-Instruct-RLAIF-VL
granuloma,scoliosis,0.055419921875,0,Qwen3-VL-8B-Instruct-RLAIF-VL
granuloma,scoliosis,0.1484375,0,Qwen3-VL-8B-Instruct-RLAIF-VL
normal,normal,0.0177001953125,0,Qwen3-VL-8B-Instruct-RLAIF-VL
cardiomegaly,cardiomegaly,0.66796875,0,Qwen3-VL-8B-Instruct-RLAIF-VL
cardiomegaly,cardiomegaly,0.734375,0,Qwen3-VL-8B-Instruct-RLAIF-VL
cardiomegaly,cardiomegaly,0.73046875,0,Qwen3-VL-8B-Instruct-RLAIF-VL
cardiomegaly,cardiomegaly,0.9453125,0,Qwen3-VL-8B-Instruct-RLAIF-VL
cardiomegaly,cardiomegaly,0.1318359375,0,Qwen3-VL-8B-Instruct-RLAIF-VL
normal,normal,0.0177001953125,0,Qwen3-VL-8B-Instruct-RLAIF-VL
normal,normal,0.0177001953125,0,Qwen3-VL-8B-Instruct-RLAIF-VL
pulmonary atelectasis,pulmonary atelectasis,0.1806640625,0,Qwen3-VL-8B-Instruct-RLAIF-VL
pulmonary atelectasis,pulmonary atelectasis,0.9375,1,Qwen3-VL-8B-Instruct-RLAIF-VL
pulmonary atelectasis,pulmonary atelectasis,0.9921875,1,Qwen3-VL-8B-Instruct-RLAIF-VL
pulmonary atelectasis,pulmonary atelectasis,0.88671875,1,Qwen3-VL-8B-Instruct-RLAIF-VL
pulmonary atelectasis,pulmonary atelectasis,1.0,1,Qwen3-VL-8B-Instruct-RLAIF-VL
pulmonary atelectasis,pulmonary atelectasis,0.9375,1,Qwen3-VL-8B-Instruct-RLAIF-VL
surgical procedure,cicatrix,0.1171875,0,Qwen3-VL-8B-Instruct-RLAIF-VL
surgical procedure,cicatrix,0.1923828125,0,Qwen3-VL-8B-Instruct-RLAIF-VL
surgical procedure,cicatrix,0.050048828125,0,Qwen3-VL-8B-Instruct-RLAIF-VL
normal,normal,0.0177001953125,0,Qwen3-VL-8B-Instruct-RLAIF-VL
atelectasis,pulmonary opacity,0.2578125,0,Qwen3-VL-8B-Instruct-RLAIF-VL
atelectasis,pulmonary opacity,0.283203125,0,Qwen3-VL-8B-Instruct-RLAIF-VL
atelectasis,pulmonary opacity,0.8984375,1,Qwen3-VL-8B-Instruct-RLAIF-VL
atelectasis,pulmonary opacity,0.09912109375,0,Qwen3-VL-8B-Instruct-RLAIF-VL
cardiomegaly,cardiomegaly,0.66796875,0,Qwen3-VL-8B-Instruct-RLAIF-VL
cardiomegaly,cardiomegaly,0.734375,0,Qwen3-VL-8B-Instruct-RLAIF-VL
cardiomegaly,cardiomegaly,0.73046875,0,Qwen3-VL-8B-Instruct-RLAIF-VL
cardiomegaly,cardiomegaly,0.9453125,0,Qwen3-VL-8B-Instruct-RLAIF-VL
cardiomegaly,cardiomegaly,0.1318359375,0,Qwen3-VL-8B-Instruct-RLAIF-VL
pulmonary nodule,airspace disease,0.09423828125,0,Qwen3-VL-8B-Instruct-RLAIF-VL
pulmonary nodule,airspace disease,0.9140625,1,Qwen3-VL-8B-Instruct-RLAIF-VL
pulmonary nodule,airspace disease,0.478515625,0,Qwen3-VL-8B-Instruct-RLAIF-VL
pulmonary atelectasis,pulmonary atelectasis,0.1806640625,0,Qwen3-VL-8B-Instruct-RLAIF-VL
pulmonary atelectasis,pulmonary atelectasis,0.9375,1,Qwen3-VL-8B-Instruct-RLAIF-VL
pulmonary atelectasis,pulmonary atelectasis,0.9921875,1,Qwen3-VL-8B-Instruct-RLAIF-VL
pulmonary atelectasis,pulmonary atelectasis,0.88671875,1,Qwen3-VL-8B-Instruct-RLAIF-VL
pulmonary atelectasis,pulmonary atelectasis,1.0,1,Qwen3-VL-8B-Instruct-RLAIF-VL
pulmonary atelectasis,pulmonary atelectasis,0.9375,1,Qwen3-VL-8B-Instruct-RLAIF-VL
normal,normal,0.0177001953125,0,Qwen3-VL-8B-Instruct-RLAIF-VL
cardiomegaly,cardiomegaly,0.66796875,0,Qwen3-VL-8B-Instruct-RLAIF-VL
cardiomegaly,cardiomegaly,0.734375,0,Qwen3-VL-8B-Instruct-RLAIF-VL
cardiomegaly,cardiomegaly,0.73046875,0,Qwen3-VL-8B-Instruct-RLAIF-VL
cardiomegaly,cardiomegaly,0.9453125,0,Qwen3-VL-8B-Instruct-RLAIF-VL
cardiomegaly,cardiomegaly,0.1318359375,0,Qwen3-VL-8B-Instruct-RLAIF-VL
scoliosis,kyphosis,1.0,0,Qwen3-VL-8B-Instruct-RLAIF-VL
scoliosis,kyphosis,0.09912109375,0,Qwen3-VL-8B-Instruct-RLAIF-VL
scoliosis,kyphosis,0.42578125,0,Qwen3-VL-8B-Instruct-RLAIF-VL
pulmonary atelectasis,pulmonary atelectasis,0.1806640625,0,Qwen3-VL-8B-Instruct-RLAIF-VL
pulmonary atelectasis,pulmonary atelectasis,0.9375,1,Qwen3-VL-8B-Instruct-RLAIF-VL
pulmonary atelectasis,pulmonary atelectasis,0.9921875,1,Qwen3-VL-8B-Instruct-RLAIF-VL
pulmonary atelectasis,pulmonary atelectasis,0.88671875,1,Qwen3-VL-8B-Instruct-RLAIF-VL
pulmonary atelectasis,pulmonary atelectasis,1.0,1,Qwen3-VL-8B-Instruct-RLAIF-VL
pulmonary atelectasis,pulmonary atelectasis,0.9375,1,Qwen3-VL-8B-Instruct-RLAIF-VL
normal,normal,0.0177001953125,0,Qwen3-VL-8B-Instruct-RLAIF-VL
pulmonary atelectasis,pneumonia,0.1796875,0,Qwen3-VL-8B-Instruct-RLAIF-VL
pulmonary atelectasis,pneumonia,0.93359375,0,Qwen3-VL-8B-Instruct-RLAIF-VL
pulmonary atelectasis,pneumonia,0.98828125,1,Qwen3-VL-8B-Instruct-RLAIF-VL
pulmonary atelectasis,pneumonia,0.65234375,1,Qwen3-VL-8B-Instruct-RLAIF-VL
pulmonary nodule,pulmonary nodule,0.09423828125,0,Qwen3-VL-8B-Instruct-RLAIF-VL
pulmonary nodule,pulmonary nodule,0.90625,1,Qwen3-VL-8B-Instruct-RLAIF-VL
pulmonary nodule,pulmonary nodule,0.9921875,1,Qwen3-VL-8B-Instruct-RLAIF-VL
pulmonary nodule,pulmonary nodule,0.60546875,1,Qwen3-VL-8B-Instruct-RLAIF-VL
pulmonary nodule,pulmonary nodule,1.0,1,Qwen3-VL-8B-Instruct-RLAIF-VL
normal,normal,0.0177001953125,0,Qwen3-VL-8B-Instruct-RLAIF-VL
pulmonary atelectasis,pulmonary atelectasis,0.1806640625,0,Qwen3-VL-8B-Instruct-RLAIF-VL
pulmonary atelectasis,pulmonary atelectasis,0.9375,1,Qwen3-VL-8B-Instruct-RLAIF-VL
pulmonary atelectasis,pulmonary atelectasis,0.9921875,1,Qwen3-VL-8B-Instruct-RLAIF-VL
pulmonary atelectasis,pulmonary atelectasis,0.88671875,1,Qwen3-VL-8B-Instruct-RLAIF-VL
pulmonary atelectasis,pulmonary atelectasis,1.0,1,Qwen3-VL-8B-Instruct-RLAIF-VL
pulmonary atelectasis,pulmonary atelectasis,0.9375,1,Qwen3-VL-8B-Instruct-RLAIF-VL
atherosclerosis,atherosclerosis,0.2294921875,0,Qwen3-VL-8B-Instruct-RLAIF-VL
atherosclerosis,atherosclerosis,0.8828125,1,Qwen3-VL-8B-Instruct-RLAIF-VL
atherosclerosis,atherosclerosis,0.7890625,1,Qwen3-VL-8B-Instruct-RLAIF-VL
degenerative change,sclerosis,0.251953125,0,Qwen3-VL-8B-Instruct-RLAIF-VL
degenerative change,sclerosis,0.205078125,0,Qwen3-VL-8B-Instruct-RLAIF-VL
pulmonary nodule pul,pneumothorax,0.365234375,0,Qwen3-VL-8B-Instruct-RLAIF-VL
pulmonary nodule pul,pneumothorax,0.30078125,0,Qwen3-VL-8B-Instruct-RLAIF-VL
pulmonary nodule pul,pneumothorax,0.83203125,0,Qwen3-VL-8B-Instruct-RLAIF-VL
pulmonary nodule pul,pneumothorax,0.9921875,0,Qwen3-VL-8B-Instruct-RLAIF-VL
pulmonary nodule pul,pneumothorax,0.99609375,0,Qwen3-VL-8B-Instruct-RLAIF-VL
pulmonary nodule pul,pneumothorax,0.126953125,0,Qwen3-VL-8B-Instruct-RLAIF-VL
normal,normal,0.0177001953125,0,Qwen3-VL-8B-Instruct-RLAIF-VL
pulmonary hyperdistention,emphysema,0.2119140625,0,Qwen3-VL-8B-Instruct-RLAIF-VL
pulmonary hyperdistention,emphysema,0.490234375,1,Qwen3-VL-8B-Instruct-RLAIF-VL
pulmonary hyperdistention,emphysema,0.90234375,1,Qwen3-VL-8B-Instruct-RLAIF-VL
pulmonary hyperdistention,emphysema,0.95703125,1,Qwen3-VL-8B-Instruct-RLAIF-VL
lung hypoinflation,lung hypoinflation in lung,0.142578125,0,Qwen3-VL-8B-Instruct-RLAIF-VL
lung hypoinflation,lung hypoinflation in lung,0.375,1,Qwen3-VL-8B-Instruct-RLAIF-VL
lung hypoinflation,lung hypoinflation in lung,0.96875,1,Qwen3-VL-8B-Instruct-RLAIF-VL
lung hypoinflation,lung hypoinflation in lung,1.0,1,Qwen3-VL-8B-Instruct-RLAIF-VL
lung hypoinflation,lung hypoinflation in lung,0.1787109375,0,Qwen3-VL-8B-Instruct-RLAIF-VL
lung hypoinflation,lung hypoinflation in lung,0.181640625,0,Qwen3-VL-8B-Instruct-RLAIF-VL
normal,normal,0.0177001953125,0,Qwen3-VL-8B-Instruct-RLAIF-VL
normal,normal,0.0177001953125,0,Qwen3-VL-8B-Instruct-RLAIF-VL
pulmonary atelectasis,lung hypoinflation in lung,0.1806640625,0,Qwen3-VL-8B-Instruct-RLAIF-VL
pulmonary atelectasis,lung hypoinflation in lung,0.1416015625,0,Qwen3-VL-8B-Instruct-RLAIF-VL
pulmonary atelectasis,lung hypoinflation in lung,0.96484375,1,Qwen3-VL-8B-Instruct-RLAIF-VL
pulmonary atelectasis,lung hypoinflation in lung,0.92578125,1,Qwen3-VL-8B-Instruct-RLAIF-VL
pulmonary atelectasis,lung hypoinflation in lung,0.20703125,0,Qwen3-VL-8B-Instruct-RLAIF-VL
pulmonary atelectasis,lung hypoinflation in lung,0.2060546875,0,Qwen3-VL-8B-Instruct-RLAIF-VL
fracture,"fractures, bone",0.06396484375,0,Qwen3-VL-8B-Instruct-RLAIF-VL
fracture,"fractures, bone",0.98046875,1,Qwen3-VL-8B-Instruct-RLAIF-VL
fracture,"fractures, bone",0.98046875,0,Qwen3-VL-8B-Instruct-RLAIF-VL
fracture,"fractures, bone",0.08349609375,1,Qwen3-VL-8B-Instruct-RLAIF-VL
fracture,"fractures, bone",0.049560546875,0,Qwen3-VL-8B-Instruct-RLAIF-VL
normal,normal,0.0177001953125,0,Qwen3-VL-8B-Instruct-RLAIF-VL
cardiomegaly,pulmonary congestion,0.25390625,0,Qwen3-VL-8B-Instruct-RLAIF-VL
cardiomegaly,pulmonary congestion,0.95703125,0,Qwen3-VL-8B-Instruct-RLAIF-VL
cardiomegaly,pulmonary congestion,0.16015625,0,Qwen3-VL-8B-Instruct-RLAIF-VL
cardiomegaly,pulmonary congestion,0.130859375,0,Qwen3-VL-8B-Instruct-RLAIF-VL
normal,normal,0.0177001953125,0,Qwen3-VL-8B-Instruct-RLAIF-VL
degenerative change in spine,degenerative change in spine,0.5078125,0,Qwen3-VL-8B-Instruct-RLAIF-VL
degenerative change in spine,degenerative change in spine,0.0654296875,0,Qwen3-VL-8B-Instruct-RLAIF-VL
degenerative change in spine,degenerative change in spine,0.828125,0,Qwen3-VL-8B-Instruct-RLAIF-VL
degenerative change in spine,degenerative change in spine,0.431640625,1,Qwen3-VL-8B-Instruct-RLAIF-VL
degenerative change in spine,degenerative change in spine,0.91015625,1,Qwen3-VL-8B-Instruct-RLAIF-VL
degenerative change in spine,degenerative change in spine,0.470703125,0,Qwen3-VL-8B-Instruct-RLAIF-VL
pulmonary scar,cicatrix,0.37890625,0,Qwen3-VL-8B-Instruct-RLAIF-VL
pulmonary scar,cicatrix,0.080078125,0,Qwen3-VL-8B-Instruct-RLAIF-VL
pulmonary scar,cicatrix,0.1337890625,0,Qwen3-VL-8B-Instruct-RLAIF-VL
normal,normal,0.0177001953125,0,Qwen3-VL-8B-Instruct-RLAIF-VL
normal,normal,0.0177001953125,0,Qwen3-VL-8B-Instruct-RLAIF-VL
scarring,cicatrix,0.15625,0,Qwen3-VL-8B-Instruct-RLAIF-VL
scarring,cicatrix,0.4140625,0,Qwen3-VL-8B-Instruct-RLAIF-VL
scarring,cicatrix,0.0859375,0,Qwen3-VL-8B-Instruct-RLAIF-VL
cicatrix,emphysema,0.220703125,0,Qwen3-VL-8B-Instruct-RLAIF-VL
cicatrix,emphysema,0.06298828125,0,Qwen3-VL-8B-Instruct-RLAIF-VL
cicatrix,emphysema,0.81640625,0,Qwen3-VL-8B-Instruct-RLAIF-VL
cicatrix,emphysema,0.98828125,1,Qwen3-VL-8B-Instruct-RLAIF-VL
pulmonary edema,cardiomegaly,0.130859375,0,Qwen3-VL-8B-Instruct-RLAIF-VL
pulmonary edema,cardiomegaly,0.0517578125,0,Qwen3-VL-8B-Instruct-RLAIF-VL
pulmonary edema,cardiomegaly,0.34765625,1,Qwen3-VL-8B-Instruct-RLAIF-VL
pulmonary edema,cardiomegaly,0.96484375,1,Qwen3-VL-8B-Instruct-RLAIF-VL
pulmonary edema,cardiomegaly,0.984375,1,Qwen3-VL-8B-Instruct-RLAIF-VL
normal,normal,0.0177001953125,0,Qwen3-VL-8B-Instruct-RLAIF-VL
foreign bodies,inserted tube,0.1611328125,0,Qwen3-VL-8B-Instruct-RLAIF-VL
foreign bodies,inserted tube,0.71875,1,Qwen3-VL-8B-Instruct-RLAIF-VL
foreign bodies,inserted tube,0.51953125,0,Qwen3-VL-8B-Instruct-RLAIF-VL
degenerative change in spine,indwelling catheter,0.177734375,0,Qwen3-VL-8B-Instruct-RLAIF-VL
degenerative change in spine,indwelling catheter,0.162109375,0,Qwen3-VL-8B-Instruct-RLAIF-VL
degenerative change in spine,indwelling catheter,0.98828125,1,Qwen3-VL-8B-Instruct-RLAIF-VL
degenerative change in spine,indwelling catheter,0.205078125,0,Qwen3-VL-8B-Instruct-RLAIF-VL
degenerative change in spine,indwelling catheter,0.71484375,1,Qwen3-VL-8B-Instruct-RLAIF-VL
normal,normal,0.0177001953125,0,Qwen3-VL-8B-Instruct-RLAIF-VL
normal,normal,0.0177001953125,0,Qwen3-VL-8B-Instruct-RLAIF-VL
osteophyte,cicatrix,0.828125,0,Qwen3-VL-8B-Instruct-RLAIF-VL
osteophyte,cicatrix,0.142578125,0,Qwen3-VL-8B-Instruct-RLAIF-VL
osteophyte,cicatrix,0.07421875,0,Qwen3-VL-8B-Instruct-RLAIF-VL
"fractures, bone fragments","fractures, bone",0.91015625,0,Qwen3-VL-8B-Instruct-RLAIF-VL
"fractures, bone fragments","fractures, bone",0.99609375,1,Qwen3-VL-8B-Instruct-RLAIF-VL
"fractures, bone fragments","fractures, bone",0.921875,1,Qwen3-VL-8B-Instruct-RLAIF-VL
"fractures, bone fragments","fractures, bone",0.79296875,1,Qwen3-VL-8B-Instruct-RLAIF-VL
"fractures, bone fragments","fractures, bone",0.703125,1,Qwen3-VL-8B-Instruct-RLAIF-VL
normal,normal,0.0177001953125,0,Qwen3-VL-8B-Instruct-RLAIF-VL
pulmonary atelectasis,pulmonary atelectasis,0.1806640625,0,Qwen3-VL-8B-Instruct-RLAIF-VL
pulmonary atelectasis,pulmonary atelectasis,0.9375,1,Qwen3-VL-8B-Instruct-RLAIF-VL
pulmonary atelectasis,pulmonary atelectasis,0.9921875,1,Qwen3-VL-8B-Instruct-RLAIF-VL
pulmonary atelectasis,pulmonary atelectasis,0.88671875,1,Qwen3-VL-8B-Instruct-RLAIF-VL
pulmonary atelectasis,pulmonary atelectasis,1.0,1,Qwen3-VL-8B-Instruct-RLAIF-VL
pulmonary atelectasis,pulmonary atelectasis,0.9375,1,Qwen3-VL-8B-Instruct-RLAIF-VL
normal,normal,0.0177001953125,0,Qwen3-VL-8B-Instruct-RLAIF-VL
degenerative change,degenerative change in thoracic vertebrae,0.2021484375,0,Qwen3-VL-8B-Instruct-RLAIF-VL
degenerative change,degenerative change in thoracic vertebrae,0.62109375,0,Qwen3-VL-8B-Instruct-RLAIF-VL
degenerative change,degenerative change in thoracic vertebrae,0.58984375,0,Qwen3-VL-8B-Instruct-RLAIF-VL
degenerative change,degenerative change in thoracic vertebrae,0.26953125,0,Qwen3-VL-8B-Instruct-RLAIF-VL
degenerative change,degenerative change in thoracic vertebrae,0.62109375,0,Qwen3-VL-8B-Instruct-RLAIF-VL
degenerative change,degenerative change in thoracic vertebrae,0.88671875,0,Qwen3-VL-8B-Instruct-RLAIF-VL
degenerative change,degenerative change in thoracic vertebrae,0.8125,0,Qwen3-VL-8B-Instruct-RLAIF-VL
degenerative change,degenerative change in thoracic vertebrae,0.90234375,0,Qwen3-VL-8B-Instruct-RLAIF-VL
degenerative change,degenerative change in thoracic vertebrae,0.8046875,0,Qwen3-VL-8B-Instruct-RLAIF-VL
degenerative change,degenerative change in thoracic vertebrae,0.27734375,0,Qwen3-VL-8B-Instruct-RLAIF-VL
cardiomegaly,calcified granuloma,0.66796875,0,Qwen3-VL-8B-Instruct-RLAIF-VL
cardiomegaly,calcified granuloma,0.3203125,1,Qwen3-VL-8B-Instruct-RLAIF-VL
cardiomegaly,calcified granuloma,0.59375,1,Qwen3-VL-8B-Instruct-RLAIF-VL
cardiomegaly,calcified granuloma,0.98046875,1,Qwen3-VL-8B-Instruct-RLAIF-VL
cardiomegaly,calcified granuloma,0.55859375,1,Qwen3-VL-8B-Instruct-RLAIF-VL
normal,normal,0.0177001953125,0,Qwen3-VL-8B-Instruct-RLAIF-VL
normal,normal,0.0177001953125,0,Qwen3-VL-8B-Instruct-RLAIF-VL
normal,normal,0.0177001953125,0,Qwen3-VL-8B-Instruct-RLAIF-VL
pulmonary atelectasis,pulmonary atelectasis,0.1806640625,0,Qwen3-VL-8B-Instruct-RLAIF-VL
pulmonary atelectasis,pulmonary atelectasis,0.9375,1,Qwen3-VL-8B-Instruct-RLAIF-VL
pulmonary atelectasis,pulmonary atelectasis,0.9921875,1,Qwen3-VL-8B-Instruct-RLAIF-VL
pulmonary atelectasis,pulmonary atelectasis,0.88671875,1,Qwen3-VL-8B-Instruct-RLAIF-VL
pulmonary atelectasis,pulmonary atelectasis,1.0,1,Qwen3-VL-8B-Instruct-RLAIF-VL
pulmonary atelectasis,pulmonary atelectasis,0.9375,1,Qwen3-VL-8B-Instruct-RLAIF-VL
pleural effusion,pneumothorax,0.2412109375,0,Qwen3-VL-8B-Instruct-RLAIF-VL
pleural effusion,pneumothorax,0.2421875,0,Qwen3-VL-8B-Instruct-RLAIF-VL
pleural effusion,pneumothorax,0.99609375,1,Qwen3-VL-8B-Instruct-RLAIF-VL
pleural effusion,pneumothorax,0.86328125,1,Qwen3-VL-8B-Instruct-RLAIF-VL
pleural effusion,pneumothorax,1.0,1,Qwen3-VL-8B-Instruct-RLAIF-VL
pleural effusion,pneumothorax,1.0,1,Qwen3-VL-8B-Instruct-RLAIF-VL
normal,normal,0.0177001953125,0,Qwen3-VL-8B-Instruct-RLAIF-VL
cardiomegaly,normal,0.0693359375,0,Qwen3-VL-8B-Instruct-RLAIF-VL
normal,normal,0.0177001953125,0,Qwen3-VL-8B-Instruct-RLAIF-VL
normal,normal,0.0177001953125,0,Qwen3-VL-8B-Instruct-RLAIF-VL
osteophyte,osteophyte,0.09814453125,0,Qwen3-VL-8B-Instruct-RLAIF-VL
osteophyte,osteophyte,0.6953125,1,Qwen3-VL-8B-Instruct-RLAIF-VL
osteophyte,osteophyte,0.98046875,1,Qwen3-VL-8B-Instruct-RLAIF-VL
pulmonary edema,pulmonary edema,0.267578125,0,Qwen3-VL-8B-Instruct-RLAIF-VL
pulmonary edema,pulmonary edema,0.99609375,0,Qwen3-VL-8B-Instruct-RLAIF-VL
pulmonary edema,pulmonary edema,0.9453125,0,Qwen3-VL-8B-Instruct-RLAIF-VL
pulmonary edema,pulmonary edema,0.9140625,0,Qwen3-VL-8B-Instruct-RLAIF-VL
pulmonary edema,pulmonary edema,0.2099609375,0,Qwen3-VL-8B-Instruct-RLAIF-VL
normal,normal,0.0177001953125,0,Qwen3-VL-8B-Instruct-RLAIF-VL
normal,normal,0.0177001953125,0,Qwen3-VL-8B-Instruct-RLAIF-VL
atherosclerosis,atherosclerosis,0.2294921875,0,Qwen3-VL-8B-Instruct-RLAIF-VL
atherosclerosis,atherosclerosis,0.8828125,1,Qwen3-VL-8B-Instruct-RLAIF-VL
atherosclerosis,atherosclerosis,0.7890625,1,Qwen3-VL-8B-Instruct-RLAIF-VL
calcified granuloma,calcified granuloma,0.89453125,0,Qwen3-VL-8B-Instruct-RLAIF-VL
calcified granuloma,calcified granuloma,0.19921875,0,Qwen3-VL-8B-Instruct-RLAIF-VL
calcified granuloma,calcified granuloma,0.3984375,0,Qwen3-VL-8B-Instruct-RLAIF-VL
calcified granuloma,calcified granuloma,0.353515625,0,Qwen3-VL-8B-Instruct-RLAIF-VL
calcified granuloma,calcified granuloma,1.0,0,Qwen3-VL-8B-Instruct-RLAIF-VL
normal,normal,0.0177001953125,0,Qwen3-VL-8B-Instruct-RLAIF-VL
normal,normal,0.0177001953125,0,Qwen3-VL-8B-Instruct-RLAIF-VL
normal,normal,0.0177001953125,0,Qwen3-VL-8B-Instruct-RLAIF-VL
arthritis,arthritis,0.3203125,0,Qwen3-VL-8B-Instruct-RLAIF-VL
arthritis,arthritis,0.984375,1,Qwen3-VL-8B-Instruct-RLAIF-VL
calcinosis,round opacity in density,0.306640625,0,Qwen3-VL-8B-Instruct-RLAIF-VL
calcinosis,round opacity in density,0.12451171875,0,Qwen3-VL-8B-Instruct-RLAIF-VL
calcinosis,round opacity in density,0.255859375,1,Qwen3-VL-8B-Instruct-RLAIF-VL
calcinosis,round opacity in density,0.2490234375,0,Qwen3-VL-8B-Instruct-RLAIF-VL
pulmonary interstitial disease,cardiomegaly,0.1484375,0,Qwen3-VL-8B-Instruct-RLAIF-VL
pulmonary interstitial disease,cardiomegaly,0.73828125,1,Qwen3-VL-8B-Instruct-RLAIF-VL
pulmonary interstitial disease,cardiomegaly,0.376953125,0,Qwen3-VL-8B-Instruct-RLAIF-VL
pulmonary interstitial disease,cardiomegaly,1.0,1,Qwen3-VL-8B-Instruct-RLAIF-VL
pulmonary interstitial disease,cardiomegaly,0.99609375,1,Qwen3-VL-8B-Instruct-RLAIF-VL
normal,normal,0.0177001953125,0,Qwen3-VL-8B-Instruct-RLAIF-VL
normal,normal,0.0177001953125,0,Qwen3-VL-8B-Instruct-RLAIF-VL
cardiomegaly,cardiomegaly,0.66796875,0,Qwen3-VL-8B-Instruct-RLAIF-VL
cardiomegaly,cardiomegaly,0.734375,0,Qwen3-VL-8B-Instruct-RLAIF-VL
cardiomegaly,cardiomegaly,0.73046875,0,Qwen3-VL-8B-Instruct-RLAIF-VL
cardiomegaly,cardiomegaly,0.9453125,0,Qwen3-VL-8B-Instruct-RLAIF-VL
cardiomegaly,cardiomegaly,0.1318359375,0,Qwen3-VL-8B-Instruct-RLAIF-VL
normal,normal,0.0177001953125,0,Qwen3-VL-8B-Instruct-RLAIF-VL
atherosclerosis,atherosclerosis,0.2294921875,0,Qwen3-VL-8B-Instruct-RLAIF-VL
atherosclerosis,atherosclerosis,0.8828125,1,Qwen3-VL-8B-Instruct-RLAIF-VL
atherosclerosis,atherosclerosis,0.7890625,1,Qwen3-VL-8B-Instruct-RLAIF-VL
normal,normal,0.0177001953125,0,Qwen3-VL-8B-Instruct-RLAIF-VL
normal,normal,0.0177001953125,0,Qwen3-VL-8B-Instruct-RLAIF-VL
calcinosis,small opacity in calcified granuloma,0.18359375,0,Qwen3-VL-8B-Instruct-RLAIF-VL
calcinosis,small opacity in calcified granuloma,0.060302734375,0,Qwen3-VL-8B-Instruct-RLAIF-VL
calcinosis,small opacity in calcified granuloma,0.201171875,1,Qwen3-VL-8B-Instruct-RLAIF-VL
calcinosis,small opacity in calcified granuloma,0.265625,0,Qwen3-VL-8B-Instruct-RLAIF-VL
calcinosis,small opacity in calcified granuloma,0.98828125,1,Qwen3-VL-8B-Instruct-RLAIF-VL
calcinosis,small opacity in calcified granuloma,0.63671875,1,Qwen3-VL-8B-Instruct-RLAIF-VL
calcinosis,small opacity in calcified granuloma,0.99609375,1,Qwen3-VL-8B-Instruct-RLAIF-VL
calcinosis,small opacity in calcified granuloma,0.9296875,1,Qwen3-VL-8B-Instruct-RLAIF-VL
calcinosis,emphysema,0.306640625,0,Qwen3-VL-8B-Instruct-RLAIF-VL
calcinosis,emphysema,0.16796875,0,Qwen3-VL-8B-Instruct-RLAIF-VL
calcinosis,emphysema,0.67578125,1,Qwen3-VL-8B-Instruct-RLAIF-VL
calcinosis,emphysema,0.9296875,1,Qwen3-VL-8B-Instruct-RLAIF-VL
"fractures, bone",pulmonary atelectasis,0.39453125,0,Qwen3-VL-8B-Instruct-RLAIF-VL
"fractures, bone",pulmonary atelectasis,0.1630859375,0,Qwen3-VL-8B-Instruct-RLAIF-VL
"fractures, bone",pulmonary atelectasis,0.1015625,0,Qwen3-VL-8B-Instruct-RLAIF-VL
"fractures, bone",pulmonary atelectasis,0.20703125,0,Qwen3-VL-8B-Instruct-RLAIF-VL
"fractures, bone",pulmonary atelectasis,0.98828125,1,Qwen3-VL-8B-Instruct-RLAIF-VL
"fractures, bone",pulmonary atelectasis,0.99609375,1,Qwen3-VL-8B-Instruct-RLAIF-VL
normal,normal,0.0177001953125,0,Qwen3-VL-8B-Instruct-RLAIF-VL
normal,normal,0.0177001953125,0,Qwen3-VL-8B-Instruct-RLAIF-VL
scarring,cicatrix,0.15625,0,Qwen3-VL-8B-Instruct-RLAIF-VL
scarring,cicatrix,0.4140625,0,Qwen3-VL-8B-Instruct-RLAIF-VL
scarring,cicatrix,0.0859375,0,Qwen3-VL-8B-Instruct-RLAIF-VL
normal,normal,0.0177001953125,0,Qwen3-VL-8B-Instruct-RLAIF-VL
scoliosis,scoliosis,1.0,0,Qwen3-VL-8B-Instruct-RLAIF-VL
scoliosis,scoliosis,0.2421875,0,Qwen3-VL-8B-Instruct-RLAIF-VL
scoliosis,scoliosis,0.4140625,1,Qwen3-VL-8B-Instruct-RLAIF-VL
normal,normal,0.0177001953125,0,Qwen3-VL-8B-Instruct-RLAIF-VL
emphysema,bronchitis,0.2734375,0,Qwen3-VL-8B-Instruct-RLAIF-VL
emphysema,bronchitis,0.71484375,1,Qwen3-VL-8B-Instruct-RLAIF-VL
emphysema,bronchitis,0.9140625,0,Qwen3-VL-8B-Instruct-RLAIF-VL
elevated diaphragm,pulmonary atelectasis,0.2578125,0,Qwen3-VL-8B-Instruct-RLAIF-VL
elevated diaphragm,pulmonary atelectasis,0.9609375,0,Qwen3-VL-8B-Instruct-RLAIF-VL
elevated diaphragm,pulmonary atelectasis,0.054443359375,0,Qwen3-VL-8B-Instruct-RLAIF-VL
elevated diaphragm,pulmonary atelectasis,0.9921875,0,Qwen3-VL-8B-Instruct-RLAIF-VL
elevated diaphragm,pulmonary atelectasis,0.921875,0,Qwen3-VL-8B-Instruct-RLAIF-VL
elevated diaphragm,pulmonary atelectasis,0.1982421875,0,Qwen3-VL-8B-Instruct-RLAIF-VL
normal,normal,0.0177001953125,0,Qwen3-VL-8B-Instruct-RLAIF-VL
pulmonary nodule,bilateral abnormality in medical device,0.0986328125,0,Qwen3-VL-8B-Instruct-RLAIF-VL
pulmonary nodule,bilateral abnormality in medical device,0.09375,0,Qwen3-VL-8B-Instruct-RLAIF-VL
pulmonary nodule,bilateral abnormality in medical device,0.38671875,0,Qwen3-VL-8B-Instruct-RLAIF-VL
pulmonary nodule,bilateral abnormality in medical device,0.1357421875,0,Qwen3-VL-8B-Instruct-RLAIF-VL
pulmonary nodule,bilateral abnormality in medical device,0.134765625,0,Qwen3-VL-8B-Instruct-RLAIF-VL
pulmonary nodule,bilateral abnormality in medical device,0.78515625,0,Qwen3-VL-8B-Instruct-RLAIF-VL
pulmonary nodule,bilateral abnormality in medical device,0.3828125,0,Qwen3-VL-8B-Instruct-RLAIF-VL
normal,normal,0.0177001953125,0,Qwen3-VL-8B-Instruct-RLAIF-VL
cardiomegaly,normal,0.0693359375,0,Qwen3-VL-8B-Instruct-RLAIF-VL
pulmonary atelectasis,pulmonary atelectasis,0.1806640625,0,Qwen3-VL-8B-Instruct-RLAIF-VL
pulmonary atelectasis,pulmonary atelectasis,0.9375,1,Qwen3-VL-8B-Instruct-RLAIF-VL
pulmonary atelectasis,pulmonary atelectasis,0.9921875,1,Qwen3-VL-8B-Instruct-RLAIF-VL
pulmonary atelectasis,pulmonary atelectasis,0.88671875,1,Qwen3-VL-8B-Instruct-RLAIF-VL
pulmonary atelectasis,pulmonary atelectasis,1.0,1,Qwen3-VL-8B-Instruct-RLAIF-VL
pulmonary atelectasis,pulmonary atelectasis,0.9375,1,Qwen3-VL-8B-Instruct-RLAIF-VL
normal,normal,0.0177001953125,0,Qwen3-VL-8B-Instruct-RLAIF-VL
normal,normal,0.0177001953125,0,Qwen3-VL-8B-Instruct-RLAIF-VL
normal,normal,0.0177001953125,0,Qwen3-VL-8B-Instruct-RLAIF-VL
granuloma,calcified granuloma,0.46484375,0,Qwen3-VL-8B-Instruct-RLAIF-VL
granuloma,calcified granuloma,0.86328125,0,Qwen3-VL-8B-Instruct-RLAIF-VL
granuloma,calcified granuloma,0.2255859375,0,Qwen3-VL-8B-Instruct-RLAIF-VL
granuloma,calcified granuloma,0.1044921875,0,Qwen3-VL-8B-Instruct-RLAIF-VL
granuloma,calcified granuloma,0.80078125,0,Qwen3-VL-8B-Instruct-RLAIF-VL
normal,normal,0.0177001953125,0,Qwen3-VL-8B-Instruct-RLAIF-VL
osteophyte,osteophyte,0.09814453125,0,Qwen3-VL-8B-Instruct-RLAIF-VL
osteophyte,osteophyte,0.6953125,1,Qwen3-VL-8B-Instruct-RLAIF-VL
osteophyte,osteophyte,0.98046875,1,Qwen3-VL-8B-Instruct-RLAIF-VL
"fractures, bone",tortuous vessel in aorta,0.0810546875,0,Qwen3-VL-8B-Instruct-RLAIF-VL
"fractures, bone",tortuous vessel in aorta,0.07421875,0,Qwen3-VL-8B-Instruct-RLAIF-VL
"fractures, bone",tortuous vessel in aorta,0.90625,0,Qwen3-VL-8B-Instruct-RLAIF-VL
"fractures, bone",tortuous vessel in aorta,0.2197265625,0,Qwen3-VL-8B-Instruct-RLAIF-VL
"fractures, bone",tortuous vessel in aorta,0.53515625,0,Qwen3-VL-8B-Instruct-RLAIF-VL
"fractures, bone",tortuous vessel in aorta,0.25390625,0,Qwen3-VL-8B-Instruct-RLAIF-VL
"fractures, bone",tortuous vessel in aorta,0.7578125,1,Qwen3-VL-8B-Instruct-RLAIF-VL
blunted costophrenic angle,surgical instruments,0.1259765625,0,Qwen3-VL-8B-Instruct-RLAIF-VL
blunted costophrenic angle,surgical instruments,0.1181640625,0,Qwen3-VL-8B-Instruct-RLAIF-VL
blunted costophrenic angle,surgical instruments,0.0986328125,0,Qwen3-VL-8B-Instruct-RLAIF-VL
cardiomegaly,calcinosis,0.66796875,0,Qwen3-VL-8B-Instruct-RLAIF-VL
cardiomegaly,calcinosis,0.34765625,0,Qwen3-VL-8B-Instruct-RLAIF-VL
cardiomegaly,calcinosis,0.546875,1,Qwen3-VL-8B-Instruct-RLAIF-VL
fibrosis,cicatrix,0.6796875,0,Qwen3-VL-8B-Instruct-RLAIF-VL
fibrosis,cicatrix,0.0289306640625,0,Qwen3-VL-8B-Instruct-RLAIF-VL
fibrosis,cicatrix,0.11474609375,0,Qwen3-VL-8B-Instruct-RLAIF-VL
normal,normal,0.0177001953125,0,Qwen3-VL-8B-Instruct-RLAIF-VL
pulmonary atelectasis,pulmonary atelectasis,0.1806640625,0,Qwen3-VL-8B-Instruct-RLAIF-VL
pulmonary atelectasis,pulmonary atelectasis,0.9375,1,Qwen3-VL-8B-Instruct-RLAIF-VL
pulmonary atelectasis,pulmonary atelectasis,0.9921875,1,Qwen3-VL-8B-Instruct-RLAIF-VL
pulmonary atelectasis,pulmonary atelectasis,0.88671875,1,Qwen3-VL-8B-Instruct-RLAIF-VL
pulmonary atelectasis,pulmonary atelectasis,1.0,1,Qwen3-VL-8B-Instruct-RLAIF-VL
pulmonary atelectasis,pulmonary atelectasis,0.9375,1,Qwen3-VL-8B-Instruct-RLAIF-VL
normal,normal,0.0177001953125,0,Qwen3-VL-8B-Instruct-RLAIF-VL
normal,medical device in thorax,0.0177001953125,0,Qwen3-VL-8B-Instruct-RLAIF-VL
normal,medical device in thorax,0.038818359375,0,Qwen3-VL-8B-Instruct-RLAIF-VL
normal,medical device in thorax,0.04296875,0,Qwen3-VL-8B-Instruct-RLAIF-VL
normal,medical device in thorax,0.25,0,Qwen3-VL-8B-Instruct-RLAIF-VL
normal,medical device in thorax,0.435546875,0,Qwen3-VL-8B-Instruct-RLAIF-VL
normal,normal,0.0177001953125,0,Qwen3-VL-8B-Instruct-RLAIF-VL
normal,normal,0.0177001953125,0,Qwen3-VL-8B-Instruct-RLAIF-VL
surgical procedure,surgical instruments,0.2109375,0,Qwen3-VL-8B-Instruct-RLAIF-VL
surgical procedure,surgical instruments,0.50390625,0,Qwen3-VL-8B-Instruct-RLAIF-VL
surgical procedure,surgical instruments,0.1484375,0,Qwen3-VL-8B-Instruct-RLAIF-VL
pulmonary hypoinflation,lung hypoinflation in lung,0.1484375,0,Qwen3-VL-8B-Instruct-RLAIF-VL
pulmonary hypoinflation,lung hypoinflation in lung,0.107421875,0,Qwen3-VL-8B-Instruct-RLAIF-VL
pulmonary hypoinflation,lung hypoinflation in lung,0.5703125,1,Qwen3-VL-8B-Instruct-RLAIF-VL
pulmonary hypoinflation,lung hypoinflation in lung,0.9921875,1,Qwen3-VL-8B-Instruct-RLAIF-VL
pulmonary hypoinflation,lung hypoinflation in lung,0.1298828125,0,Qwen3-VL-8B-Instruct-RLAIF-VL
pulmonary hypoinflation,lung hypoinflation in lung,0.2265625,0,Qwen3-VL-8B-Instruct-RLAIF-VL
spine,spondylosis,0.18359375,0,Qwen3-VL-8B-Instruct-RLAIF-VL
spine,spondylosis,0.10205078125,0,Qwen3-VL-8B-Instruct-RLAIF-VL
spine,spondylosis,0.296875,0,Qwen3-VL-8B-Instruct-RLAIF-VL
spine,spondylosis,1.0,0,Qwen3-VL-8B-Instruct-RLAIF-VL
spine,spondylosis,0.17578125,0,Qwen3-VL-8B-Instruct-RLAIF-VL
calcified granuloma,osteophyte,0.1982421875,0,Qwen3-VL-8B-Instruct-RLAIF-VL
calcified granuloma,osteophyte,0.2373046875,0,Qwen3-VL-8B-Instruct-RLAIF-VL
calcified granuloma,osteophyte,0.9609375,1,Qwen3-VL-8B-Instruct-RLAIF-VL
normal,normal,0.0177001953125,0,Qwen3-VL-8B-Instruct-RLAIF-VL
cardiomegaly,cardiomegaly,0.66796875,0,Qwen3-VL-8B-Instruct-RLAIF-VL
cardiomegaly,cardiomegaly,0.734375,0,Qwen3-VL-8B-Instruct-RLAIF-VL
cardiomegaly,cardiomegaly,0.73046875,0,Qwen3-VL-8B-Instruct-RLAIF-VL
cardiomegaly,cardiomegaly,0.9453125,0,Qwen3-VL-8B-Instruct-RLAIF-VL
cardiomegaly,cardiomegaly,0.1318359375,0,Qwen3-VL-8B-Instruct-RLAIF-VL
calcified granuloma,calcified granuloma,0.89453125,0,Qwen3-VL-8B-Instruct-RLAIF-VL
calcified granuloma,calcified granuloma,0.19921875,0,Qwen3-VL-8B-Instruct-RLAIF-VL
calcified granuloma,calcified granuloma,0.3984375,0,Qwen3-VL-8B-Instruct-RLAIF-VL
calcified granuloma,calcified granuloma,0.353515625,0,Qwen3-VL-8B-Instruct-RLAIF-VL
calcified granuloma,calcified granuloma,1.0,0,Qwen3-VL-8B-Instruct-RLAIF-VL
cardiomegaly,cardiomegaly,0.66796875,0,Qwen3-VL-8B-Instruct-RLAIF-VL
cardiomegaly,cardiomegaly,0.734375,0,Qwen3-VL-8B-Instruct-RLAIF-VL
cardiomegaly,cardiomegaly,0.73046875,0,Qwen3-VL-8B-Instruct-RLAIF-VL
cardiomegaly,cardiomegaly,0.9453125,0,Qwen3-VL-8B-Instruct-RLAIF-VL
cardiomegaly,cardiomegaly,0.1318359375,0,Qwen3-VL-8B-Instruct-RLAIF-VL
normal,normal,0.0177001953125,0,Qwen3-VL-8B-Instruct-RLAIF-VL
pulmonary atelectasis,pulmonary atelectasis,0.1806640625,0,Qwen3-VL-8B-Instruct-RLAIF-VL
pulmonary atelectasis,pulmonary atelectasis,0.9375,1,Qwen3-VL-8B-Instruct-RLAIF-VL
pulmonary atelectasis,pulmonary atelectasis,0.9921875,1,Qwen3-VL-8B-Instruct-RLAIF-VL
pulmonary atelectasis,pulmonary atelectasis,0.88671875,1,Qwen3-VL-8B-Instruct-RLAIF-VL
pulmonary atelectasis,pulmonary atelectasis,1.0,1,Qwen3-VL-8B-Instruct-RLAIF-VL
pulmonary atelectasis,pulmonary atelectasis,0.9375,1,Qwen3-VL-8B-Instruct-RLAIF-VL
scarring,cicatrix,0.15625,0,Qwen3-VL-8B-Instruct-RLAIF-VL
scarring,cicatrix,0.4140625,0,Qwen3-VL-8B-Instruct-RLAIF-VL
scarring,cicatrix,0.0859375,0,Qwen3-VL-8B-Instruct-RLAIF-VL
pulmonary inﬁltrates,airspace disease,0.1826171875,0,Qwen3-VL-8B-Instruct-RLAIF-VL
pulmonary inﬁltrates,airspace disease,0.65625,1,Qwen3-VL-8B-Instruct-RLAIF-VL
pulmonary inﬁltrates,airspace disease,0.7109375,0,Qwen3-VL-8B-Instruct-RLAIF-VL
surgical instruments,surgical instruments,0.2333984375,0,Qwen3-VL-8B-Instruct-RLAIF-VL
surgical instruments,surgical instruments,0.142578125,1,Qwen3-VL-8B-Instruct-RLAIF-VL
surgical instruments,surgical instruments,0.55078125,1,Qwen3-VL-8B-Instruct-RLAIF-VL
normal,normal,0.0177001953125,0,Qwen3-VL-8B-Instruct-RLAIF-VL
normal,normal,0.0177001953125,0,Qwen3-VL-8B-Instruct-RLAIF-VL
normal,normal,0.0177001953125,0,Qwen3-VL-8B-Instruct-RLAIF-VL
normal,normal,0.0177001953125,0,Qwen3-VL-8B-Instruct-RLAIF-VL
"pulmonary disease, chronic obstruct",lung hyperdistention in lung,1.0,0,Qwen3-VL-8B-Instruct-RLAIF-VL
"pulmonary disease, chronic obstruct",lung hyperdistention in lung,0.58984375,0,Qwen3-VL-8B-Instruct-RLAIF-VL
"pulmonary disease, chronic obstruct",lung hyperdistention in lung,0.83984375,0,Qwen3-VL-8B-Instruct-RLAIF-VL
"pulmonary disease, chronic obstruct",lung hyperdistention in lung,0.87109375,1,Qwen3-VL-8B-Instruct-RLAIF-VL
"pulmonary disease, chronic obstruct",lung hyperdistention in lung,0.61328125,0,Qwen3-VL-8B-Instruct-RLAIF-VL
"pulmonary disease, chronic obstruct",lung hyperdistention in lung,0.1005859375,0,Qwen3-VL-8B-Instruct-RLAIF-VL
normal,normal,0.0177001953125,0,Qwen3-VL-8B-Instruct-RLAIF-VL
normal,normal,0.0177001953125,0,Qwen3-VL-8B-Instruct-RLAIF-VL
normal,pneumonia,0.0177001953125,0,Qwen3-VL-8B-Instruct-RLAIF-VL
normal,pneumonia,0.12255859375,0,Qwen3-VL-8B-Instruct-RLAIF-VL
normal,pneumonia,0.765625,1,Qwen3-VL-8B-Instruct-RLAIF-VL
normal,pneumonia,0.6328125,1,Qwen3-VL-8B-Instruct-RLAIF-VL
degenerative change in thor,calcinosis,0.96875,0,Qwen3-VL-8B-Instruct-RLAIF-VL
degenerative change in thor,calcinosis,0.8125,0,Qwen3-VL-8B-Instruct-RLAIF-VL
degenerative change in thor,calcinosis,0.2060546875,0,Qwen3-VL-8B-Instruct-RLAIF-VL
calcinosis,small opacity in calcified granuloma,0.18359375,0,Qwen3-VL-8B-Instruct-RLAIF-VL
calcinosis,small opacity in calcified granuloma,0.060302734375,0,Qwen3-VL-8B-Instruct-RLAIF-VL
calcinosis,small opacity in calcified granuloma,0.201171875,1,Qwen3-VL-8B-Instruct-RLAIF-VL
calcinosis,small opacity in calcified granuloma,0.265625,0,Qwen3-VL-8B-Instruct-RLAIF-VL
calcinosis,small opacity in calcified granuloma,0.98828125,1,Qwen3-VL-8B-Instruct-RLAIF-VL
calcinosis,small opacity in calcified granuloma,0.63671875,1,Qwen3-VL-8B-Instruct-RLAIF-VL
calcinosis,small opacity in calcified granuloma,0.99609375,1,Qwen3-VL-8B-Instruct-RLAIF-VL
calcinosis,small opacity in calcified granuloma,0.9296875,1,Qwen3-VL-8B-Instruct-RLAIF-VL
pulmonary atelectasis,pulmonary atelectasis,0.1806640625,0,Qwen3-VL-8B-Instruct-RLAIF-VL
pulmonary atelectasis,pulmonary atelectasis,0.9375,1,Qwen3-VL-8B-Instruct-RLAIF-VL
pulmonary atelectasis,pulmonary atelectasis,0.9921875,1,Qwen3-VL-8B-Instruct-RLAIF-VL
pulmonary atelectasis,pulmonary atelectasis,0.88671875,1,Qwen3-VL-8B-Instruct-RLAIF-VL
pulmonary atelectasis,pulmonary atelectasis,1.0,1,Qwen3-VL-8B-Instruct-RLAIF-VL
pulmonary atelectasis,pulmonary atelectasis,0.9375,1,Qwen3-VL-8B-Instruct-RLAIF-VL
normal,normal,0.0177001953125,0,Qwen3-VL-8B-Instruct-RLAIF-VL
calcinosis,calcinosis,0.12060546875,0,Qwen3-VL-8B-Instruct-RLAIF-VL
calcinosis,calcinosis,0.21484375,0,Qwen3-VL-8B-Instruct-RLAIF-VL
calcinosis,calcinosis,0.279296875,0,Qwen3-VL-8B-Instruct-RLAIF-VL
indwelling catheter,indwelling catheter,0.10986328125,0,Qwen3-VL-8B-Instruct-RLAIF-VL
indwelling catheter,indwelling catheter,0.99609375,1,Qwen3-VL-8B-Instruct-RLAIF-VL
indwelling catheter,indwelling catheter,1.0,1,Qwen3-VL-8B-Instruct-RLAIF-VL
indwelling catheter,indwelling catheter,0.93359375,1,Qwen3-VL-8B-Instruct-RLAIF-VL
indwelling catheter,indwelling catheter,0.97265625,1,Qwen3-VL-8B-Instruct-RLAIF-VL
bilateral pulmonary nodule,bilateral abnormality in nodule,0.1943359375,0,Qwen3-VL-8B-Instruct-RLAIF-VL
bilateral pulmonary nodule,bilateral abnormality in nodule,0.98046875,1,Qwen3-VL-8B-Instruct-RLAIF-VL
bilateral pulmonary nodule,bilateral abnormality in nodule,0.734375,0,Qwen3-VL-8B-Instruct-RLAIF-VL
bilateral pulmonary nodule,bilateral abnormality in nodule,0.443359375,0,Qwen3-VL-8B-Instruct-RLAIF-VL
bilateral pulmonary nodule,bilateral abnormality in nodule,0.18359375,1,Qwen3-VL-8B-Instruct-RLAIF-VL
bilateral pulmonary nodule,bilateral abnormality in nodule,0.64453125,0,Qwen3-VL-8B-Instruct-RLAIF-VL
bilateral pulmonary nodule,bilateral abnormality in nodule,0.82421875,1,Qwen3-VL-8B-Instruct-RLAIF-VL
normal,normal,0.0177001953125,0,Qwen3-VL-8B-Instruct-RLAIF-VL
normal,normal,0.0177001953125,0,Qwen3-VL-8B-Instruct-RLAIF-VL
normal,normal,0.0177001953125,0,Qwen3-VL-8B-Instruct-RLAIF-VL
normal,normal,0.0177001953125,0,Qwen3-VL-8B-Instruct-RLAIF-VL
chronic lung disease,bilateral abnormality in markings,0.28515625,0,Qwen3-VL-8B-Instruct-RLAIF-VL
chronic lung disease,bilateral abnormality in markings,0.55078125,0,Qwen3-VL-8B-Instruct-RLAIF-VL
chronic lung disease,bilateral abnormality in markings,0.3125,0,Qwen3-VL-8B-Instruct-RLAIF-VL
chronic lung disease,bilateral abnormality in markings,0.09912109375,1,Qwen3-VL-8B-Instruct-RLAIF-VL
chronic lung disease,bilateral abnormality in markings,0.1923828125,0,Qwen3-VL-8B-Instruct-RLAIF-VL
chronic lung disease,bilateral abnormality in markings,0.53125,0,Qwen3-VL-8B-Instruct-RLAIF-VL
normal,normal,0.0177001953125,0,Qwen3-VL-8B-Instruct-RLAIF-VL
diaphragmatic eventration,diaphragmatic eventration,0.310546875,0,Qwen3-VL-8B-Instruct-RLAIF-VL
diaphragmatic eventration,diaphragmatic eventration,0.9609375,1,Qwen3-VL-8B-Instruct-RLAIF-VL
diaphragmatic eventration,diaphragmatic eventration,0.96875,1,Qwen3-VL-8B-Instruct-RLAIF-VL
diaphragmatic eventration,diaphragmatic eventration,0.83203125,1,Qwen3-VL-8B-Instruct-RLAIF-VL
diaphragmatic eventration,diaphragmatic eventration,0.93359375,1,Qwen3-VL-8B-Instruct-RLAIF-VL
normal,normal,0.0177001953125,0,Qwen3-VL-8B-Instruct-RLAIF-VL
normal,normal,0.0177001953125,0,Qwen3-VL-8B-Instruct-RLAIF-VL
normal,normal,0.0177001953125,0,Qwen3-VL-8B-Instruct-RLAIF-VL
calcinosis,calcinosis,0.12060546875,0,Qwen3-VL-8B-Instruct-RLAIF-VL
calcinosis,calcinosis,0.21484375,0,Qwen3-VL-8B-Instruct-RLAIF-VL
calcinosis,calcinosis,0.279296875,0,Qwen3-VL-8B-Instruct-RLAIF-VL
normal,normal,0.0177001953125,0,Qwen3-VL-8B-Instruct-RLAIF-VL
fibrosis,cicatrix,0.6796875,0,Qwen3-VL-8B-Instruct-RLAIF-VL
fibrosis,cicatrix,0.0289306640625,0,Qwen3-VL-8B-Instruct-RLAIF-VL
fibrosis,cicatrix,0.11474609375,0,Qwen3-VL-8B-Instruct-RLAIF-VL
cardiomegaly,cardiomegaly,0.66796875,0,Qwen3-VL-8B-Instruct-RLAIF-VL
cardiomegaly,cardiomegaly,0.734375,0,Qwen3-VL-8B-Instruct-RLAIF-VL
cardiomegaly,cardiomegaly,0.73046875,0,Qwen3-VL-8B-Instruct-RLAIF-VL
cardiomegaly,cardiomegaly,0.9453125,0,Qwen3-VL-8B-Instruct-RLAIF-VL
cardiomegaly,cardiomegaly,0.1318359375,0,Qwen3-VL-8B-Instruct-RLAIF-VL
normal,normal,0.0177001953125,0,Qwen3-VL-8B-Instruct-RLAIF-VL
normal,normal,0.0177001953125,0,Qwen3-VL-8B-Instruct-RLAIF-VL
normal,normal,0.0177001953125,0,Qwen3-VL-8B-Instruct-RLAIF-VL
normal,normal,0.0177001953125,0,Qwen3-VL-8B-Instruct-RLAIF-VL
normal,normal,0.0177001953125,0,Qwen3-VL-8B-Instruct-RLAIF-VL
hernia,"hernia, hiatal",0.0498046875,0,Qwen3-VL-8B-Instruct-RLAIF-VL
hernia,"hernia, hiatal",0.462890625,0,Qwen3-VL-8B-Instruct-RLAIF-VL
hernia,"hernia, hiatal",0.1630859375,0,Qwen3-VL-8B-Instruct-RLAIF-VL
hernia,"hernia, hiatal",0.0849609375,0,Qwen3-VL-8B-Instruct-RLAIF-VL
hernia,"hernia, hiatal",0.58203125,0,Qwen3-VL-8B-Instruct-RLAIF-VL
hernia,"hernia, hiatal",0.8828125,0,Qwen3-VL-8B-Instruct-RLAIF-VL
normal,normal,0.0177001953125,0,Qwen3-VL-8B-Instruct-RLAIF-VL
normal,normal,0.0177001953125,0,Qwen3-VL-8B-Instruct-RLAIF-VL
normal,normal,0.0177001953125,0,Qwen3-VL-8B-Instruct-RLAIF-VL
lung hypoinflation in lung,lung hypoinflation in lung,0.07177734375,0,Qwen3-VL-8B-Instruct-RLAIF-VL
lung hypoinflation in lung,lung hypoinflation in lung,0.2138671875,1,Qwen3-VL-8B-Instruct-RLAIF-VL
lung hypoinflation in lung,lung hypoinflation in lung,0.8984375,1,Qwen3-VL-8B-Instruct-RLAIF-VL
lung hypoinflation in lung,lung hypoinflation in lung,1.0,1,Qwen3-VL-8B-Instruct-RLAIF-VL
lung hypoinflation in lung,lung hypoinflation in lung,0.78125,1,Qwen3-VL-8B-Instruct-RLAIF-VL
lung hypoinflation in lung,lung hypoinflation in lung,0.7265625,1,Qwen3-VL-8B-Instruct-RLAIF-VL
normal,normal,0.0177001953125,0,Qwen3-VL-8B-Instruct-RLAIF-VL
normal,normal,0.0177001953125,0,Qwen3-VL-8B-Instruct-RLAIF-VL
normal,normal,0.0177001953125,0,Qwen3-VL-8B-Instruct-RLAIF-VL
osteophyte,degenerative change in spine,0.828125,0,Qwen3-VL-8B-Instruct-RLAIF-VL
osteophyte,degenerative change in spine,0.056640625,0,Qwen3-VL-8B-Instruct-RLAIF-VL
osteophyte,degenerative change in spine,0.1630859375,0,Qwen3-VL-8B-Instruct-RLAIF-VL
osteophyte,degenerative change in spine,0.390625,0,Qwen3-VL-8B-Instruct-RLAIF-VL
osteophyte,degenerative change in spine,0.3125,1,Qwen3-VL-8B-Instruct-RLAIF-VL
osteophyte,degenerative change in spine,0.482421875,0,Qwen3-VL-8B-Instruct-RLAIF-VL
normal,normal,0.0177001953125,0,Qwen3-VL-8B-Instruct-RLAIF-VL
normal,normal,0.0177001953125,0,Qwen3-VL-8B-Instruct-RLAIF-VL
degenerative change,degenerative change in cervical vertebrae,0.2021484375,0,Qwen3-VL-8B-Instruct-RLAIF-VL
degenerative change,degenerative change in cervical vertebrae,0.62109375,0,Qwen3-VL-8B-Instruct-RLAIF-VL
degenerative change,degenerative change in cervical vertebrae,0.58984375,0,Qwen3-VL-8B-Instruct-RLAIF-VL
degenerative change,degenerative change in cervical vertebrae,0.26953125,0,Qwen3-VL-8B-Instruct-RLAIF-VL
degenerative change,degenerative change in cervical vertebrae,0.62109375,0,Qwen3-VL-8B-Instruct-RLAIF-VL
degenerative change,degenerative change in cervical vertebrae,0.609375,0,Qwen3-VL-8B-Instruct-RLAIF-VL
degenerative change,degenerative change in cervical vertebrae,0.79296875,0,Qwen3-VL-8B-Instruct-RLAIF-VL
degenerative change,degenerative change in cervical vertebrae,0.82421875,0,Qwen3-VL-8B-Instruct-RLAIF-VL
degenerative change,degenerative change in cervical vertebrae,0.279296875,0,Qwen3-VL-8B-Instruct-RLAIF-VL
calcinosis,calcinosis,0.12060546875,0,Qwen3-VL-8B-Instruct-RLAIF-VL
calcinosis,calcinosis,0.21484375,0,Qwen3-VL-8B-Instruct-RLAIF-VL
calcinosis,calcinosis,0.279296875,0,Qwen3-VL-8B-Instruct-RLAIF-VL
bilateral abnormality in density,lung hyperdistention in lung,0.193359375,0,Qwen3-VL-8B-Instruct-RLAIF-VL
bilateral abnormality in density,lung hyperdistention in lung,0.416015625,0,Qwen3-VL-8B-Instruct-RLAIF-VL
bilateral abnormality in density,lung hyperdistention in lung,0.400390625,0,Qwen3-VL-8B-Instruct-RLAIF-VL
bilateral abnormality in density,lung hyperdistention in lung,0.80859375,1,Qwen3-VL-8B-Instruct-RLAIF-VL
bilateral abnormality in density,lung hyperdistention in lung,0.2099609375,0,Qwen3-VL-8B-Instruct-RLAIF-VL
bilateral abnormality in density,lung hyperdistention in lung,0.357421875,0,Qwen3-VL-8B-Instruct-RLAIF-VL
normal,normal,0.0177001953125,0,Qwen3-VL-8B-Instruct-RLAIF-VL
cardiomegaly,cardiomegaly,0.66796875,0,Qwen3-VL-8B-Instruct-RLAIF-VL
cardiomegaly,cardiomegaly,0.734375,0,Qwen3-VL-8B-Instruct-RLAIF-VL
cardiomegaly,cardiomegaly,0.73046875,0,Qwen3-VL-8B-Instruct-RLAIF-VL
cardiomegaly,cardiomegaly,0.9453125,0,Qwen3-VL-8B-Instruct-RLAIF-VL
cardiomegaly,cardiomegaly,0.1318359375,0,Qwen3-VL-8B-Instruct-RLAIF-VL
degenerative change in thor,degenerative change in thoracic vertebrae,0.13671875,0,Qwen3-VL-8B-Instruct-RLAIF-VL
degenerative change in thor,degenerative change in thoracic vertebrae,0.0966796875,0,Qwen3-VL-8B-Instruct-RLAIF-VL
degenerative change in thor,degenerative change in thoracic vertebrae,0.98046875,1,Qwen3-VL-8B-Instruct-RLAIF-VL
degenerative change in thor,degenerative change in thoracic vertebrae,0.81640625,1,Qwen3-VL-8B-Instruct-RLAIF-VL
degenerative change in thor,degenerative change in thoracic vertebrae,0.9375,1,Qwen3-VL-8B-Instruct-RLAIF-VL
degenerative change in thor,degenerative change in thoracic vertebrae,0.76171875,1,Qwen3-VL-8B-Instruct-RLAIF-VL
degenerative change in thor,degenerative change in thoracic vertebrae,0.87890625,1,Qwen3-VL-8B-Instruct-RLAIF-VL
degenerative change in thor,degenerative change in thoracic vertebrae,0.70703125,0,Qwen3-VL-8B-Instruct-RLAIF-VL
degenerative change in thor,degenerative change in thoracic vertebrae,0.98046875,1,Qwen3-VL-8B-Instruct-RLAIF-VL
degenerative change in thor,degenerative change in thoracic vertebrae,0.87109375,1,Qwen3-VL-8B-Instruct-RLAIF-VL
normal,normal,0.0177001953125,0,Qwen3-VL-8B-Instruct-RLAIF-VL
normal,normal,0.0177001953125,0,Qwen3-VL-8B-Instruct-RLAIF-VL
calcinosis,calcinosis,0.12060546875,0,Qwen3-VL-8B-Instruct-RLAIF-VL
calcinosis,calcinosis,0.21484375,0,Qwen3-VL-8B-Instruct-RLAIF-VL
calcinosis,calcinosis,0.279296875,0,Qwen3-VL-8B-Instruct-RLAIF-VL
cicatrix,cicatrix,0.220703125,0,Qwen3-VL-8B-Instruct-RLAIF-VL
cicatrix,cicatrix,0.84765625,1,Qwen3-VL-8B-Instruct-RLAIF-VL
cicatrix,cicatrix,0.92578125,1,Qwen3-VL-8B-Instruct-RLAIF-VL
pulmonary abnormality pul,normal,0.62109375,0,Qwen3-VL-8B-Instruct-RLAIF-VL
aortic aneurysm,normal,0.18359375,0,Qwen3-VL-8B-Instruct-RLAIF-VL
pulmonary nodule,granuloma,0.09423828125,0,Qwen3-VL-8B-Instruct-RLAIF-VL
pulmonary nodule,granuloma,0.94921875,1,Qwen3-VL-8B-Instruct-RLAIF-VL
pulmonary nodule,granuloma,0.5703125,0,Qwen3-VL-8B-Instruct-RLAIF-VL
normal,normal,0.0177001953125,0,Qwen3-VL-8B-Instruct-RLAIF-VL
normal,normal,0.0177001953125,0,Qwen3-VL-8B-Instruct-RLAIF-VL
normal,normal,0.0177001953125,0,Qwen3-VL-8B-Instruct-RLAIF-VL
calcinosis,bilateral abnormality in calcified granuloma,0.298828125,0,Qwen3-VL-8B-Instruct-RLAIF-VL
calcinosis,bilateral abnormality in calcified granuloma,0.1064453125,0,Qwen3-VL-8B-Instruct-RLAIF-VL
calcinosis,bilateral abnormality in calcified granuloma,0.1015625,0,Qwen3-VL-8B-Instruct-RLAIF-VL
calcinosis,bilateral abnormality in calcified granuloma,0.314453125,1,Qwen3-VL-8B-Instruct-RLAIF-VL
calcinosis,bilateral abnormality in calcified granuloma,0.267578125,0,Qwen3-VL-8B-Instruct-RLAIF-VL
calcinosis,bilateral abnormality in calcified granuloma,0.427734375,0,Qwen3-VL-8B-Instruct-RLAIF-VL
calcinosis,bilateral abnormality in calcified granuloma,0.515625,0,Qwen3-VL-8B-Instruct-RLAIF-VL
calcinosis,bilateral abnormality in calcified granuloma,0.28515625,0,Qwen3-VL-8B-Instruct-RLAIF-VL
calcinosis,bilateral abnormality in calcified granuloma,0.98828125,1,Qwen3-VL-8B-Instruct-RLAIF-VL
calcinosis,bilateral abnormality in calcified granuloma,0.59765625,1,Qwen3-VL-8B-Instruct-RLAIF-VL
degenerative change,degenerative change in thoracic vertebrae,0.2021484375,0,Qwen3-VL-8B-Instruct-RLAIF-VL
degenerative change,degenerative change in thoracic vertebrae,0.62109375,0,Qwen3-VL-8B-Instruct-RLAIF-VL
degenerative change,degenerative change in thoracic vertebrae,0.58984375,0,Qwen3-VL-8B-Instruct-RLAIF-VL
degenerative change,degenerative change in thoracic vertebrae,0.26953125,0,Qwen3-VL-8B-Instruct-RLAIF-VL
degenerative change,degenerative change in thoracic vertebrae,0.62109375,0,Qwen3-VL-8B-Instruct-RLAIF-VL
degenerative change,degenerative change in thoracic vertebrae,0.88671875,0,Qwen3-VL-8B-Instruct-RLAIF-VL
degenerative change,degenerative change in thoracic vertebrae,0.8125,0,Qwen3-VL-8B-Instruct-RLAIF-VL
degenerative change,degenerative change in thoracic vertebrae,0.90234375,0,Qwen3-VL-8B-Instruct-RLAIF-VL
degenerative change,degenerative change in thoracic vertebrae,0.8046875,0,Qwen3-VL-8B-Instruct-RLAIF-VL
degenerative change,degenerative change in thoracic vertebrae,0.27734375,0,Qwen3-VL-8B-Instruct-RLAIF-VL
prominent finding in medi,prominent finding in mediastinum,0.265625,0,Qwen3-VL-8B-Instruct-RLAIF-VL
prominent finding in medi,prominent finding in mediastinum,0.7578125,0,Qwen3-VL-8B-Instruct-RLAIF-VL
prominent finding in medi,prominent finding in mediastinum,0.96484375,0,Qwen3-VL-8B-Instruct-RLAIF-VL
prominent finding in medi,prominent finding in mediastinum,0.50390625,0,Qwen3-VL-8B-Instruct-RLAIF-VL
prominent finding in medi,prominent finding in mediastinum,0.87109375,0,Qwen3-VL-8B-Instruct-RLAIF-VL
prominent finding in medi,prominent finding in mediastinum,0.3671875,0,Qwen3-VL-8B-Instruct-RLAIF-VL
prominent finding in medi,prominent finding in mediastinum,0.99609375,0,Qwen3-VL-8B-Instruct-RLAIF-VL
prominent finding in medi,prominent finding in mediastinum,0.8671875,0,Qwen3-VL-8B-Instruct-RLAIF-VL
cardiomegaly,cardiomegaly,0.66796875,0,Qwen3-VL-8B-Instruct-RLAIF-VL
cardiomegaly,cardiomegaly,0.734375,0,Qwen3-VL-8B-Instruct-RLAIF-VL
cardiomegaly,cardiomegaly,0.73046875,0,Qwen3-VL-8B-Instruct-RLAIF-VL
cardiomegaly,cardiomegaly,0.9453125,0,Qwen3-VL-8B-Instruct-RLAIF-VL
cardiomegaly,cardiomegaly,0.1318359375,0,Qwen3-VL-8B-Instruct-RLAIF-VL
normal,normal,0.0177001953125,0,Qwen3-VL-8B-Instruct-RLAIF-VL
normal,normal,0.0177001953125,0,Qwen3-VL-8B-Instruct-RLAIF-VL
pulmonary atelectasis,pulmonary atelectasis,0.1806640625,0,Qwen3-VL-8B-Instruct-RLAIF-VL
pulmonary atelectasis,pulmonary atelectasis,0.9375,1,Qwen3-VL-8B-Instruct-RLAIF-VL
pulmonary atelectasis,pulmonary atelectasis,0.9921875,1,Qwen3-VL-8B-Instruct-RLAIF-VL
pulmonary atelectasis,pulmonary atelectasis,0.88671875,1,Qwen3-VL-8B-Instruct-RLAIF-VL
pulmonary atelectasis,pulmonary atelectasis,1.0,1,Qwen3-VL-8B-Instruct-RLAIF-VL
pulmonary atelectasis,pulmonary atelectasis,0.9375,1,Qwen3-VL-8B-Instruct-RLAIF-VL
cardiomegaly,cardiomegaly,0.66796875,0,Qwen3-VL-8B-Instruct-RLAIF-VL
cardiomegaly,cardiomegaly,0.734375,0,Qwen3-VL-8B-Instruct-RLAIF-VL
cardiomegaly,cardiomegaly,0.73046875,0,Qwen3-VL-8B-Instruct-RLAIF-VL
cardiomegaly,cardiomegaly,0.9453125,0,Qwen3-VL-8B-Instruct-RLAIF-VL
cardiomegaly,cardiomegaly,0.1318359375,0,Qwen3-VL-8B-Instruct-RLAIF-VL
calcinosis,calcinosis,0.12060546875,0,Qwen3-VL-8B-Instruct-RLAIF-VL
calcinosis,calcinosis,0.21484375,0,Qwen3-VL-8B-Instruct-RLAIF-VL
calcinosis,calcinosis,0.279296875,0,Qwen3-VL-8B-Instruct-RLAIF-VL
pulmonary hypoinflation,normal,0.150390625,0,Qwen3-VL-8B-Instruct-RLAIF-VL
normal,normal,0.0177001953125,0,Qwen3-VL-8B-Instruct-RLAIF-VL
normal,normal,0.0177001953125,0,Qwen3-VL-8B-Instruct-RLAIF-VL
cardiomegaly,cardiomegaly,0.66796875,0,Qwen3-VL-8B-Instruct-RLAIF-VL
cardiomegaly,cardiomegaly,0.734375,0,Qwen3-VL-8B-Instruct-RLAIF-VL
cardiomegaly,cardiomegaly,0.73046875,0,Qwen3-VL-8B-Instruct-RLAIF-VL
cardiomegaly,cardiomegaly,0.9453125,0,Qwen3-VL-8B-Instruct-RLAIF-VL
cardiomegaly,cardiomegaly,0.1318359375,0,Qwen3-VL-8B-Instruct-RLAIF-VL
osteophyte,osteophyte,0.09814453125,0,Qwen3-VL-8B-Instruct-RLAIF-VL
osteophyte,osteophyte,0.6953125,1,Qwen3-VL-8B-Instruct-RLAIF-VL
osteophyte,osteophyte,0.98046875,1,Qwen3-VL-8B-Instruct-RLAIF-VL
normal,normal,0.0177001953125,0,Qwen3-VL-8B-Instruct-RLAIF-VL
cardiomegaly,atherosclerosis,0.171875,0,Qwen3-VL-8B-Instruct-RLAIF-VL
cardiomegaly,atherosclerosis,0.984375,1,Qwen3-VL-8B-Instruct-RLAIF-VL
cardiomegaly,atherosclerosis,0.64453125,1,Qwen3-VL-8B-Instruct-RLAIF-VL
pleural effusion,cardiomegaly,0.2412109375,0,Qwen3-VL-8B-Instruct-RLAIF-VL
pleural effusion,cardiomegaly,0.52734375,0,Qwen3-VL-8B-Instruct-RLAIF-VL
pleural effusion,cardiomegaly,0.92578125,1,Qwen3-VL-8B-Instruct-RLAIF-VL
pleural effusion,cardiomegaly,1.0,1,Qwen3-VL-8B-Instruct-RLAIF-VL
pleural effusion,cardiomegaly,0.98046875,1,Qwen3-VL-8B-Instruct-RLAIF-VL
osteopenia,cardiomegaly,0.0439453125,0,Qwen3-VL-8B-Instruct-RLAIF-VL
osteopenia,cardiomegaly,0.29296875,0,Qwen3-VL-8B-Instruct-RLAIF-VL
osteopenia,cardiomegaly,0.5859375,0,Qwen3-VL-8B-Instruct-RLAIF-VL
osteopenia,cardiomegaly,0.92578125,0,Qwen3-VL-8B-Instruct-RLAIF-VL
osteopenia,cardiomegaly,0.146484375,0,Qwen3-VL-8B-Instruct-RLAIF-VL
normal,normal,0.0177001953125,0,Qwen3-VL-8B-Instruct-RLAIF-VL
cardiomegaly,cardiomegaly,0.66796875,0,Qwen3-VL-8B-Instruct-RLAIF-VL
cardiomegaly,cardiomegaly,0.734375,0,Qwen3-VL-8B-Instruct-RLAIF-VL
cardiomegaly,cardiomegaly,0.73046875,0,Qwen3-VL-8B-Instruct-RLAIF-VL
cardiomegaly,cardiomegaly,0.9453125,0,Qwen3-VL-8B-Instruct-RLAIF-VL
cardiomegaly,cardiomegaly,0.1318359375,0,Qwen3-VL-8B-Instruct-RLAIF-VL
normal,normal,0.0177001953125,0,Qwen3-VL-8B-Instruct-RLAIF-VL
normal,normal,0.0177001953125,0,Qwen3-VL-8B-Instruct-RLAIF-VL
pulmonary nodule,calcified granuloma,0.09423828125,0,Qwen3-VL-8B-Instruct-RLAIF-VL
pulmonary nodule,calcified granuloma,0.5390625,0,Qwen3-VL-8B-Instruct-RLAIF-VL
pulmonary nodule,calcified granuloma,0.79296875,1,Qwen3-VL-8B-Instruct-RLAIF-VL
pulmonary nodule,calcified granuloma,1.0,1,Qwen3-VL-8B-Instruct-RLAIF-VL
pulmonary nodule,calcified granuloma,0.9296875,1,Qwen3-VL-8B-Instruct-RLAIF-VL
pulmonary atelectasis,pulmonary opacity,0.1796875,0,Qwen3-VL-8B-Instruct-RLAIF-VL
pulmonary atelectasis,pulmonary opacity,0.93359375,1,Qwen3-VL-8B-Instruct-RLAIF-VL
pulmonary atelectasis,pulmonary opacity,0.9921875,1,Qwen3-VL-8B-Instruct-RLAIF-VL
pulmonary atelectasis,pulmonary opacity,0.88671875,0,Qwen3-VL-8B-Instruct-RLAIF-VL
normal,normal,0.0177001953125,0,Qwen3-VL-8B-Instruct-RLAIF-VL
spine,spondylosis,0.18359375,0,Qwen3-VL-8B-Instruct-RLAIF-VL
spine,spondylosis,0.10205078125,0,Qwen3-VL-8B-Instruct-RLAIF-VL
spine,spondylosis,0.296875,0,Qwen3-VL-8B-Instruct-RLAIF-VL
spine,spondylosis,1.0,0,Qwen3-VL-8B-Instruct-RLAIF-VL
spine,spondylosis,0.17578125,0,Qwen3-VL-8B-Instruct-RLAIF-VL
normal,normal,0.0177001953125,0,Qwen3-VL-8B-Instruct-RLAIF-VL
pleural effusion,pleural effusion,0.2412109375,0,Qwen3-VL-8B-Instruct-RLAIF-VL
pleural effusion,pleural effusion,0.953125,1,Qwen3-VL-8B-Instruct-RLAIF-VL
pleural effusion,pleural effusion,0.9765625,1,Qwen3-VL-8B-Instruct-RLAIF-VL
pleural effusion,pleural effusion,0.9296875,1,Qwen3-VL-8B-Instruct-RLAIF-VL
normal,normal,0.0177001953125,0,Qwen3-VL-8B-Instruct-RLAIF-VL
pulmonary atelectasis,bilateral abnormality in lung,0.1806640625,0,Qwen3-VL-8B-Instruct-RLAIF-VL
pulmonary atelectasis,bilateral abnormality in lung,0.263671875,0,Qwen3-VL-8B-Instruct-RLAIF-VL
pulmonary atelectasis,bilateral abnormality in lung,0.19140625,0,Qwen3-VL-8B-Instruct-RLAIF-VL
pulmonary atelectasis,bilateral abnormality in lung,0.32421875,0,Qwen3-VL-8B-Instruct-RLAIF-VL
pulmonary atelectasis,bilateral abnormality in lung,0.2392578125,0,Qwen3-VL-8B-Instruct-RLAIF-VL
pulmonary atelectasis,bilateral abnormality in lung,0.640625,0,Qwen3-VL-8B-Instruct-RLAIF-VL
pulmonary atelectasis,pulmonary atelectasis,0.1806640625,0,Qwen3-VL-8B-Instruct-RLAIF-VL
pulmonary atelectasis,pulmonary atelectasis,0.9375,1,Qwen3-VL-8B-Instruct-RLAIF-VL
pulmonary atelectasis,pulmonary atelectasis,0.9921875,1,Qwen3-VL-8B-Instruct-RLAIF-VL
pulmonary atelectasis,pulmonary atelectasis,0.88671875,1,Qwen3-VL-8B-Instruct-RLAIF-VL
pulmonary atelectasis,pulmonary atelectasis,1.0,1,Qwen3-VL-8B-Instruct-RLAIF-VL
pulmonary atelectasis,pulmonary atelectasis,0.9375,1,Qwen3-VL-8B-Instruct-RLAIF-VL
normal,normal,0.0177001953125,0,Qwen3-VL-8B-Instruct-RLAIF-VL
osteopenia,normal,0.0634765625,0,Qwen3-VL-8B-Instruct-RLAIF-VL
pulmonary atelectasis,hydropneumothorax,0.27734375,0,Qwen3-VL-8B-Instruct-RLAIF-VL
pulmonary atelectasis,hydropneumothorax,0.11376953125,0,Qwen3-VL-8B-Instruct-RLAIF-VL
pulmonary atelectasis,hydropneumothorax,0.1298828125,0,Qwen3-VL-8B-Instruct-RLAIF-VL
pulmonary atelectasis,hydropneumothorax,0.494140625,0,Qwen3-VL-8B-Instruct-RLAIF-VL
pulmonary atelectasis,hydropneumothorax,0.82421875,0,Qwen3-VL-8B-Instruct-RLAIF-VL
pulmonary atelectasis,hydropneumothorax,0.9609375,0,Qwen3-VL-8B-Instruct-RLAIF-VL
pulmonary atelectasis,hydropneumothorax,1.0,0,Qwen3-VL-8B-Instruct-RLAIF-VL
pulmonary edema,pulmonary edema,0.267578125,0,Qwen3-VL-8B-Instruct-RLAIF-VL
pulmonary edema,pulmonary edema,0.99609375,0,Qwen3-VL-8B-Instruct-RLAIF-VL
pulmonary edema,pulmonary edema,0.9453125,0,Qwen3-VL-8B-Instruct-RLAIF-VL
pulmonary edema,pulmonary edema,0.9140625,0,Qwen3-VL-8B-Instruct-RLAIF-VL
pulmonary edema,pulmonary edema,0.2099609375,0,Qwen3-VL-8B-Instruct-RLAIF-VL
degenerative change in thor,degenerative change in thoracic vertebrae,0.13671875,0,Qwen3-VL-8B-Instruct-RLAIF-VL
degenerative change in thor,degenerative change in thoracic vertebrae,0.0966796875,0,Qwen3-VL-8B-Instruct-RLAIF-VL
degenerative change in thor,degenerative change in thoracic vertebrae,0.98046875,1,Qwen3-VL-8B-Instruct-RLAIF-VL
degenerative change in thor,degenerative change in thoracic vertebrae,0.81640625,1,Qwen3-VL-8B-Instruct-RLAIF-VL
degenerative change in thor,degenerative change in thoracic vertebrae,0.9375,1,Qwen3-VL-8B-Instruct-RLAIF-VL
degenerative change in thor,degenerative change in thoracic vertebrae,0.76171875,1,Qwen3-VL-8B-Instruct-RLAIF-VL
degenerative change in thor,degenerative change in thoracic vertebrae,0.87890625,1,Qwen3-VL-8B-Instruct-RLAIF-VL
degenerative change in thor,degenerative change in thoracic vertebrae,0.70703125,0,Qwen3-VL-8B-Instruct-RLAIF-VL
degenerative change in thor,degenerative change in thoracic vertebrae,0.98046875,1,Qwen3-VL-8B-Instruct-RLAIF-VL
degenerative change in thor,degenerative change in thoracic vertebrae,0.87109375,1,Qwen3-VL-8B-Instruct-RLAIF-VL
pulmonary atelectasis,patchy opacity in opacity,0.1884765625,0,Qwen3-VL-8B-Instruct-RLAIF-VL
pulmonary atelectasis,patchy opacity in opacity,0.91015625,1,Qwen3-VL-8B-Instruct-RLAIF-VL
pulmonary atelectasis,patchy opacity in opacity,0.2236328125,0,Qwen3-VL-8B-Instruct-RLAIF-VL
pulmonary atelectasis,patchy opacity in opacity,0.1279296875,1,Qwen3-VL-8B-Instruct-RLAIF-VL
pulmonary atelectasis,patchy opacity in opacity,0.41796875,0,Qwen3-VL-8B-Instruct-RLAIF-VL
decalcination,calcinosis,0.158203125,0,Qwen3-VL-8B-Instruct-RLAIF-VL
decalcination,calcinosis,0.060302734375,0,Qwen3-VL-8B-Instruct-RLAIF-VL
decalcination,calcinosis,0.76953125,1,Qwen3-VL-8B-Instruct-RLAIF-VL
degenerative change in thor,degenerative change in thoracic vertebrae,0.13671875,0,Qwen3-VL-8B-Instruct-RLAIF-VL
degenerative change in thor,degenerative change in thoracic vertebrae,0.0966796875,0,Qwen3-VL-8B-Instruct-RLAIF-VL
degenerative change in thor,degenerative change in thoracic vertebrae,0.98046875,1,Qwen3-VL-8B-Instruct-RLAIF-VL
degenerative change in thor,degenerative change in thoracic vertebrae,0.81640625,1,Qwen3-VL-8B-Instruct-RLAIF-VL
degenerative change in thor,degenerative change in thoracic vertebrae,0.9375,1,Qwen3-VL-8B-Instruct-RLAIF-VL
degenerative change in thor,degenerative change in thoracic vertebrae,0.76171875,1,Qwen3-VL-8B-Instruct-RLAIF-VL
degenerative change in thor,degenerative change in thoracic vertebrae,0.87890625,1,Qwen3-VL-8B-Instruct-RLAIF-VL
degenerative change in thor,degenerative change in thoracic vertebrae,0.70703125,0,Qwen3-VL-8B-Instruct-RLAIF-VL
degenerative change in thor,degenerative change in thoracic vertebrae,0.98046875,1,Qwen3-VL-8B-Instruct-RLAIF-VL
degenerative change in thor,degenerative change in thoracic vertebrae,0.87109375,1,Qwen3-VL-8B-Instruct-RLAIF-VL
normal,normal,0.0177001953125,0,Qwen3-VL-8B-Instruct-RLAIF-VL
surgical procedure,cicatrix,0.1171875,0,Qwen3-VL-8B-Instruct-RLAIF-VL
surgical procedure,cicatrix,0.1923828125,0,Qwen3-VL-8B-Instruct-RLAIF-VL
surgical procedure,cicatrix,0.050048828125,0,Qwen3-VL-8B-Instruct-RLAIF-VL
spine,spondylosis,0.18359375,0,Qwen3-VL-8B-Instruct-RLAIF-VL
spine,spondylosis,0.10205078125,0,Qwen3-VL-8B-Instruct-RLAIF-VL
spine,spondylosis,0.296875,0,Qwen3-VL-8B-Instruct-RLAIF-VL
spine,spondylosis,1.0,0,Qwen3-VL-8B-Instruct-RLAIF-VL
spine,spondylosis,0.17578125,0,Qwen3-VL-8B-Instruct-RLAIF-VL
diaphragmatic eventration,diaphragmatic eventration,0.310546875,0,Qwen3-VL-8B-Instruct-RLAIF-VL
diaphragmatic eventration,diaphragmatic eventration,0.9609375,1,Qwen3-VL-8B-Instruct-RLAIF-VL
diaphragmatic eventration,diaphragmatic eventration,0.96875,1,Qwen3-VL-8B-Instruct-RLAIF-VL
diaphragmatic eventration,diaphragmatic eventration,0.83203125,1,Qwen3-VL-8B-Instruct-RLAIF-VL
diaphragmatic eventration,diaphragmatic eventration,0.93359375,1,Qwen3-VL-8B-Instruct-RLAIF-VL
"pulmonary disease, chronic obstruct",lung hyperdistention in lung,1.0,0,Qwen3-VL-8B-Instruct-RLAIF-VL
"pulmonary disease, chronic obstruct",lung hyperdistention in lung,0.58984375,0,Qwen3-VL-8B-Instruct-RLAIF-VL
"pulmonary disease, chronic obstruct",lung hyperdistention in lung,0.83984375,0,Qwen3-VL-8B-Instruct-RLAIF-VL
"pulmonary disease, chronic obstruct",lung hyperdistention in lung,0.87109375,1,Qwen3-VL-8B-Instruct-RLAIF-VL
"pulmonary disease, chronic obstruct",lung hyperdistention in lung,0.61328125,0,Qwen3-VL-8B-Instruct-RLAIF-VL
"pulmonary disease, chronic obstruct",lung hyperdistention in lung,0.1005859375,0,Qwen3-VL-8B-Instruct-RLAIF-VL
normal,normal,0.0177001953125,0,Qwen3-VL-8B-Instruct-RLAIF-VL
normal,normal,0.0177001953125,0,Qwen3-VL-8B-Instruct-RLAIF-VL
cardiomegaly,cardiomegaly,0.66796875,0,Qwen3-VL-8B-Instruct-RLAIF-VL
cardiomegaly,cardiomegaly,0.734375,0,Qwen3-VL-8B-Instruct-RLAIF-VL
cardiomegaly,cardiomegaly,0.73046875,0,Qwen3-VL-8B-Instruct-RLAIF-VL
cardiomegaly,cardiomegaly,0.9453125,0,Qwen3-VL-8B-Instruct-RLAIF-VL
cardiomegaly,cardiomegaly,0.1318359375,0,Qwen3-VL-8B-Instruct-RLAIF-VL
"pulmonary disease, chronic supp",lung hyperdistention in lung,0.59765625,0,Qwen3-VL-8B-Instruct-RLAIF-VL
"pulmonary disease, chronic supp",lung hyperdistention in lung,0.2578125,0,Qwen3-VL-8B-Instruct-RLAIF-VL
"pulmonary disease, chronic supp",lung hyperdistention in lung,0.703125,0,Qwen3-VL-8B-Instruct-RLAIF-VL
"pulmonary disease, chronic supp",lung hyperdistention in lung,0.6796875,1,Qwen3-VL-8B-Instruct-RLAIF-VL
"pulmonary disease, chronic supp",lung hyperdistention in lung,0.58984375,0,Qwen3-VL-8B-Instruct-RLAIF-VL
"pulmonary disease, chronic supp",lung hyperdistention in lung,0.1337890625,0,Qwen3-VL-8B-Instruct-RLAIF-VL
normal,normal,0.0177001953125,0,Qwen3-VL-8B-Instruct-RLAIF-VL
cardiomegaly,normal,0.0693359375,0,Qwen3-VL-8B-Instruct-RLAIF-VL
normal,normal,0.0177001953125,0,Qwen3-VL-8B-Instruct-RLAIF-VL
calcinosis,scoliosis,0.19921875,0,Qwen3-VL-8B-Instruct-RLAIF-VL
calcinosis,scoliosis,0.6875,0,Qwen3-VL-8B-Instruct-RLAIF-VL
calcinosis,scoliosis,0.201171875,0,Qwen3-VL-8B-Instruct-RLAIF-VL
surgical instruments,surgical instruments,0.2333984375,0,Qwen3-VL-8B-Instruct-RLAIF-VL
surgical instruments,surgical instruments,0.142578125,1,Qwen3-VL-8B-Instruct-RLAIF-VL
surgical instruments,surgical instruments,0.55078125,1,Qwen3-VL-8B-Instruct-RLAIF-VL
osteophyte,osteophyte,0.09814453125,0,Qwen3-VL-8B-Instruct-RLAIF-VL
osteophyte,osteophyte,0.6953125,1,Qwen3-VL-8B-Instruct-RLAIF-VL
osteophyte,osteophyte,0.98046875,1,Qwen3-VL-8B-Instruct-RLAIF-VL
calcinosis,calcinosis,0.12060546875,0,Qwen3-VL-8B-Instruct-RLAIF-VL
calcinosis,calcinosis,0.21484375,0,Qwen3-VL-8B-Instruct-RLAIF-VL
calcinosis,calcinosis,0.279296875,0,Qwen3-VL-8B-Instruct-RLAIF-VL
surgical instruments,surgical instruments,0.2333984375,0,Qwen3-VL-8B-Instruct-RLAIF-VL
surgical instruments,surgical instruments,0.142578125,1,Qwen3-VL-8B-Instruct-RLAIF-VL
surgical instruments,surgical instruments,0.55078125,1,Qwen3-VL-8B-Instruct-RLAIF-VL
pulmonary emphysema,pulmonary emphysema,0.09521484375,0,Qwen3-VL-8B-Instruct-RLAIF-VL
pulmonary emphysema,pulmonary emphysema,0.99609375,0,Qwen3-VL-8B-Instruct-RLAIF-VL
pulmonary emphysema,pulmonary emphysema,0.9453125,0,Qwen3-VL-8B-Instruct-RLAIF-VL
pulmonary emphysema,pulmonary emphysema,0.98828125,0,Qwen3-VL-8B-Instruct-RLAIF-VL
pulmonary emphysema,pulmonary emphysema,0.99609375,0,Qwen3-VL-8B-Instruct-RLAIF-VL
pulmonary emphysema,pulmonary emphysema,0.7265625,0,Qwen3-VL-8B-Instruct-RLAIF-VL
pulmonary emphysema,pulmonary emphysema,0.1748046875,0,Qwen3-VL-8B-Instruct-RLAIF-VL
pulmonary nodule,pulmonary nodule,0.09423828125,0,Qwen3-VL-8B-Instruct-RLAIF-VL
pulmonary nodule,pulmonary nodule,0.90625,1,Qwen3-VL-8B-Instruct-RLAIF-VL
pulmonary nodule,pulmonary nodule,0.9921875,1,Qwen3-VL-8B-Instruct-RLAIF-VL
pulmonary nodule,pulmonary nodule,0.60546875,1,Qwen3-VL-8B-Instruct-RLAIF-VL
pulmonary nodule,pulmonary nodule,1.0,1,Qwen3-VL-8B-Instruct-RLAIF-VL
normal,normal,0.0177001953125,0,Qwen3-VL-8B-Instruct-RLAIF-VL
pulmonary nodule,small opacity in nodule,0.14453125,0,Qwen3-VL-8B-Instruct-RLAIF-VL
pulmonary nodule,small opacity in nodule,0.0908203125,0,Qwen3-VL-8B-Instruct-RLAIF-VL
pulmonary nodule,small opacity in nodule,0.27734375,0,Qwen3-VL-8B-Instruct-RLAIF-VL
pulmonary nodule,small opacity in nodule,0.6484375,0,Qwen3-VL-8B-Instruct-RLAIF-VL
pulmonary nodule,small opacity in nodule,0.82421875,1,Qwen3-VL-8B-Instruct-RLAIF-VL
prominent interstitial opacity c,cysts,0.09423828125,0,Qwen3-VL-8B-Instruct-RLAIF-VL
prominent interstitial opacity c,cysts,0.185546875,0,Qwen3-VL-8B-Instruct-RLAIF-VL
"fractures, bone fragments","fractures, bone",0.91015625,0,Qwen3-VL-8B-Instruct-RLAIF-VL
"fractures, bone fragments","fractures, bone",0.99609375,1,Qwen3-VL-8B-Instruct-RLAIF-VL
"fractures, bone fragments","fractures, bone",0.921875,1,Qwen3-VL-8B-Instruct-RLAIF-VL
"fractures, bone fragments","fractures, bone",0.79296875,1,Qwen3-VL-8B-Instruct-RLAIF-VL
"fractures, bone fragments","fractures, bone",0.703125,1,Qwen3-VL-8B-Instruct-RLAIF-VL
diaphragmatic eventration,diaphragmatic eventration,0.310546875,0,Qwen3-VL-8B-Instruct-RLAIF-VL
diaphragmatic eventration,diaphragmatic eventration,0.9609375,1,Qwen3-VL-8B-Instruct-RLAIF-VL
diaphragmatic eventration,diaphragmatic eventration,0.96875,1,Qwen3-VL-8B-Instruct-RLAIF-VL
diaphragmatic eventration,diaphragmatic eventration,0.83203125,1,Qwen3-VL-8B-Instruct-RLAIF-VL
diaphragmatic eventration,diaphragmatic eventration,0.93359375,1,Qwen3-VL-8B-Instruct-RLAIF-VL
normal,normal,0.0177001953125,0,Qwen3-VL-8B-Instruct-RLAIF-VL
degenerative change,degenerative change in thoracic vertebrae,0.2021484375,0,Qwen3-VL-8B-Instruct-RLAIF-VL
degenerative change,degenerative change in thoracic vertebrae,0.62109375,0,Qwen3-VL-8B-Instruct-RLAIF-VL
degenerative change,degenerative change in thoracic vertebrae,0.58984375,0,Qwen3-VL-8B-Instruct-RLAIF-VL
degenerative change,degenerative change in thoracic vertebrae,0.26953125,0,Qwen3-VL-8B-Instruct-RLAIF-VL
degenerative change,degenerative change in thoracic vertebrae,0.62109375,0,Qwen3-VL-8B-Instruct-RLAIF-VL
degenerative change,degenerative change in thoracic vertebrae,0.88671875,0,Qwen3-VL-8B-Instruct-RLAIF-VL
degenerative change,degenerative change in thoracic vertebrae,0.8125,0,Qwen3-VL-8B-Instruct-RLAIF-VL
degenerative change,degenerative change in thoracic vertebrae,0.90234375,0,Qwen3-VL-8B-Instruct-RLAIF-VL
degenerative change,degenerative change in thoracic vertebrae,0.8046875,0,Qwen3-VL-8B-Instruct-RLAIF-VL
degenerative change,degenerative change in thoracic vertebrae,0.27734375,0,Qwen3-VL-8B-Instruct-RLAIF-VL
scarring,cicatrix,0.15625,0,Qwen3-VL-8B-Instruct-RLAIF-VL
scarring,cicatrix,0.4140625,0,Qwen3-VL-8B-Instruct-RLAIF-VL
scarring,cicatrix,0.0859375,0,Qwen3-VL-8B-Instruct-RLAIF-VL
cardiomegaly,implanted medical device,0.171875,0,Qwen3-VL-8B-Instruct-RLAIF-VL
cardiomegaly,implanted medical device,0.7890625,0,Qwen3-VL-8B-Instruct-RLAIF-VL
cardiomegaly,implanted medical device,0.2158203125,0,Qwen3-VL-8B-Instruct-RLAIF-VL
cardiomegaly,implanted medical device,0.63671875,1,Qwen3-VL-8B-Instruct-RLAIF-VL
normal,normal,0.0177001953125,0,Qwen3-VL-8B-Instruct-RLAIF-VL
chronic bronchitis,emphysema,0.2392578125,0,Qwen3-VL-8B-Instruct-RLAIF-VL
chronic bronchitis,emphysema,0.49609375,1,Qwen3-VL-8B-Instruct-RLAIF-VL
chronic bronchitis,emphysema,0.8671875,1,Qwen3-VL-8B-Instruct-RLAIF-VL
chronic bronchitis,emphysema,0.94140625,1,Qwen3-VL-8B-Instruct-RLAIF-VL
normal,normal,0.0177001953125,0,Qwen3-VL-8B-Instruct-RLAIF-VL
degenerative change,arthritis,0.1923828125,0,Qwen3-VL-8B-Instruct-RLAIF-VL
degenerative change,arthritis,0.11865234375,0,Qwen3-VL-8B-Instruct-RLAIF-VL
pulmonary edema,cardiomegaly,0.130859375,0,Qwen3-VL-8B-Instruct-RLAIF-VL
pulmonary edema,cardiomegaly,0.0517578125,0,Qwen3-VL-8B-Instruct-RLAIF-VL
pulmonary edema,cardiomegaly,0.34765625,1,Qwen3-VL-8B-Instruct-RLAIF-VL
pulmonary edema,cardiomegaly,0.96484375,1,Qwen3-VL-8B-Instruct-RLAIF-VL
pulmonary edema,cardiomegaly,0.984375,1,Qwen3-VL-8B-Instruct-RLAIF-VL
normal,normal,0.0177001953125,0,Qwen3-VL-8B-Instruct-RLAIF-VL
diaphragmatic eventration,diaphragmatic eventration,0.310546875,0,Qwen3-VL-8B-Instruct-RLAIF-VL
diaphragmatic eventration,diaphragmatic eventration,0.9609375,1,Qwen3-VL-8B-Instruct-RLAIF-VL
diaphragmatic eventration,diaphragmatic eventration,0.96875,1,Qwen3-VL-8B-Instruct-RLAIF-VL
diaphragmatic eventration,diaphragmatic eventration,0.83203125,1,Qwen3-VL-8B-Instruct-RLAIF-VL
diaphragmatic eventration,diaphragmatic eventration,0.93359375,1,Qwen3-VL-8B-Instruct-RLAIF-VL
pulmonary consolidation,pneumonia,0.1484375,0,Qwen3-VL-8B-Instruct-RLAIF-VL
pulmonary consolidation,pneumonia,0.921875,0,Qwen3-VL-8B-Instruct-RLAIF-VL
pulmonary consolidation,pneumonia,0.99609375,1,Qwen3-VL-8B-Instruct-RLAIF-VL
pulmonary consolidation,pneumonia,0.78125,1,Qwen3-VL-8B-Instruct-RLAIF-VL
normal,normal,0.0177001953125,0,Qwen3-VL-8B-Instruct-RLAIF-VL
pleural effusion,pleural effusion,0.2412109375,0,Qwen3-VL-8B-Instruct-RLAIF-VL
pleural effusion,pleural effusion,0.953125,1,Qwen3-VL-8B-Instruct-RLAIF-VL
pleural effusion,pleural effusion,0.9765625,1,Qwen3-VL-8B-Instruct-RLAIF-VL
pleural effusion,pleural effusion,0.9296875,1,Qwen3-VL-8B-Instruct-RLAIF-VL
"fractures, bone","fractures, bone",0.39453125,0,Qwen3-VL-8B-Instruct-RLAIF-VL
"fractures, bone","fractures, bone",1.0,1,Qwen3-VL-8B-Instruct-RLAIF-VL
"fractures, bone","fractures, bone",0.67578125,1,Qwen3-VL-8B-Instruct-RLAIF-VL
"fractures, bone","fractures, bone",0.6875,1,Qwen3-VL-8B-Instruct-RLAIF-VL
"fractures, bone","fractures, bone",0.25390625,1,Qwen3-VL-8B-Instruct-RLAIF-VL
normal,medical device in thorax,0.0177001953125,0,Qwen3-VL-8B-Instruct-RLAIF-VL
normal,medical device in thorax,0.038818359375,0,Qwen3-VL-8B-Instruct-RLAIF-VL
normal,medical device in thorax,0.04296875,0,Qwen3-VL-8B-Instruct-RLAIF-VL
normal,medical device in thorax,0.25,0,Qwen3-VL-8B-Instruct-RLAIF-VL
normal,medical device in thorax,0.435546875,0,Qwen3-VL-8B-Instruct-RLAIF-VL
tortuous vessel,tortuous vessel in aorta,0.1357421875,0,Qwen3-VL-8B-Instruct-RLAIF-VL
tortuous vessel,tortuous vessel in aorta,0.14453125,0,Qwen3-VL-8B-Instruct-RLAIF-VL
tortuous vessel,tortuous vessel in aorta,0.671875,1,Qwen3-VL-8B-Instruct-RLAIF-VL
tortuous vessel,tortuous vessel in aorta,0.328125,1,Qwen3-VL-8B-Instruct-RLAIF-VL
tortuous vessel,tortuous vessel in aorta,0.09716796875,0,Qwen3-VL-8B-Instruct-RLAIF-VL
tortuous vessel,tortuous vessel in aorta,0.396484375,0,Qwen3-VL-8B-Instruct-RLAIF-VL
tortuous vessel,tortuous vessel in aorta,0.32421875,1,Qwen3-VL-8B-Instruct-RLAIF-VL
calcinosis,calcinosis,0.12060546875,0,Qwen3-VL-8B-Instruct-RLAIF-VL
calcinosis,calcinosis,0.21484375,0,Qwen3-VL-8B-Instruct-RLAIF-VL
calcinosis,calcinosis,0.279296875,0,Qwen3-VL-8B-Instruct-RLAIF-VL
degenerative change in thor,degenerative change in thoracic vertebrae,0.13671875,0,Qwen3-VL-8B-Instruct-RLAIF-VL
degenerative change in thor,degenerative change in thoracic vertebrae,0.0966796875,0,Qwen3-VL-8B-Instruct-RLAIF-VL
degenerative change in thor,degenerative change in thoracic vertebrae,0.98046875,1,Qwen3-VL-8B-Instruct-RLAIF-VL
degenerative change in thor,degenerative change in thoracic vertebrae,0.81640625,1,Qwen3-VL-8B-Instruct-RLAIF-VL
degenerative change in thor,degenerative change in thoracic vertebrae,0.9375,1,Qwen3-VL-8B-Instruct-RLAIF-VL
degenerative change in thor,degenerative change in thoracic vertebrae,0.76171875,1,Qwen3-VL-8B-Instruct-RLAIF-VL
degenerative change in thor,degenerative change in thoracic vertebrae,0.87890625,1,Qwen3-VL-8B-Instruct-RLAIF-VL
degenerative change in thor,degenerative change in thoracic vertebrae,0.70703125,0,Qwen3-VL-8B-Instruct-RLAIF-VL
degenerative change in thor,degenerative change in thoracic vertebrae,0.98046875,1,Qwen3-VL-8B-Instruct-RLAIF-VL
degenerative change in thor,degenerative change in thoracic vertebrae,0.87109375,1,Qwen3-VL-8B-Instruct-RLAIF-VL
pulmonary interstitial disease,spondylosis,0.1611328125,0,Qwen3-VL-8B-Instruct-RLAIF-VL
pulmonary interstitial disease,spondylosis,0.35546875,0,Qwen3-VL-8B-Instruct-RLAIF-VL
pulmonary interstitial disease,spondylosis,0.59375,0,Qwen3-VL-8B-Instruct-RLAIF-VL
pulmonary interstitial disease,spondylosis,0.96484375,0,Qwen3-VL-8B-Instruct-RLAIF-VL
pulmonary interstitial disease,spondylosis,0.109375,0,Qwen3-VL-8B-Instruct-RLAIF-VL
degenerative change in thor,degenerative change in thoracic vertebrae,0.13671875,0,Qwen3-VL-8B-Instruct-RLAIF-VL
degenerative change in thor,degenerative change in thoracic vertebrae,0.0966796875,0,Qwen3-VL-8B-Instruct-RLAIF-VL
degenerative change in thor,degenerative change in thoracic vertebrae,0.98046875,1,Qwen3-VL-8B-Instruct-RLAIF-VL
degenerative change in thor,degenerative change in thoracic vertebrae,0.81640625,1,Qwen3-VL-8B-Instruct-RLAIF-VL
degenerative change in thor,degenerative change in thoracic vertebrae,0.9375,1,Qwen3-VL-8B-Instruct-RLAIF-VL
degenerative change in thor,degenerative change in thoracic vertebrae,0.76171875,1,Qwen3-VL-8B-Instruct-RLAIF-VL
degenerative change in thor,degenerative change in thoracic vertebrae,0.87890625,1,Qwen3-VL-8B-Instruct-RLAIF-VL
degenerative change in thor,degenerative change in thoracic vertebrae,0.70703125,0,Qwen3-VL-8B-Instruct-RLAIF-VL
degenerative change in thor,degenerative change in thoracic vertebrae,0.98046875,1,Qwen3-VL-8B-Instruct-RLAIF-VL
degenerative change in thor,degenerative change in thoracic vertebrae,0.87109375,1,Qwen3-VL-8B-Instruct-RLAIF-VL
pulmonary opacity,streaky opacity in opacity,0.154296875,0,Qwen3-VL-8B-Instruct-RLAIF-VL
pulmonary opacity,streaky opacity in opacity,0.09228515625,0,Qwen3-VL-8B-Instruct-RLAIF-VL
pulmonary opacity,streaky opacity in opacity,0.7734375,1,Qwen3-VL-8B-Instruct-RLAIF-VL
pulmonary opacity,streaky opacity in opacity,0.27734375,0,Qwen3-VL-8B-Instruct-RLAIF-VL
pulmonary opacity,streaky opacity in opacity,0.123046875,0,Qwen3-VL-8B-Instruct-RLAIF-VL
pulmonary opacity,streaky opacity in opacity,0.259765625,0,Qwen3-VL-8B-Instruct-RLAIF-VL
calcinosis,calcified granuloma,0.11865234375,0,Qwen3-VL-8B-Instruct-RLAIF-VL
calcinosis,calcified granuloma,0.1015625,0,Qwen3-VL-8B-Instruct-RLAIF-VL
calcinosis,calcified granuloma,0.2158203125,0,Qwen3-VL-8B-Instruct-RLAIF-VL
calcinosis,calcified granuloma,0.94140625,1,Qwen3-VL-8B-Instruct-RLAIF-VL
calcinosis,calcified granuloma,0.609375,1,Qwen3-VL-8B-Instruct-RLAIF-VL
pulmonary atelectasis,pulmonary atelectasis,0.1806640625,0,Qwen3-VL-8B-Instruct-RLAIF-VL
pulmonary atelectasis,pulmonary atelectasis,0.9375,1,Qwen3-VL-8B-Instruct-RLAIF-VL
pulmonary atelectasis,pulmonary atelectasis,0.9921875,1,Qwen3-VL-8B-Instruct-RLAIF-VL
pulmonary atelectasis,pulmonary atelectasis,0.88671875,1,Qwen3-VL-8B-Instruct-RLAIF-VL
pulmonary atelectasis,pulmonary atelectasis,1.0,1,Qwen3-VL-8B-Instruct-RLAIF-VL
pulmonary atelectasis,pulmonary atelectasis,0.9375,1,Qwen3-VL-8B-Instruct-RLAIF-VL
normal,normal,0.0177001953125,0,Qwen3-VL-8B-Instruct-RLAIF-VL
scoliosis,scoliosis,1.0,0,Qwen3-VL-8B-Instruct-RLAIF-VL
scoliosis,scoliosis,0.2421875,0,Qwen3-VL-8B-Instruct-RLAIF-VL
scoliosis,scoliosis,0.4140625,1,Qwen3-VL-8B-Instruct-RLAIF-VL
lung hypoinflation in lung,lung hypoinflation in lung,0.07177734375,0,Qwen3-VL-8B-Instruct-RLAIF-VL
lung hypoinflation in lung,lung hypoinflation in lung,0.2138671875,1,Qwen3-VL-8B-Instruct-RLAIF-VL
lung hypoinflation in lung,lung hypoinflation in lung,0.8984375,1,Qwen3-VL-8B-Instruct-RLAIF-VL
lung hypoinflation in lung,lung hypoinflation in lung,1.0,1,Qwen3-VL-8B-Instruct-RLAIF-VL
lung hypoinflation in lung,lung hypoinflation in lung,0.78125,1,Qwen3-VL-8B-Instruct-RLAIF-VL
lung hypoinflation in lung,lung hypoinflation in lung,0.7265625,1,Qwen3-VL-8B-Instruct-RLAIF-VL
normal,normal,0.0177001953125,0,Qwen3-VL-8B-Instruct-RLAIF-VL
cardiomegaly atheros,cardiomegaly,0.52734375,0,Qwen3-VL-8B-Instruct-RLAIF-VL
cardiomegaly atheros,cardiomegaly,0.75,1,Qwen3-VL-8B-Instruct-RLAIF-VL
cardiomegaly atheros,cardiomegaly,0.6015625,0,Qwen3-VL-8B-Instruct-RLAIF-VL
cardiomegaly atheros,cardiomegaly,1.0,1,Qwen3-VL-8B-Instruct-RLAIF-VL
cardiomegaly atheros,cardiomegaly,0.99609375,1,Qwen3-VL-8B-Instruct-RLAIF-VL
normal,normal,0.0177001953125,0,Qwen3-VL-8B-Instruct-RLAIF-VL
normal,normal,0.0177001953125,0,Qwen3-VL-8B-Instruct-RLAIF-VL
pulmonary opacity,streaky opacity in opacity,0.154296875,0,Qwen3-VL-8B-Instruct-RLAIF-VL
pulmonary opacity,streaky opacity in opacity,0.09228515625,0,Qwen3-VL-8B-Instruct-RLAIF-VL
pulmonary opacity,streaky opacity in opacity,0.7734375,1,Qwen3-VL-8B-Instruct-RLAIF-VL
pulmonary opacity,streaky opacity in opacity,0.27734375,0,Qwen3-VL-8B-Instruct-RLAIF-VL
pulmonary opacity,streaky opacity in opacity,0.123046875,0,Qwen3-VL-8B-Instruct-RLAIF-VL
pulmonary opacity,streaky opacity in opacity,0.259765625,0,Qwen3-VL-8B-Instruct-RLAIF-VL
normal,normal,0.0177001953125,0,Qwen3-VL-8B-Instruct-RLAIF-VL
degenerative change in spine,degenerative change in spine,0.5078125,0,Qwen3-VL-8B-Instruct-RLAIF-VL
degenerative change in spine,degenerative change in spine,0.0654296875,0,Qwen3-VL-8B-Instruct-RLAIF-VL
degenerative change in spine,degenerative change in spine,0.828125,0,Qwen3-VL-8B-Instruct-RLAIF-VL
degenerative change in spine,degenerative change in spine,0.431640625,1,Qwen3-VL-8B-Instruct-RLAIF-VL
degenerative change in spine,degenerative change in spine,0.91015625,1,Qwen3-VL-8B-Instruct-RLAIF-VL
degenerative change in spine,degenerative change in spine,0.470703125,0,Qwen3-VL-8B-Instruct-RLAIF-VL
normal,normal,0.0177001953125,0,Qwen3-VL-8B-Instruct-RLAIF-VL
calcinosis,calcinosis,0.12060546875,0,Qwen3-VL-8B-Instruct-RLAIF-VL
calcinosis,calcinosis,0.21484375,0,Qwen3-VL-8B-Instruct-RLAIF-VL
calcinosis,calcinosis,0.279296875,0,Qwen3-VL-8B-Instruct-RLAIF-VL
surgical procedure,surgical instruments,0.2109375,0,Qwen3-VL-8B-Instruct-RLAIF-VL
surgical procedure,surgical instruments,0.50390625,0,Qwen3-VL-8B-Instruct-RLAIF-VL
surgical procedure,surgical instruments,0.1484375,0,Qwen3-VL-8B-Instruct-RLAIF-VL
osteophyte,granuloma,0.09814453125,0,Qwen3-VL-8B-Instruct-RLAIF-VL
osteophyte,granuloma,0.12890625,1,Qwen3-VL-8B-Instruct-RLAIF-VL
osteophyte,granuloma,0.373046875,0,Qwen3-VL-8B-Instruct-RLAIF-VL
calcinosis,"tortuous vessel in aorta, thoracic",0.1728515625,0,Qwen3-VL-8B-Instruct-RLAIF-VL
calcinosis,"tortuous vessel in aorta, thoracic",0.234375,0,Qwen3-VL-8B-Instruct-RLAIF-VL
calcinosis,"tortuous vessel in aorta, thoracic",0.049072265625,0,Qwen3-VL-8B-Instruct-RLAIF-VL
calcinosis,"tortuous vessel in aorta, thoracic",0.125,0,Qwen3-VL-8B-Instruct-RLAIF-VL
calcinosis,"tortuous vessel in aorta, thoracic",0.2236328125,0,Qwen3-VL-8B-Instruct-RLAIF-VL
calcinosis,"tortuous vessel in aorta, thoracic",0.5625,0,Qwen3-VL-8B-Instruct-RLAIF-VL
calcinosis,"tortuous vessel in aorta, thoracic",0.208984375,0,Qwen3-VL-8B-Instruct-RLAIF-VL
calcinosis,"tortuous vessel in aorta, thoracic",0.059814453125,0,Qwen3-VL-8B-Instruct-RLAIF-VL
calcinosis,"tortuous vessel in aorta, thoracic",0.94140625,0,Qwen3-VL-8B-Instruct-RLAIF-VL
calcinosis,"tortuous vessel in aorta, thoracic",0.91796875,0,Qwen3-VL-8B-Instruct-RLAIF-VL
normal,normal,0.0177001953125,0,Qwen3-VL-8B-Instruct-RLAIF-VL
normal,normal,0.0177001953125,0,Qwen3-VL-8B-Instruct-RLAIF-VL
"pulmonary disease, chronic obstruct","lung, hyperlucent",1.0,0,Qwen3-VL-8B-Instruct-RLAIF-VL
"pulmonary disease, chronic obstruct","lung, hyperlucent",0.6171875,0,Qwen3-VL-8B-Instruct-RLAIF-VL
"pulmonary disease, chronic obstruct","lung, hyperlucent",0.15234375,0,Qwen3-VL-8B-Instruct-RLAIF-VL
"pulmonary disease, chronic obstruct","lung, hyperlucent",0.875,0,Qwen3-VL-8B-Instruct-RLAIF-VL
calcinosis,calcinosis,0.12060546875,0,Qwen3-VL-8B-Instruct-RLAIF-VL
calcinosis,calcinosis,0.21484375,0,Qwen3-VL-8B-Instruct-RLAIF-VL
calcinosis,calcinosis,0.279296875,0,Qwen3-VL-8B-Instruct-RLAIF-VL
normal,normal,0.0177001953125,0,Qwen3-VL-8B-Instruct-RLAIF-VL
normal,normal,0.0177001953125,0,Qwen3-VL-8B-Instruct-RLAIF-VL
normal,normal,0.0177001953125,0,Qwen3-VL-8B-Instruct-RLAIF-VL
normal,normal,0.0177001953125,0,Qwen3-VL-8B-Instruct-RLAIF-VL
"pulmonary disease, chronic obstruct","lung, hyperlucent",1.0,0,Qwen3-VL-8B-Instruct-RLAIF-VL
"pulmonary disease, chronic obstruct","lung, hyperlucent",0.6171875,0,Qwen3-VL-8B-Instruct-RLAIF-VL
"pulmonary disease, chronic obstruct","lung, hyperlucent",0.15234375,0,Qwen3-VL-8B-Instruct-RLAIF-VL
"pulmonary disease, chronic obstruct","lung, hyperlucent",0.875,0,Qwen3-VL-8B-Instruct-RLAIF-VL
normal,normal,0.0177001953125,0,Qwen3-VL-8B-Instruct-RLAIF-VL
calcinosis,calcinosis,0.12060546875,0,Qwen3-VL-8B-Instruct-RLAIF-VL
calcinosis,calcinosis,0.21484375,0,Qwen3-VL-8B-Instruct-RLAIF-VL
calcinosis,calcinosis,0.279296875,0,Qwen3-VL-8B-Instruct-RLAIF-VL
pulmonary emphysema,calcinosis,0.06591796875,0,Qwen3-VL-8B-Instruct-RLAIF-VL
pulmonary emphysema,calcinosis,0.373046875,0,Qwen3-VL-8B-Instruct-RLAIF-VL
pulmonary emphysema,calcinosis,0.427734375,1,Qwen3-VL-8B-Instruct-RLAIF-VL
atherosclerosis,atherosclerosis,0.2294921875,0,Qwen3-VL-8B-Instruct-RLAIF-VL
atherosclerosis,atherosclerosis,0.8828125,1,Qwen3-VL-8B-Instruct-RLAIF-VL
atherosclerosis,atherosclerosis,0.7890625,1,Qwen3-VL-8B-Instruct-RLAIF-VL
lucency in lung,"lung, hyperlucent",0.1220703125,0,Qwen3-VL-8B-Instruct-RLAIF-VL
lucency in lung,"lung, hyperlucent",0.10498046875,1,Qwen3-VL-8B-Instruct-RLAIF-VL
lucency in lung,"lung, hyperlucent",0.099609375,0,Qwen3-VL-8B-Instruct-RLAIF-VL
lucency in lung,"lung, hyperlucent",0.7578125,0,Qwen3-VL-8B-Instruct-RLAIF-VL
cardiomegaly,cardiomegaly,0.66796875,0,Qwen3-VL-8B-Instruct-RLAIF-VL
cardiomegaly,cardiomegaly,0.734375,0,Qwen3-VL-8B-Instruct-RLAIF-VL
cardiomegaly,cardiomegaly,0.73046875,0,Qwen3-VL-8B-Instruct-RLAIF-VL
cardiomegaly,cardiomegaly,0.9453125,0,Qwen3-VL-8B-Instruct-RLAIF-VL
cardiomegaly,cardiomegaly,0.1318359375,0,Qwen3-VL-8B-Instruct-RLAIF-VL
normal,normal,0.0177001953125,0,Qwen3-VL-8B-Instruct-RLAIF-VL
lung hypoinflation in em,lung hypoinflation in lung,1.0,0,Qwen3-VL-8B-Instruct-RLAIF-VL
lung hypoinflation in em,lung hypoinflation in lung,0.0947265625,0,Qwen3-VL-8B-Instruct-RLAIF-VL
lung hypoinflation in em,lung hypoinflation in lung,0.4375,1,Qwen3-VL-8B-Instruct-RLAIF-VL
lung hypoinflation in em,lung hypoinflation in lung,0.98828125,1,Qwen3-VL-8B-Instruct-RLAIF-VL
lung hypoinflation in em,lung hypoinflation in lung,0.5078125,1,Qwen3-VL-8B-Instruct-RLAIF-VL
lung hypoinflation in em,lung hypoinflation in lung,0.96484375,0,Qwen3-VL-8B-Instruct-RLAIF-VL
pulmonary atelectasis,cardiomegaly,0.28125,0,Qwen3-VL-8B-Instruct-RLAIF-VL
pulmonary atelectasis,cardiomegaly,0.228515625,0,Qwen3-VL-8B-Instruct-RLAIF-VL
pulmonary atelectasis,cardiomegaly,0.65234375,1,Qwen3-VL-8B-Instruct-RLAIF-VL
pulmonary atelectasis,cardiomegaly,1.0,1,Qwen3-VL-8B-Instruct-RLAIF-VL
pulmonary atelectasis,cardiomegaly,0.98046875,1,Qwen3-VL-8B-Instruct-RLAIF-VL
normal,normal,0.0177001953125,0,Qwen3-VL-8B-Instruct-RLAIF-VL
normal,normal,0.0177001953125,0,Qwen3-VL-8B-Instruct-RLAIF-VL
normal,normal,0.0177001953125,0,Qwen3-VL-8B-Instruct-RLAIF-VL
normal,normal,0.0177001953125,0,Qwen3-VL-8B-Instruct-RLAIF-VL
cardiomegaly,cardiomegaly,0.66796875,0,Qwen3-VL-8B-Instruct-RLAIF-VL
cardiomegaly,cardiomegaly,0.734375,0,Qwen3-VL-8B-Instruct-RLAIF-VL
cardiomegaly,cardiomegaly,0.73046875,0,Qwen3-VL-8B-Instruct-RLAIF-VL
cardiomegaly,cardiomegaly,0.9453125,0,Qwen3-VL-8B-Instruct-RLAIF-VL
cardiomegaly,cardiomegaly,0.1318359375,0,Qwen3-VL-8B-Instruct-RLAIF-VL
normal,normal,0.0177001953125,0,Qwen3-VL-8B-Instruct-RLAIF-VL
tortuous vessel in a,"tortuous vessel in aorta, thoracic",0.546875,0,Qwen3-VL-8B-Instruct-RLAIF-VL
tortuous vessel in a,"tortuous vessel in aorta, thoracic",0.298828125,0,Qwen3-VL-8B-Instruct-RLAIF-VL
tortuous vessel in a,"tortuous vessel in aorta, thoracic",0.455078125,0,Qwen3-VL-8B-Instruct-RLAIF-VL
tortuous vessel in a,"tortuous vessel in aorta, thoracic",0.87890625,0,Qwen3-VL-8B-Instruct-RLAIF-VL
tortuous vessel in a,"tortuous vessel in aorta, thoracic",0.4453125,0,Qwen3-VL-8B-Instruct-RLAIF-VL
tortuous vessel in a,"tortuous vessel in aorta, thoracic",0.302734375,0,Qwen3-VL-8B-Instruct-RLAIF-VL
tortuous vessel in a,"tortuous vessel in aorta, thoracic",0.2451171875,0,Qwen3-VL-8B-Instruct-RLAIF-VL
tortuous vessel in a,"tortuous vessel in aorta, thoracic",0.11083984375,0,Qwen3-VL-8B-Instruct-RLAIF-VL
tortuous vessel in a,"tortuous vessel in aorta, thoracic",0.94921875,0,Qwen3-VL-8B-Instruct-RLAIF-VL
tortuous vessel in a,"tortuous vessel in aorta, thoracic",0.8125,0,Qwen3-VL-8B-Instruct-RLAIF-VL
calcified granuloma,calcified granuloma,0.89453125,0,Qwen3-VL-8B-Instruct-RLAIF-VL
calcified granuloma,calcified granuloma,0.19921875,0,Qwen3-VL-8B-Instruct-RLAIF-VL
calcified granuloma,calcified granuloma,0.3984375,0,Qwen3-VL-8B-Instruct-RLAIF-VL
calcified granuloma,calcified granuloma,0.353515625,0,Qwen3-VL-8B-Instruct-RLAIF-VL
calcified granuloma,calcified granuloma,1.0,0,Qwen3-VL-8B-Instruct-RLAIF-VL
cardiomegaly,cardiomegaly,0.66796875,0,Qwen3-VL-8B-Instruct-RLAIF-VL
cardiomegaly,cardiomegaly,0.734375,0,Qwen3-VL-8B-Instruct-RLAIF-VL
cardiomegaly,cardiomegaly,0.73046875,0,Qwen3-VL-8B-Instruct-RLAIF-VL
cardiomegaly,cardiomegaly,0.9453125,0,Qwen3-VL-8B-Instruct-RLAIF-VL
cardiomegaly,cardiomegaly,0.1318359375,0,Qwen3-VL-8B-Instruct-RLAIF-VL
normal,normal,0.0177001953125,0,Qwen3-VL-8B-Instruct-RLAIF-VL
hernia,"hernia, hiatal",0.0498046875,0,Qwen3-VL-8B-Instruct-RLAIF-VL
hernia,"hernia, hiatal",0.462890625,0,Qwen3-VL-8B-Instruct-RLAIF-VL
hernia,"hernia, hiatal",0.1630859375,0,Qwen3-VL-8B-Instruct-RLAIF-VL
hernia,"hernia, hiatal",0.0849609375,0,Qwen3-VL-8B-Instruct-RLAIF-VL
hernia,"hernia, hiatal",0.58203125,0,Qwen3-VL-8B-Instruct-RLAIF-VL
hernia,"hernia, hiatal",0.8828125,0,Qwen3-VL-8B-Instruct-RLAIF-VL
normal,normal,0.0177001953125,0,Qwen3-VL-8B-Instruct-RLAIF-VL
pulmonary edema,pleural effusion,0.267578125,0,Qwen3-VL-8B-Instruct-RLAIF-VL
pulmonary edema,pleural effusion,0.23046875,0,Qwen3-VL-8B-Instruct-RLAIF-VL
pulmonary edema,pleural effusion,0.9296875,1,Qwen3-VL-8B-Instruct-RLAIF-VL
pulmonary edema,pleural effusion,0.83203125,1,Qwen3-VL-8B-Instruct-RLAIF-VL
pulmonary atelectasis,pulmonary atelectasis,0.1806640625,0,Qwen3-VL-8B-Instruct-RLAIF-VL
pulmonary atelectasis,pulmonary atelectasis,0.9375,1,Qwen3-VL-8B-Instruct-RLAIF-VL
pulmonary atelectasis,pulmonary atelectasis,0.9921875,1,Qwen3-VL-8B-Instruct-RLAIF-VL
pulmonary atelectasis,pulmonary atelectasis,0.88671875,1,Qwen3-VL-8B-Instruct-RLAIF-VL
pulmonary atelectasis,pulmonary atelectasis,1.0,1,Qwen3-VL-8B-Instruct-RLAIF-VL
pulmonary atelectasis,pulmonary atelectasis,0.9375,1,Qwen3-VL-8B-Instruct-RLAIF-VL
normal,normal,0.0177001953125,0,Qwen3-VL-8B-Instruct-RLAIF-VL
tortuous vessel diagnosis:,diaphragmatic eventration,0.0849609375,0,Qwen3-VL-8B-Instruct-RLAIF-VL
tortuous vessel diagnosis:,diaphragmatic eventration,0.63671875,0,Qwen3-VL-8B-Instruct-RLAIF-VL
tortuous vessel diagnosis:,diaphragmatic eventration,0.81640625,1,Qwen3-VL-8B-Instruct-RLAIF-VL
tortuous vessel diagnosis:,diaphragmatic eventration,0.8359375,0,Qwen3-VL-8B-Instruct-RLAIF-VL
tortuous vessel diagnosis:,diaphragmatic eventration,1.0,1,Qwen3-VL-8B-Instruct-RLAIF-VL
osteophyte,osteophyte,0.09814453125,0,Qwen3-VL-8B-Instruct-RLAIF-VL
osteophyte,osteophyte,0.6953125,1,Qwen3-VL-8B-Instruct-RLAIF-VL
osteophyte,osteophyte,0.98046875,1,Qwen3-VL-8B-Instruct-RLAIF-VL
atherosclerosis,atherosclerosis,0.2294921875,0,Qwen3-VL-8B-Instruct-RLAIF-VL
atherosclerosis,atherosclerosis,0.8828125,1,Qwen3-VL-8B-Instruct-RLAIF-VL
atherosclerosis,atherosclerosis,0.7890625,1,Qwen3-VL-8B-Instruct-RLAIF-VL
atherosclerosis,atherosclerosis,0.2294921875,0,Qwen3-VL-8B-Instruct-RLAIF-VL
atherosclerosis,atherosclerosis,0.8828125,1,Qwen3-VL-8B-Instruct-RLAIF-VL
atherosclerosis,atherosclerosis,0.7890625,1,Qwen3-VL-8B-Instruct-RLAIF-VL
streaky opacity in opacity,pleural effusion,0.08740234375,0,Qwen3-VL-8B-Instruct-RLAIF-VL
streaky opacity in opacity,pleural effusion,0.80859375,1,Qwen3-VL-8B-Instruct-RLAIF-VL
streaky opacity in opacity,pleural effusion,0.69921875,1,Qwen3-VL-8B-Instruct-RLAIF-VL
streaky opacity in opacity,pleural effusion,0.953125,1,Qwen3-VL-8B-Instruct-RLAIF-VL
osteophyte,granuloma,0.09814453125,0,Qwen3-VL-8B-Instruct-RLAIF-VL
osteophyte,granuloma,0.12890625,1,Qwen3-VL-8B-Instruct-RLAIF-VL
osteophyte,granuloma,0.373046875,0,Qwen3-VL-8B-Instruct-RLAIF-VL
tortuous vessel in a,tortuous vessel in aorta,0.546875,0,Qwen3-VL-8B-Instruct-RLAIF-VL
tortuous vessel in a,tortuous vessel in aorta,0.298828125,0,Qwen3-VL-8B-Instruct-RLAIF-VL
tortuous vessel in a,tortuous vessel in aorta,0.4765625,0,Qwen3-VL-8B-Instruct-RLAIF-VL
tortuous vessel in a,tortuous vessel in aorta,0.87890625,0,Qwen3-VL-8B-Instruct-RLAIF-VL
tortuous vessel in a,tortuous vessel in aorta,0.447265625,0,Qwen3-VL-8B-Instruct-RLAIF-VL
tortuous vessel in a,tortuous vessel in aorta,0.314453125,0,Qwen3-VL-8B-Instruct-RLAIF-VL
tortuous vessel in a,tortuous vessel in aorta,0.24609375,0,Qwen3-VL-8B-Instruct-RLAIF-VL
cardiomegaly,cardiomegaly,0.66796875,0,Qwen3-VL-8B-Instruct-RLAIF-VL
cardiomegaly,cardiomegaly,0.734375,0,Qwen3-VL-8B-Instruct-RLAIF-VL
cardiomegaly,cardiomegaly,0.73046875,0,Qwen3-VL-8B-Instruct-RLAIF-VL
cardiomegaly,cardiomegaly,0.9453125,0,Qwen3-VL-8B-Instruct-RLAIF-VL
cardiomegaly,cardiomegaly,0.1318359375,0,Qwen3-VL-8B-Instruct-RLAIF-VL
elevated diaphragm,lung hypoinflation in lung,0.0732421875,0,Qwen3-VL-8B-Instruct-RLAIF-VL
elevated diaphragm,lung hypoinflation in lung,0.0869140625,0,Qwen3-VL-8B-Instruct-RLAIF-VL
elevated diaphragm,lung hypoinflation in lung,0.302734375,0,Qwen3-VL-8B-Instruct-RLAIF-VL
elevated diaphragm,lung hypoinflation in lung,0.330078125,0,Qwen3-VL-8B-Instruct-RLAIF-VL
elevated diaphragm,lung hypoinflation in lung,0.2099609375,0,Qwen3-VL-8B-Instruct-RLAIF-VL
elevated diaphragm,lung hypoinflation in lung,0.1943359375,0,Qwen3-VL-8B-Instruct-RLAIF-VL
osteophyte,osteophyte,0.09814453125,0,Qwen3-VL-8B-Instruct-RLAIF-VL
osteophyte,osteophyte,0.6953125,1,Qwen3-VL-8B-Instruct-RLAIF-VL
osteophyte,osteophyte,0.98046875,1,Qwen3-VL-8B-Instruct-RLAIF-VL
pulmonary opacity,pulmonary atelectasis,0.154296875,0,Qwen3-VL-8B-Instruct-RLAIF-VL
pulmonary opacity,pulmonary atelectasis,0.87890625,1,Qwen3-VL-8B-Instruct-RLAIF-VL
pulmonary opacity,pulmonary atelectasis,0.99609375,1,Qwen3-VL-8B-Instruct-RLAIF-VL
pulmonary opacity,pulmonary atelectasis,0.69921875,0,Qwen3-VL-8B-Instruct-RLAIF-VL
pulmonary opacity,pulmonary atelectasis,1.0,1,Qwen3-VL-8B-Instruct-RLAIF-VL
pulmonary opacity,pulmonary atelectasis,0.84375,1,Qwen3-VL-8B-Instruct-RLAIF-VL
normal,normal,0.0177001953125,0,Qwen3-VL-8B-Instruct-RLAIF-VL
fibrosis flater,atherosclerosis,0.043701171875,0,Qwen3-VL-8B-Instruct-RLAIF-VL
fibrosis flater,atherosclerosis,0.057861328125,0,Qwen3-VL-8B-Instruct-RLAIF-VL
fibrosis flater,atherosclerosis,0.52734375,1,Qwen3-VL-8B-Instruct-RLAIF-VL
normal,normal,0.0177001953125,0,Qwen3-VL-8B-Instruct-RLAIF-VL
scoliosis,calcified granuloma,1.0,0,Qwen3-VL-8B-Instruct-RLAIF-VL
scoliosis,calcified granuloma,0.21484375,0,Qwen3-VL-8B-Instruct-RLAIF-VL
scoliosis,calcified granuloma,0.38671875,0,Qwen3-VL-8B-Instruct-RLAIF-VL
scoliosis,calcified granuloma,0.07763671875,0,Qwen3-VL-8B-Instruct-RLAIF-VL
scoliosis,calcified granuloma,0.7890625,0,Qwen3-VL-8B-Instruct-RLAIF-VL
pleural effusion,pleural effusion,0.2412109375,0,Qwen3-VL-8B-Instruct-RLAIF-VL
pleural effusion,pleural effusion,0.953125,1,Qwen3-VL-8B-Instruct-RLAIF-VL
pleural effusion,pleural effusion,0.9765625,1,Qwen3-VL-8B-Instruct-RLAIF-VL
pleural effusion,pleural effusion,0.9296875,1,Qwen3-VL-8B-Instruct-RLAIF-VL
normal,normal,0.0177001953125,0,Qwen3-VL-8B-Instruct-RLAIF-VL
normal,normal,0.0177001953125,0,Qwen3-VL-8B-Instruct-RLAIF-VL
cardiomegaly,cystic fibrosis,0.66796875,0,Qwen3-VL-8B-Instruct-RLAIF-VL
cardiomegaly,cystic fibrosis,0.80078125,0,Qwen3-VL-8B-Instruct-RLAIF-VL
cardiomegaly,cystic fibrosis,0.07958984375,0,Qwen3-VL-8B-Instruct-RLAIF-VL
cardiomegaly,cystic fibrosis,0.765625,0,Qwen3-VL-8B-Instruct-RLAIF-VL
cardiomegaly,cystic fibrosis,0.1787109375,0,Qwen3-VL-8B-Instruct-RLAIF-VL
granuloma,granuloma,0.46484375,0,Qwen3-VL-8B-Instruct-RLAIF-VL
granuloma,granuloma,0.0732421875,0,Qwen3-VL-8B-Instruct-RLAIF-VL
granuloma,granuloma,0.13671875,0,Qwen3-VL-8B-Instruct-RLAIF-VL
degenerative change in spine,lung hyperdistention in lung,0.8515625,0,Qwen3-VL-8B-Instruct-RLAIF-VL
degenerative change in spine,lung hyperdistention in lung,0.171875,0,Qwen3-VL-8B-Instruct-RLAIF-VL
degenerative change in spine,lung hyperdistention in lung,0.26171875,0,Qwen3-VL-8B-Instruct-RLAIF-VL
degenerative change in spine,lung hyperdistention in lung,0.63671875,0,Qwen3-VL-8B-Instruct-RLAIF-VL
degenerative change in spine,lung hyperdistention in lung,0.490234375,0,Qwen3-VL-8B-Instruct-RLAIF-VL
degenerative change in spine,lung hyperdistention in lung,0.2265625,0,Qwen3-VL-8B-Instruct-RLAIF-VL
chronic lung disease,cicatrix,0.28515625,0,Qwen3-VL-8B-Instruct-RLAIF-VL
chronic lung disease,cicatrix,0.263671875,0,Qwen3-VL-8B-Instruct-RLAIF-VL
chronic lung disease,cicatrix,0.1611328125,0,Qwen3-VL-8B-Instruct-RLAIF-VL
pulmonary nodule,pulmonary nodule,0.09423828125,0,Qwen3-VL-8B-Instruct-RLAIF-VL
pulmonary nodule,pulmonary nodule,0.90625,1,Qwen3-VL-8B-Instruct-RLAIF-VL
pulmonary nodule,pulmonary nodule,0.9921875,1,Qwen3-VL-8B-Instruct-RLAIF-VL
pulmonary nodule,pulmonary nodule,0.60546875,1,Qwen3-VL-8B-Instruct-RLAIF-VL
pulmonary nodule,pulmonary nodule,1.0,1,Qwen3-VL-8B-Instruct-RLAIF-VL
normal,normal,0.0177001953125,0,Qwen3-VL-8B-Instruct-RLAIF-VL
