prompt,response,confidence,correct,model
normal,normal,0.0157470703125,0,Qwen3-VL-8B-Instruct-frugalVL
normal,normal,0.0157470703125,0,Qwen3-VL-8B-Instruct-frugalVL
cardiomegaly,cardiomegaly,0.671875,0,Qwen3-VL-8B-Instruct-frugalVL
cardiomegaly,cardiomegaly,0.734375,0,Qwen3-VL-8B-Instruct-frugalVL
cardiomegaly,cardiomegaly,0.75390625,0,Qwen3-VL-8B-Instruct-frugalVL
cardiomegaly,cardiomegaly,0.94140625,0,Qwen3-VL-8B-Instruct-frugalVL
cardiomegaly,cardiomegaly,0.126953125,0,Qwen3-VL-8B-Instruct-frugalVL
normal,normal,0.0157470703125,0,Qwen3-VL-8B-Instruct-frugalVL
focal airspace consolidation,focal abnormality in airspace disease,0.1064453125,0,Qwen3-VL-8B-Instruct-frugalVL
focal airspace consolidation,focal abnormality in airspace disease,0.62109375,1,Qwen3-VL-8B-Instruct-frugalVL
focal airspace consolidation,focal abnormality in airspace disease,0.8984375,0,Qwen3-VL-8B-Instruct-frugalVL
focal airspace consolidation,focal abnormality in airspace disease,0.7421875,1,Qwen3-VL-8B-Instruct-frugalVL
focal airspace consolidation,focal abnormality in airspace disease,0.125,1,Qwen3-VL-8B-Instruct-frugalVL
focal airspace consolidation,focal abnormality in airspace disease,0.60546875,0,Qwen3-VL-8B-Instruct-frugalVL
focal airspace consolidation,focal abnormality in airspace disease,0.240234375,0,Qwen3-VL-8B-Instruct-frugalVL
pulmonary atelectasis,pleural effusion,0.1787109375,0,Qwen3-VL-8B-Instruct-frugalVL
pulmonary atelectasis,pleural effusion,0.74609375,1,Qwen3-VL-8B-Instruct-frugalVL
pulmonary atelectasis,pleural effusion,0.984375,1,Qwen3-VL-8B-Instruct-frugalVL
pulmonary atelectasis,pleural effusion,0.94921875,1,Qwen3-VL-8B-Instruct-frugalVL
normal,normal,0.0157470703125,0,Qwen3-VL-8B-Instruct-frugalVL
pulmonary atelectasis,pulmonary atelectasis,0.1787109375,0,Qwen3-VL-8B-Instruct-frugalVL
pulmonary atelectasis,pulmonary atelectasis,0.9296875,1,Qwen3-VL-8B-Instruct-frugalVL
pulmonary atelectasis,pulmonary atelectasis,0.9921875,1,Qwen3-VL-8B-Instruct-frugalVL
pulmonary atelectasis,pulmonary atelectasis,0.890625,1,Qwen3-VL-8B-Instruct-frugalVL
pulmonary atelectasis,pulmonary atelectasis,1.0,1,Qwen3-VL-8B-Instruct-frugalVL
pulmonary atelectasis,pulmonary atelectasis,0.9375,1,Qwen3-VL-8B-Instruct-frugalVL
normal,normal,0.0157470703125,0,Qwen3-VL-8B-Instruct-frugalVL
pulmonary opacity,cardiomegaly,0.162109375,0,Qwen3-VL-8B-Instruct-frugalVL
pulmonary opacity,cardiomegaly,0.74609375,1,Qwen3-VL-8B-Instruct-frugalVL
pulmonary opacity,cardiomegaly,1.0,1,Qwen3-VL-8B-Instruct-frugalVL
pulmonary opacity,cardiomegaly,1.0,1,Qwen3-VL-8B-Instruct-frugalVL
pulmonary opacity,cardiomegaly,0.99609375,1,Qwen3-VL-8B-Instruct-frugalVL
pneumonia,pneumonia,0.337890625,0,Qwen3-VL-8B-Instruct-frugalVL
pneumonia,pneumonia,0.169921875,1,Qwen3-VL-8B-Instruct-frugalVL
pneumonia,pneumonia,0.9609375,1,Qwen3-VL-8B-Instruct-frugalVL
pneumonia,pneumonia,0.625,0,Qwen3-VL-8B-Instruct-frugalVL
normal,normal,0.0157470703125,0,Qwen3-VL-8B-Instruct-frugalVL
normal,normal,0.0157470703125,0,Qwen3-VL-8B-Instruct-frugalVL
normal,normal,0.0157470703125,0,Qwen3-VL-8B-Instruct-frugalVL
calcinosis,"bone diseases, metabolic",0.302734375,0,Qwen3-VL-8B-Instruct-frugalVL
calcinosis,"bone diseases, metabolic",0.275390625,0,Qwen3-VL-8B-Instruct-frugalVL
calcinosis,"bone diseases, metabolic",0.1669921875,0,Qwen3-VL-8B-Instruct-frugalVL
calcinosis,"bone diseases, metabolic",0.08056640625,0,Qwen3-VL-8B-Instruct-frugalVL
normal,normal,0.0157470703125,0,Qwen3-VL-8B-Instruct-frugalVL
pulmonary atelectasis,pulmonary atelectasis,0.1787109375,0,Qwen3-VL-8B-Instruct-frugalVL
pulmonary atelectasis,pulmonary atelectasis,0.9296875,1,Qwen3-VL-8B-Instruct-frugalVL
pulmonary atelectasis,pulmonary atelectasis,0.9921875,1,Qwen3-VL-8B-Instruct-frugalVL
pulmonary atelectasis,pulmonary atelectasis,0.890625,1,Qwen3-VL-8B-Instruct-frugalVL
pulmonary atelectasis,pulmonary atelectasis,1.0,1,Qwen3-VL-8B-Instruct-frugalVL
pulmonary atelectasis,pulmonary atelectasis,0.9375,1,Qwen3-VL-8B-Instruct-frugalVL
normal,normal,0.0157470703125,0,Qwen3-VL-8B-Instruct-frugalVL
degenerative change in thor,tortuous vessel in aorta,0.142578125,0,Qwen3-VL-8B-Instruct-frugalVL
degenerative change in thor,tortuous vessel in aorta,0.53125,0,Qwen3-VL-8B-Instruct-frugalVL
degenerative change in thor,tortuous vessel in aorta,0.1357421875,0,Qwen3-VL-8B-Instruct-frugalVL
degenerative change in thor,tortuous vessel in aorta,0.1015625,0,Qwen3-VL-8B-Instruct-frugalVL
degenerative change in thor,tortuous vessel in aorta,0.1826171875,0,Qwen3-VL-8B-Instruct-frugalVL
degenerative change in thor,tortuous vessel in aorta,0.173828125,0,Qwen3-VL-8B-Instruct-frugalVL
degenerative change in thor,tortuous vessel in aorta,0.64453125,1,Qwen3-VL-8B-Instruct-frugalVL
granuloma,granuloma,0.5078125,0,Qwen3-VL-8B-Instruct-frugalVL
granuloma,granuloma,0.0673828125,0,Qwen3-VL-8B-Instruct-frugalVL
granuloma,granuloma,0.11083984375,0,Qwen3-VL-8B-Instruct-frugalVL
cardiomegaly,cardiomegaly,0.671875,0,Qwen3-VL-8B-Instruct-frugalVL
cardiomegaly,cardiomegaly,0.734375,0,Qwen3-VL-8B-Instruct-frugalVL
cardiomegaly,cardiomegaly,0.75390625,0,Qwen3-VL-8B-Instruct-frugalVL
cardiomegaly,cardiomegaly,0.94140625,0,Qwen3-VL-8B-Instruct-frugalVL
cardiomegaly,cardiomegaly,0.126953125,0,Qwen3-VL-8B-Instruct-frugalVL
normal,normal,0.0157470703125,0,Qwen3-VL-8B-Instruct-frugalVL
normal,normal,0.0157470703125,0,Qwen3-VL-8B-Instruct-frugalVL
lung hypoinflation in lung,lung hypoinflation in lung,0.0810546875,0,Qwen3-VL-8B-Instruct-frugalVL
lung hypoinflation in lung,lung hypoinflation in lung,0.1982421875,1,Qwen3-VL-8B-Instruct-frugalVL
lung hypoinflation in lung,lung hypoinflation in lung,0.87890625,1,Qwen3-VL-8B-Instruct-frugalVL
lung hypoinflation in lung,lung hypoinflation in lung,1.0,1,Qwen3-VL-8B-Instruct-frugalVL
lung hypoinflation in lung,lung hypoinflation in lung,0.77734375,1,Qwen3-VL-8B-Instruct-frugalVL
lung hypoinflation in lung,lung hypoinflation in lung,0.75,1,Qwen3-VL-8B-Instruct-frugalVL
normal,normal,0.0157470703125,0,Qwen3-VL-8B-Instruct-frugalVL
cardiomegaly,cardiomegaly,0.671875,0,Qwen3-VL-8B-Instruct-frugalVL
cardiomegaly,cardiomegaly,0.734375,0,Qwen3-VL-8B-Instruct-frugalVL
cardiomegaly,cardiomegaly,0.75390625,0,Qwen3-VL-8B-Instruct-frugalVL
cardiomegaly,cardiomegaly,0.94140625,0,Qwen3-VL-8B-Instruct-frugalVL
cardiomegaly,cardiomegaly,0.126953125,0,Qwen3-VL-8B-Instruct-frugalVL
normal,normal,0.0157470703125,0,Qwen3-VL-8B-Instruct-frugalVL
normal,normal,0.0157470703125,0,Qwen3-VL-8B-Instruct-frugalVL
cardiomegaly,cardiomegaly,0.671875,0,Qwen3-VL-8B-Instruct-frugalVL
cardiomegaly,cardiomegaly,0.734375,0,Qwen3-VL-8B-Instruct-frugalVL
cardiomegaly,cardiomegaly,0.75390625,0,Qwen3-VL-8B-Instruct-frugalVL
cardiomegaly,cardiomegaly,0.94140625,0,Qwen3-VL-8B-Instruct-frugalVL
cardiomegaly,cardiomegaly,0.126953125,0,Qwen3-VL-8B-Instruct-frugalVL
normal,normal,0.0157470703125,0,Qwen3-VL-8B-Instruct-frugalVL
pulmonary atelectasis,calcified granuloma,0.28125,0,Qwen3-VL-8B-Instruct-frugalVL
pulmonary atelectasis,calcified granuloma,0.0556640625,0,Qwen3-VL-8B-Instruct-frugalVL
pulmonary atelectasis,calcified granuloma,0.455078125,0,Qwen3-VL-8B-Instruct-frugalVL
pulmonary atelectasis,calcified granuloma,0.443359375,0,Qwen3-VL-8B-Instruct-frugalVL
pulmonary atelectasis,calcified granuloma,0.98046875,0,Qwen3-VL-8B-Instruct-frugalVL
degenerative change in spine,pulmonary atelectasis,0.18359375,0,Qwen3-VL-8B-Instruct-frugalVL
degenerative change in spine,pulmonary atelectasis,0.07568359375,0,Qwen3-VL-8B-Instruct-frugalVL
degenerative change in spine,pulmonary atelectasis,0.451171875,1,Qwen3-VL-8B-Instruct-frugalVL
degenerative change in spine,pulmonary atelectasis,0.171875,0,Qwen3-VL-8B-Instruct-frugalVL
degenerative change in spine,pulmonary atelectasis,0.99609375,1,Qwen3-VL-8B-Instruct-frugalVL
degenerative change in spine,pulmonary atelectasis,0.90625,1,Qwen3-VL-8B-Instruct-frugalVL
normal,normal,0.0157470703125,0,Qwen3-VL-8B-Instruct-frugalVL
atrophy,cicatrix,0.66015625,0,Qwen3-VL-8B-Instruct-frugalVL
atrophy,cicatrix,0.4765625,0,Qwen3-VL-8B-Instruct-frugalVL
atrophy,cicatrix,0.125,0,Qwen3-VL-8B-Instruct-frugalVL
calcified granuloma,calcified granuloma,0.8984375,0,Qwen3-VL-8B-Instruct-frugalVL
calcified granuloma,calcified granuloma,0.21875,0,Qwen3-VL-8B-Instruct-frugalVL
calcified granuloma,calcified granuloma,0.3984375,0,Qwen3-VL-8B-Instruct-frugalVL
calcified granuloma,calcified granuloma,0.314453125,0,Qwen3-VL-8B-Instruct-frugalVL
calcified granuloma,calcified granuloma,1.0,0,Qwen3-VL-8B-Instruct-frugalVL
normal,normal,0.0157470703125,0,Qwen3-VL-8B-Instruct-frugalVL
calcinosis,cicatrix,0.12451171875,0,Qwen3-VL-8B-Instruct-frugalVL
calcinosis,cicatrix,0.1318359375,0,Qwen3-VL-8B-Instruct-frugalVL
calcinosis,cicatrix,0.375,0,Qwen3-VL-8B-Instruct-frugalVL
pulmonary atelectasis,atherosclerosis,0.1787109375,0,Qwen3-VL-8B-Instruct-frugalVL
pulmonary atelectasis,atherosclerosis,0.94140625,1,Qwen3-VL-8B-Instruct-frugalVL
pulmonary atelectasis,atherosclerosis,0.84765625,1,Qwen3-VL-8B-Instruct-frugalVL
pulmonary hypoinflation,lung hypoinflation in lung,0.1494140625,0,Qwen3-VL-8B-Instruct-frugalVL
pulmonary hypoinflation,lung hypoinflation in lung,0.12109375,0,Qwen3-VL-8B-Instruct-frugalVL
pulmonary hypoinflation,lung hypoinflation in lung,0.490234375,1,Qwen3-VL-8B-Instruct-frugalVL
pulmonary hypoinflation,lung hypoinflation in lung,0.9921875,1,Qwen3-VL-8B-Instruct-frugalVL
pulmonary hypoinflation,lung hypoinflation in lung,0.12158203125,0,Qwen3-VL-8B-Instruct-frugalVL
pulmonary hypoinflation,lung hypoinflation in lung,0.2109375,0,Qwen3-VL-8B-Instruct-frugalVL
calcinosis,calcinosis,0.11328125,0,Qwen3-VL-8B-Instruct-frugalVL
calcinosis,calcinosis,0.2294921875,0,Qwen3-VL-8B-Instruct-frugalVL
calcinosis,calcinosis,0.2734375,0,Qwen3-VL-8B-Instruct-frugalVL
foreign bodies,foreign bodies,0.166015625,0,Qwen3-VL-8B-Instruct-frugalVL
foreign bodies,foreign bodies,0.310546875,1,Qwen3-VL-8B-Instruct-frugalVL
normal,normal,0.0157470703125,0,Qwen3-VL-8B-Instruct-frugalVL
chronic lung disease,bronchiectasis,0.275390625,0,Qwen3-VL-8B-Instruct-frugalVL
chronic lung disease,bronchiectasis,0.67578125,0,Qwen3-VL-8B-Instruct-frugalVL
chronic lung disease,bronchiectasis,0.7578125,1,Qwen3-VL-8B-Instruct-frugalVL
chronic lung disease,bronchiectasis,0.84765625,0,Qwen3-VL-8B-Instruct-frugalVL
pulmonary emphysema,calcinosis,0.06689453125,0,Qwen3-VL-8B-Instruct-frugalVL
pulmonary emphysema,calcinosis,0.39453125,0,Qwen3-VL-8B-Instruct-frugalVL
pulmonary emphysema,calcinosis,0.404296875,1,Qwen3-VL-8B-Instruct-frugalVL
normal,normal,0.0157470703125,0,Qwen3-VL-8B-Instruct-frugalVL
normal,normal,0.0157470703125,0,Qwen3-VL-8B-Instruct-frugalVL
normal,normal,0.0157470703125,0,Qwen3-VL-8B-Instruct-frugalVL
calcinosis,calcinosis,0.11328125,0,Qwen3-VL-8B-Instruct-frugalVL
calcinosis,calcinosis,0.2294921875,0,Qwen3-VL-8B-Instruct-frugalVL
calcinosis,calcinosis,0.2734375,0,Qwen3-VL-8B-Instruct-frugalVL
calcinosis,calcinosis,0.11328125,0,Qwen3-VL-8B-Instruct-frugalVL
calcinosis,calcinosis,0.2294921875,0,Qwen3-VL-8B-Instruct-frugalVL
calcinosis,calcinosis,0.2734375,0,Qwen3-VL-8B-Instruct-frugalVL
pulmonary opacity,pulmonary opacity,0.162109375,0,Qwen3-VL-8B-Instruct-frugalVL
pulmonary opacity,pulmonary opacity,0.87890625,1,Qwen3-VL-8B-Instruct-frugalVL
pulmonary opacity,pulmonary opacity,0.99609375,1,Qwen3-VL-8B-Instruct-frugalVL
pulmonary opacity,pulmonary opacity,0.7109375,1,Qwen3-VL-8B-Instruct-frugalVL
normal,normal,0.0157470703125,0,Qwen3-VL-8B-Instruct-frugalVL
elevated diaphragm,elevated diaphragm in diaphragm,0.1435546875,0,Qwen3-VL-8B-Instruct-frugalVL
elevated diaphragm,elevated diaphragm in diaphragm,0.80859375,0,Qwen3-VL-8B-Instruct-frugalVL
elevated diaphragm,elevated diaphragm in diaphragm,0.74609375,0,Qwen3-VL-8B-Instruct-frugalVL
elevated diaphragm,elevated diaphragm in diaphragm,1.0,0,Qwen3-VL-8B-Instruct-frugalVL
elevated diaphragm,elevated diaphragm in diaphragm,0.98046875,0,Qwen3-VL-8B-Instruct-frugalVL
elevated diaphragm,elevated diaphragm in diaphragm,0.173828125,0,Qwen3-VL-8B-Instruct-frugalVL
elevated diaphragm,elevated diaphragm in diaphragm,0.2373046875,0,Qwen3-VL-8B-Instruct-frugalVL
elevated diaphragm,elevated diaphragm in diaphragm,0.94140625,0,Qwen3-VL-8B-Instruct-frugalVL
elevated diaphragm,elevated diaphragm in diaphragm,0.7734375,0,Qwen3-VL-8B-Instruct-frugalVL
elevated diaphragm,elevated diaphragm in diaphragm,0.5,0,Qwen3-VL-8B-Instruct-frugalVL
atherosclerosis,atherosclerosis,0.224609375,0,Qwen3-VL-8B-Instruct-frugalVL
atherosclerosis,atherosclerosis,0.87890625,1,Qwen3-VL-8B-Instruct-frugalVL
atherosclerosis,atherosclerosis,0.7890625,1,Qwen3-VL-8B-Instruct-frugalVL
normal,normal,0.0157470703125,0,Qwen3-VL-8B-Instruct-frugalVL
normal,normal,0.0157470703125,0,Qwen3-VL-8B-Instruct-frugalVL
pulmonary atelectasis,streaky opacity in opacity,0.1787109375,0,Qwen3-VL-8B-Instruct-frugalVL
pulmonary atelectasis,streaky opacity in opacity,0.0791015625,0,Qwen3-VL-8B-Instruct-frugalVL
pulmonary atelectasis,streaky opacity in opacity,0.8671875,1,Qwen3-VL-8B-Instruct-frugalVL
pulmonary atelectasis,streaky opacity in opacity,0.3515625,0,Qwen3-VL-8B-Instruct-frugalVL
pulmonary atelectasis,streaky opacity in opacity,0.18359375,1,Qwen3-VL-8B-Instruct-frugalVL
pulmonary atelectasis,streaky opacity in opacity,0.404296875,0,Qwen3-VL-8B-Instruct-frugalVL
elevated diaphragm in di,elevated diaphragm in diaphragm,0.0625,0,Qwen3-VL-8B-Instruct-frugalVL
elevated diaphragm in di,elevated diaphragm in diaphragm,0.83984375,0,Qwen3-VL-8B-Instruct-frugalVL
elevated diaphragm in di,elevated diaphragm in diaphragm,0.53125,0,Qwen3-VL-8B-Instruct-frugalVL
elevated diaphragm in di,elevated diaphragm in diaphragm,1.0,0,Qwen3-VL-8B-Instruct-frugalVL
elevated diaphragm in di,elevated diaphragm in diaphragm,0.99609375,0,Qwen3-VL-8B-Instruct-frugalVL
elevated diaphragm in di,elevated diaphragm in diaphragm,0.7734375,0,Qwen3-VL-8B-Instruct-frugalVL
elevated diaphragm in di,elevated diaphragm in diaphragm,0.2236328125,0,Qwen3-VL-8B-Instruct-frugalVL
elevated diaphragm in di,elevated diaphragm in diaphragm,0.98828125,0,Qwen3-VL-8B-Instruct-frugalVL
elevated diaphragm in di,elevated diaphragm in diaphragm,0.5625,0,Qwen3-VL-8B-Instruct-frugalVL
elevated diaphragm in di,elevated diaphragm in diaphragm,0.27734375,0,Qwen3-VL-8B-Instruct-frugalVL
normal,normal,0.0157470703125,0,Qwen3-VL-8B-Instruct-frugalVL
lung hyperdistention in lung,lung hyperdistention in lung,0.16796875,0,Qwen3-VL-8B-Instruct-frugalVL
lung hyperdistention in lung,lung hyperdistention in lung,0.10595703125,1,Qwen3-VL-8B-Instruct-frugalVL
lung hyperdistention in lung,lung hyperdistention in lung,0.8359375,1,Qwen3-VL-8B-Instruct-frugalVL
lung hyperdistention in lung,lung hyperdistention in lung,0.99609375,1,Qwen3-VL-8B-Instruct-frugalVL
lung hyperdistention in lung,lung hyperdistention in lung,0.423828125,1,Qwen3-VL-8B-Instruct-frugalVL
lung hyperdistention in lung,lung hyperdistention in lung,0.609375,1,Qwen3-VL-8B-Instruct-frugalVL
cardiomegaly,cardiomegaly,0.671875,0,Qwen3-VL-8B-Instruct-frugalVL
cardiomegaly,cardiomegaly,0.734375,0,Qwen3-VL-8B-Instruct-frugalVL
cardiomegaly,cardiomegaly,0.75390625,0,Qwen3-VL-8B-Instruct-frugalVL
cardiomegaly,cardiomegaly,0.94140625,0,Qwen3-VL-8B-Instruct-frugalVL
cardiomegaly,cardiomegaly,0.126953125,0,Qwen3-VL-8B-Instruct-frugalVL
calcinosis,calcinosis,0.11328125,0,Qwen3-VL-8B-Instruct-frugalVL
calcinosis,calcinosis,0.2294921875,0,Qwen3-VL-8B-Instruct-frugalVL
calcinosis,calcinosis,0.2734375,0,Qwen3-VL-8B-Instruct-frugalVL
normal,normal,0.0157470703125,0,Qwen3-VL-8B-Instruct-frugalVL
pulmonary congestion,lung hypoinflation in lung,0.208984375,0,Qwen3-VL-8B-Instruct-frugalVL
pulmonary congestion,lung hypoinflation in lung,0.61328125,0,Qwen3-VL-8B-Instruct-frugalVL
pulmonary congestion,lung hypoinflation in lung,0.41015625,0,Qwen3-VL-8B-Instruct-frugalVL
pulmonary congestion,lung hypoinflation in lung,0.93359375,1,Qwen3-VL-8B-Instruct-frugalVL
pulmonary congestion,lung hypoinflation in lung,0.2080078125,0,Qwen3-VL-8B-Instruct-frugalVL
pulmonary congestion,lung hypoinflation in lung,0.181640625,0,Qwen3-VL-8B-Instruct-frugalVL
pulmonary opacity,patchy opacity in opacity,0.162109375,0,Qwen3-VL-8B-Instruct-frugalVL
pulmonary opacity,patchy opacity in opacity,0.73046875,1,Qwen3-VL-8B-Instruct-frugalVL
pulmonary opacity,patchy opacity in opacity,0.59375,0,Qwen3-VL-8B-Instruct-frugalVL
pulmonary opacity,patchy opacity in opacity,0.2451171875,1,Qwen3-VL-8B-Instruct-frugalVL
pulmonary opacity,patchy opacity in opacity,0.291015625,0,Qwen3-VL-8B-Instruct-frugalVL
skeletal abnormality,calcinosis,0.130859375,0,Qwen3-VL-8B-Instruct-frugalVL
skeletal abnormality,calcinosis,0.515625,0,Qwen3-VL-8B-Instruct-frugalVL
skeletal abnormality,calcinosis,0.99609375,1,Qwen3-VL-8B-Instruct-frugalVL
indwelling catheter,normal,0.12890625,0,Qwen3-VL-8B-Instruct-frugalVL
normal,normal,0.0157470703125,0,Qwen3-VL-8B-Instruct-frugalVL
cardiomegaly,calcinosis,0.671875,0,Qwen3-VL-8B-Instruct-frugalVL
cardiomegaly,calcinosis,0.35546875,0,Qwen3-VL-8B-Instruct-frugalVL
cardiomegaly,calcinosis,0.55859375,1,Qwen3-VL-8B-Instruct-frugalVL
normal,normal,0.0157470703125,0,Qwen3-VL-8B-Instruct-frugalVL
normal,normal,0.0157470703125,0,Qwen3-VL-8B-Instruct-frugalVL
calcinosis,calcinosis,0.11328125,0,Qwen3-VL-8B-Instruct-frugalVL
calcinosis,calcinosis,0.2294921875,0,Qwen3-VL-8B-Instruct-frugalVL
calcinosis,calcinosis,0.2734375,0,Qwen3-VL-8B-Instruct-frugalVL
normal,normal,0.0157470703125,0,Qwen3-VL-8B-Instruct-frugalVL
pneumothorax,pleural effusion,0.1884765625,0,Qwen3-VL-8B-Instruct-frugalVL
pneumothorax,pleural effusion,0.875,1,Qwen3-VL-8B-Instruct-frugalVL
pneumothorax,pleural effusion,0.91796875,1,Qwen3-VL-8B-Instruct-frugalVL
pneumothorax,pleural effusion,0.921875,1,Qwen3-VL-8B-Instruct-frugalVL
calcinosis,cardiomegaly,0.125,0,Qwen3-VL-8B-Instruct-frugalVL
calcinosis,cardiomegaly,0.9921875,0,Qwen3-VL-8B-Instruct-frugalVL
calcinosis,cardiomegaly,0.58984375,0,Qwen3-VL-8B-Instruct-frugalVL
calcinosis,cardiomegaly,0.380859375,0,Qwen3-VL-8B-Instruct-frugalVL
calcinosis,cardiomegaly,0.11083984375,0,Qwen3-VL-8B-Instruct-frugalVL
pulmonary atelectasis,"pulmonary disease, chronic obstructive",0.1787109375,0,Qwen3-VL-8B-Instruct-frugalVL
pulmonary atelectasis,"pulmonary disease, chronic obstructive",0.9296875,1,Qwen3-VL-8B-Instruct-frugalVL
pulmonary atelectasis,"pulmonary disease, chronic obstructive",0.9921875,1,Qwen3-VL-8B-Instruct-frugalVL
pulmonary atelectasis,"pulmonary disease, chronic obstructive",0.890625,0,Qwen3-VL-8B-Instruct-frugalVL
pulmonary atelectasis,"pulmonary disease, chronic obstructive",0.1064453125,0,Qwen3-VL-8B-Instruct-frugalVL
pulmonary atelectasis,"pulmonary disease, chronic obstructive",0.1923828125,0,Qwen3-VL-8B-Instruct-frugalVL
pulmonary atelectasis,"pulmonary disease, chronic obstructive",0.98828125,1,Qwen3-VL-8B-Instruct-frugalVL
pulmonary atelectasis,"pulmonary disease, chronic obstructive",0.94921875,1,Qwen3-VL-8B-Instruct-frugalVL
pulmonary nodule,bilateral abnormality in nodule,0.09619140625,0,Qwen3-VL-8B-Instruct-frugalVL
pulmonary nodule,bilateral abnormality in nodule,0.09765625,0,Qwen3-VL-8B-Instruct-frugalVL
pulmonary nodule,bilateral abnormality in nodule,0.37109375,0,Qwen3-VL-8B-Instruct-frugalVL
pulmonary nodule,bilateral abnormality in nodule,0.1376953125,0,Qwen3-VL-8B-Instruct-frugalVL
pulmonary nodule,bilateral abnormality in nodule,0.1357421875,0,Qwen3-VL-8B-Instruct-frugalVL
pulmonary nodule,bilateral abnormality in nodule,0.7890625,0,Qwen3-VL-8B-Instruct-frugalVL
pulmonary nodule,bilateral abnormality in nodule,0.51171875,1,Qwen3-VL-8B-Instruct-frugalVL
cardiomegaly,cardiomegaly,0.671875,0,Qwen3-VL-8B-Instruct-frugalVL
cardiomegaly,cardiomegaly,0.734375,0,Qwen3-VL-8B-Instruct-frugalVL
cardiomegaly,cardiomegaly,0.75390625,0,Qwen3-VL-8B-Instruct-frugalVL
cardiomegaly,cardiomegaly,0.94140625,0,Qwen3-VL-8B-Instruct-frugalVL
cardiomegaly,cardiomegaly,0.126953125,0,Qwen3-VL-8B-Instruct-frugalVL
pulmonary atelectasis,pulmonary atelectasis,0.1787109375,0,Qwen3-VL-8B-Instruct-frugalVL
pulmonary atelectasis,pulmonary atelectasis,0.9296875,1,Qwen3-VL-8B-Instruct-frugalVL
pulmonary atelectasis,pulmonary atelectasis,0.9921875,1,Qwen3-VL-8B-Instruct-frugalVL
pulmonary atelectasis,pulmonary atelectasis,0.890625,1,Qwen3-VL-8B-Instruct-frugalVL
pulmonary atelectasis,pulmonary atelectasis,1.0,1,Qwen3-VL-8B-Instruct-frugalVL
pulmonary atelectasis,pulmonary atelectasis,0.9375,1,Qwen3-VL-8B-Instruct-frugalVL
osteoporosis,degenerative change in thoracic vertebrae,0.1708984375,0,Qwen3-VL-8B-Instruct-frugalVL
osteoporosis,degenerative change in thoracic vertebrae,0.06591796875,0,Qwen3-VL-8B-Instruct-frugalVL
osteoporosis,degenerative change in thoracic vertebrae,0.90625,1,Qwen3-VL-8B-Instruct-frugalVL
osteoporosis,degenerative change in thoracic vertebrae,0.314453125,0,Qwen3-VL-8B-Instruct-frugalVL
osteoporosis,degenerative change in thoracic vertebrae,0.26171875,1,Qwen3-VL-8B-Instruct-frugalVL
osteoporosis,degenerative change in thoracic vertebrae,0.71484375,0,Qwen3-VL-8B-Instruct-frugalVL
osteoporosis,degenerative change in thoracic vertebrae,0.875,1,Qwen3-VL-8B-Instruct-frugalVL
osteoporosis,degenerative change in thoracic vertebrae,0.8359375,0,Qwen3-VL-8B-Instruct-frugalVL
osteoporosis,degenerative change in thoracic vertebrae,0.9609375,1,Qwen3-VL-8B-Instruct-frugalVL
osteoporosis,degenerative change in thoracic vertebrae,0.82421875,1,Qwen3-VL-8B-Instruct-frugalVL
normal,normal,0.0157470703125,0,Qwen3-VL-8B-Instruct-frugalVL
scoliosis,deformity,0.14453125,0,Qwen3-VL-8B-Instruct-frugalVL
scoliosis,deformity,0.375,1,Qwen3-VL-8B-Instruct-frugalVL
scoliosis,deformity,0.89453125,1,Qwen3-VL-8B-Instruct-frugalVL
granuloma,pulmonary nodule,0.111328125,0,Qwen3-VL-8B-Instruct-frugalVL
granuloma,pulmonary nodule,0.294921875,0,Qwen3-VL-8B-Instruct-frugalVL
granuloma,pulmonary nodule,0.58203125,0,Qwen3-VL-8B-Instruct-frugalVL
granuloma,pulmonary nodule,0.875,0,Qwen3-VL-8B-Instruct-frugalVL
granuloma,pulmonary nodule,0.130859375,0,Qwen3-VL-8B-Instruct-frugalVL
normal,normal,0.0157470703125,0,Qwen3-VL-8B-Instruct-frugalVL
normal,normal,0.0157470703125,0,Qwen3-VL-8B-Instruct-frugalVL
normal,normal,0.0157470703125,0,Qwen3-VL-8B-Instruct-frugalVL
osteophyte,bilateral abnormality in calcified granuloma,0.0888671875,0,Qwen3-VL-8B-Instruct-frugalVL
osteophyte,bilateral abnormality in calcified granuloma,0.056396484375,0,Qwen3-VL-8B-Instruct-frugalVL
osteophyte,bilateral abnormality in calcified granuloma,0.0751953125,0,Qwen3-VL-8B-Instruct-frugalVL
osteophyte,bilateral abnormality in calcified granuloma,0.515625,1,Qwen3-VL-8B-Instruct-frugalVL
osteophyte,bilateral abnormality in calcified granuloma,0.1396484375,0,Qwen3-VL-8B-Instruct-frugalVL
osteophyte,bilateral abnormality in calcified granuloma,0.49609375,0,Qwen3-VL-8B-Instruct-frugalVL
osteophyte,bilateral abnormality in calcified granuloma,0.443359375,0,Qwen3-VL-8B-Instruct-frugalVL
osteophyte,bilateral abnormality in calcified granuloma,0.09326171875,0,Qwen3-VL-8B-Instruct-frugalVL
osteophyte,bilateral abnormality in calcified granuloma,0.9453125,1,Qwen3-VL-8B-Instruct-frugalVL
osteophyte,bilateral abnormality in calcified granuloma,0.69140625,1,Qwen3-VL-8B-Instruct-frugalVL
cardiomegaly,cardiomegaly,0.671875,0,Qwen3-VL-8B-Instruct-frugalVL
cardiomegaly,cardiomegaly,0.734375,0,Qwen3-VL-8B-Instruct-frugalVL
cardiomegaly,cardiomegaly,0.75390625,0,Qwen3-VL-8B-Instruct-frugalVL
cardiomegaly,cardiomegaly,0.94140625,0,Qwen3-VL-8B-Instruct-frugalVL
cardiomegaly,cardiomegaly,0.126953125,0,Qwen3-VL-8B-Instruct-frugalVL
spondylosis,spondylosis,0.8359375,0,Qwen3-VL-8B-Instruct-frugalVL
spondylosis,spondylosis,0.984375,0,Qwen3-VL-8B-Instruct-frugalVL
spondylosis,spondylosis,0.99609375,0,Qwen3-VL-8B-Instruct-frugalVL
spondylosis,spondylosis,0.8046875,0,Qwen3-VL-8B-Instruct-frugalVL
spondylosis,spondylosis,0.1630859375,0,Qwen3-VL-8B-Instruct-frugalVL
atherosclerosis,atherosclerosis,0.224609375,0,Qwen3-VL-8B-Instruct-frugalVL
atherosclerosis,atherosclerosis,0.87890625,1,Qwen3-VL-8B-Instruct-frugalVL
atherosclerosis,atherosclerosis,0.7890625,1,Qwen3-VL-8B-Instruct-frugalVL
pulmonary atelectasis,pulmonary atelectasis,0.1787109375,0,Qwen3-VL-8B-Instruct-frugalVL
pulmonary atelectasis,pulmonary atelectasis,0.9296875,1,Qwen3-VL-8B-Instruct-frugalVL
pulmonary atelectasis,pulmonary atelectasis,0.9921875,1,Qwen3-VL-8B-Instruct-frugalVL
pulmonary atelectasis,pulmonary atelectasis,0.890625,1,Qwen3-VL-8B-Instruct-frugalVL
pulmonary atelectasis,pulmonary atelectasis,1.0,1,Qwen3-VL-8B-Instruct-frugalVL
pulmonary atelectasis,pulmonary atelectasis,0.9375,1,Qwen3-VL-8B-Instruct-frugalVL
pleural effusion,pleural effusion,0.2412109375,0,Qwen3-VL-8B-Instruct-frugalVL
pleural effusion,pleural effusion,0.953125,1,Qwen3-VL-8B-Instruct-frugalVL
pleural effusion,pleural effusion,0.9765625,1,Qwen3-VL-8B-Instruct-frugalVL
pleural effusion,pleural effusion,0.921875,1,Qwen3-VL-8B-Instruct-frugalVL
normal,normal,0.0157470703125,0,Qwen3-VL-8B-Instruct-frugalVL
"pulmonary disease, chronic obstruct",emphysema,1.0,0,Qwen3-VL-8B-Instruct-frugalVL
"pulmonary disease, chronic obstruct",emphysema,0.75,0,Qwen3-VL-8B-Instruct-frugalVL
"pulmonary disease, chronic obstruct",emphysema,0.75,1,Qwen3-VL-8B-Instruct-frugalVL
"pulmonary disease, chronic obstruct",emphysema,0.9375,1,Qwen3-VL-8B-Instruct-frugalVL
normal,normal,0.0157470703125,0,Qwen3-VL-8B-Instruct-frugalVL
pulmonary atelectasis,patchy opacity in opacity,0.1787109375,0,Qwen3-VL-8B-Instruct-frugalVL
pulmonary atelectasis,patchy opacity in opacity,0.92578125,1,Qwen3-VL-8B-Instruct-frugalVL
pulmonary atelectasis,patchy opacity in opacity,0.2470703125,0,Qwen3-VL-8B-Instruct-frugalVL
pulmonary atelectasis,patchy opacity in opacity,0.125,1,Qwen3-VL-8B-Instruct-frugalVL
pulmonary atelectasis,patchy opacity in opacity,0.416015625,0,Qwen3-VL-8B-Instruct-frugalVL
scoliosis,scoliosis,1.0,0,Qwen3-VL-8B-Instruct-frugalVL
scoliosis,scoliosis,0.25390625,0,Qwen3-VL-8B-Instruct-frugalVL
scoliosis,scoliosis,0.4375,1,Qwen3-VL-8B-Instruct-frugalVL
pneumothorax,pleural effusion,0.1884765625,0,Qwen3-VL-8B-Instruct-frugalVL
pneumothorax,pleural effusion,0.875,1,Qwen3-VL-8B-Instruct-frugalVL
pneumothorax,pleural effusion,0.91796875,1,Qwen3-VL-8B-Instruct-frugalVL
pneumothorax,pleural effusion,0.921875,1,Qwen3-VL-8B-Instruct-frugalVL
normal,normal,0.0157470703125,0,Qwen3-VL-8B-Instruct-frugalVL
tortuous vessel in a,"tortuous vessel in aorta, thoracic",0.5390625,0,Qwen3-VL-8B-Instruct-frugalVL
tortuous vessel in a,"tortuous vessel in aorta, thoracic",0.302734375,0,Qwen3-VL-8B-Instruct-frugalVL
tortuous vessel in a,"tortuous vessel in aorta, thoracic",0.47265625,0,Qwen3-VL-8B-Instruct-frugalVL
tortuous vessel in a,"tortuous vessel in aorta, thoracic",0.890625,0,Qwen3-VL-8B-Instruct-frugalVL
tortuous vessel in a,"tortuous vessel in aorta, thoracic",0.466796875,0,Qwen3-VL-8B-Instruct-frugalVL
tortuous vessel in a,"tortuous vessel in aorta, thoracic",0.296875,0,Qwen3-VL-8B-Instruct-frugalVL
tortuous vessel in a,"tortuous vessel in aorta, thoracic",0.2578125,0,Qwen3-VL-8B-Instruct-frugalVL
tortuous vessel in a,"tortuous vessel in aorta, thoracic",0.1337890625,0,Qwen3-VL-8B-Instruct-frugalVL
tortuous vessel in a,"tortuous vessel in aorta, thoracic",0.9453125,0,Qwen3-VL-8B-Instruct-frugalVL
tortuous vessel in a,"tortuous vessel in aorta, thoracic",0.83203125,0,Qwen3-VL-8B-Instruct-frugalVL
hernia,"hernia, hiatal",0.048583984375,0,Qwen3-VL-8B-Instruct-frugalVL
hernia,"hernia, hiatal",0.51953125,0,Qwen3-VL-8B-Instruct-frugalVL
hernia,"hernia, hiatal",0.16796875,0,Qwen3-VL-8B-Instruct-frugalVL
hernia,"hernia, hiatal",0.0869140625,0,Qwen3-VL-8B-Instruct-frugalVL
hernia,"hernia, hiatal",0.56640625,0,Qwen3-VL-8B-Instruct-frugalVL
hernia,"hernia, hiatal",0.8671875,0,Qwen3-VL-8B-Instruct-frugalVL
normal,normal,0.0157470703125,0,Qwen3-VL-8B-Instruct-frugalVL
pulmonary emphysema,pneumothorax,0.09619140625,0,Qwen3-VL-8B-Instruct-frugalVL
pulmonary emphysema,pneumothorax,0.828125,0,Qwen3-VL-8B-Instruct-frugalVL
pulmonary emphysema,pneumothorax,0.453125,0,Qwen3-VL-8B-Instruct-frugalVL
pulmonary emphysema,pneumothorax,0.99609375,0,Qwen3-VL-8B-Instruct-frugalVL
pulmonary emphysema,pneumothorax,0.99609375,0,Qwen3-VL-8B-Instruct-frugalVL
pulmonary emphysema,pneumothorax,0.162109375,0,Qwen3-VL-8B-Instruct-frugalVL
normal,normal,0.0157470703125,0,Qwen3-VL-8B-Instruct-frugalVL
patchy opacity,pneumonia,0.283203125,0,Qwen3-VL-8B-Instruct-frugalVL
patchy opacity,pneumonia,0.189453125,0,Qwen3-VL-8B-Instruct-frugalVL
patchy opacity,pneumonia,0.95703125,1,Qwen3-VL-8B-Instruct-frugalVL
patchy opacity,pneumonia,0.8046875,1,Qwen3-VL-8B-Instruct-frugalVL
degenerative change in thor,normal,0.1357421875,0,Qwen3-VL-8B-Instruct-frugalVL
normal,normal,0.0157470703125,0,Qwen3-VL-8B-Instruct-frugalVL
pulmonary edema,pulmonary edema,0.2451171875,0,Qwen3-VL-8B-Instruct-frugalVL
pulmonary edema,pulmonary edema,0.99609375,0,Qwen3-VL-8B-Instruct-frugalVL
pulmonary edema,pulmonary edema,0.953125,0,Qwen3-VL-8B-Instruct-frugalVL
pulmonary edema,pulmonary edema,0.9140625,0,Qwen3-VL-8B-Instruct-frugalVL
pulmonary edema,pulmonary edema,0.2265625,0,Qwen3-VL-8B-Instruct-frugalVL
normal,normal,0.0157470703125,0,Qwen3-VL-8B-Instruct-frugalVL
cardiomegaly,cardiomegaly,0.671875,0,Qwen3-VL-8B-Instruct-frugalVL
cardiomegaly,cardiomegaly,0.734375,0,Qwen3-VL-8B-Instruct-frugalVL
cardiomegaly,cardiomegaly,0.75390625,0,Qwen3-VL-8B-Instruct-frugalVL
cardiomegaly,cardiomegaly,0.94140625,0,Qwen3-VL-8B-Instruct-frugalVL
cardiomegaly,cardiomegaly,0.126953125,0,Qwen3-VL-8B-Instruct-frugalVL
lung hypoinflation in lung,lung hypoinflation in lung,0.0810546875,0,Qwen3-VL-8B-Instruct-frugalVL
lung hypoinflation in lung,lung hypoinflation in lung,0.1982421875,1,Qwen3-VL-8B-Instruct-frugalVL
lung hypoinflation in lung,lung hypoinflation in lung,0.87890625,1,Qwen3-VL-8B-Instruct-frugalVL
lung hypoinflation in lung,lung hypoinflation in lung,1.0,1,Qwen3-VL-8B-Instruct-frugalVL
lung hypoinflation in lung,lung hypoinflation in lung,0.77734375,1,Qwen3-VL-8B-Instruct-frugalVL
lung hypoinflation in lung,lung hypoinflation in lung,0.75,1,Qwen3-VL-8B-Instruct-frugalVL
pulmonary atelectasis,cardiomegaly,0.29296875,0,Qwen3-VL-8B-Instruct-frugalVL
pulmonary atelectasis,cardiomegaly,0.2314453125,0,Qwen3-VL-8B-Instruct-frugalVL
pulmonary atelectasis,cardiomegaly,0.65625,1,Qwen3-VL-8B-Instruct-frugalVL
pulmonary atelectasis,cardiomegaly,1.0,1,Qwen3-VL-8B-Instruct-frugalVL
pulmonary atelectasis,cardiomegaly,0.98046875,1,Qwen3-VL-8B-Instruct-frugalVL
normal,normal,0.0157470703125,0,Qwen3-VL-8B-Instruct-frugalVL
cardiomegaly,cardiomegaly,0.671875,0,Qwen3-VL-8B-Instruct-frugalVL
cardiomegaly,cardiomegaly,0.734375,0,Qwen3-VL-8B-Instruct-frugalVL
cardiomegaly,cardiomegaly,0.75390625,0,Qwen3-VL-8B-Instruct-frugalVL
cardiomegaly,cardiomegaly,0.94140625,0,Qwen3-VL-8B-Instruct-frugalVL
cardiomegaly,cardiomegaly,0.126953125,0,Qwen3-VL-8B-Instruct-frugalVL
normal,normal,0.0157470703125,0,Qwen3-VL-8B-Instruct-frugalVL
bilateral abnormality in lung,pulmonary emphysema,0.318359375,0,Qwen3-VL-8B-Instruct-frugalVL
bilateral abnormality in lung,pulmonary emphysema,0.310546875,0,Qwen3-VL-8B-Instruct-frugalVL
bilateral abnormality in lung,pulmonary emphysema,0.828125,1,Qwen3-VL-8B-Instruct-frugalVL
bilateral abnormality in lung,pulmonary emphysema,0.09912109375,0,Qwen3-VL-8B-Instruct-frugalVL
bilateral abnormality in lung,pulmonary emphysema,1.0,1,Qwen3-VL-8B-Instruct-frugalVL
bilateral abnormality in lung,pulmonary emphysema,0.984375,1,Qwen3-VL-8B-Instruct-frugalVL
bilateral abnormality in lung,pulmonary emphysema,0.99609375,1,Qwen3-VL-8B-Instruct-frugalVL
degenerative change in spine,degenerative change in spine,0.53125,0,Qwen3-VL-8B-Instruct-frugalVL
degenerative change in spine,degenerative change in spine,0.08251953125,0,Qwen3-VL-8B-Instruct-frugalVL
degenerative change in spine,degenerative change in spine,0.80859375,0,Qwen3-VL-8B-Instruct-frugalVL
degenerative change in spine,degenerative change in spine,0.4296875,1,Qwen3-VL-8B-Instruct-frugalVL
degenerative change in spine,degenerative change in spine,0.91796875,1,Qwen3-VL-8B-Instruct-frugalVL
degenerative change in spine,degenerative change in spine,0.453125,0,Qwen3-VL-8B-Instruct-frugalVL
normal,normal,0.0157470703125,0,Qwen3-VL-8B-Instruct-frugalVL
degenerative change in spine,degenerative change in spine,0.53125,0,Qwen3-VL-8B-Instruct-frugalVL
degenerative change in spine,degenerative change in spine,0.08251953125,0,Qwen3-VL-8B-Instruct-frugalVL
degenerative change in spine,degenerative change in spine,0.80859375,0,Qwen3-VL-8B-Instruct-frugalVL
degenerative change in spine,degenerative change in spine,0.4296875,1,Qwen3-VL-8B-Instruct-frugalVL
degenerative change in spine,degenerative change in spine,0.91796875,1,Qwen3-VL-8B-Instruct-frugalVL
degenerative change in spine,degenerative change in spine,0.453125,0,Qwen3-VL-8B-Instruct-frugalVL
hiatal hernia,"hernia, hiatal",0.125,0,Qwen3-VL-8B-Instruct-frugalVL
hiatal hernia,"hernia, hiatal",0.9296875,0,Qwen3-VL-8B-Instruct-frugalVL
hiatal hernia,"hernia, hiatal",0.1611328125,0,Qwen3-VL-8B-Instruct-frugalVL
hiatal hernia,"hernia, hiatal",0.09521484375,0,Qwen3-VL-8B-Instruct-frugalVL
hiatal hernia,"hernia, hiatal",0.9921875,0,Qwen3-VL-8B-Instruct-frugalVL
hiatal hernia,"hernia, hiatal",0.9765625,0,Qwen3-VL-8B-Instruct-frugalVL
normal,normal,0.0157470703125,0,Qwen3-VL-8B-Instruct-frugalVL
interstitial pattern in lung,interstitial pattern in markings,0.267578125,0,Qwen3-VL-8B-Instruct-frugalVL
interstitial pattern in lung,interstitial pattern in markings,0.9453125,1,Qwen3-VL-8B-Instruct-frugalVL
interstitial pattern in lung,interstitial pattern in markings,0.83203125,1,Qwen3-VL-8B-Instruct-frugalVL
interstitial pattern in lung,interstitial pattern in markings,0.90625,1,Qwen3-VL-8B-Instruct-frugalVL
interstitial pattern in lung,interstitial pattern in markings,0.93359375,0,Qwen3-VL-8B-Instruct-frugalVL
normal,normal,0.0157470703125,0,Qwen3-VL-8B-Instruct-frugalVL
normal,normal,0.0157470703125,0,Qwen3-VL-8B-Instruct-frugalVL
cardiomegaly,cardiomegaly,0.671875,0,Qwen3-VL-8B-Instruct-frugalVL
cardiomegaly,cardiomegaly,0.734375,0,Qwen3-VL-8B-Instruct-frugalVL
cardiomegaly,cardiomegaly,0.75390625,0,Qwen3-VL-8B-Instruct-frugalVL
cardiomegaly,cardiomegaly,0.94140625,0,Qwen3-VL-8B-Instruct-frugalVL
cardiomegaly,cardiomegaly,0.126953125,0,Qwen3-VL-8B-Instruct-frugalVL
calcified granuloma,cardiomegaly,0.8984375,0,Qwen3-VL-8B-Instruct-frugalVL
calcified granuloma,cardiomegaly,0.220703125,0,Qwen3-VL-8B-Instruct-frugalVL
calcified granuloma,cardiomegaly,0.5234375,0,Qwen3-VL-8B-Instruct-frugalVL
calcified granuloma,cardiomegaly,0.8671875,1,Qwen3-VL-8B-Instruct-frugalVL
calcified granuloma,cardiomegaly,0.97265625,1,Qwen3-VL-8B-Instruct-frugalVL
tortuous vessel,tortuous vessel in aorta,0.15234375,0,Qwen3-VL-8B-Instruct-frugalVL
tortuous vessel,tortuous vessel in aorta,0.13671875,0,Qwen3-VL-8B-Instruct-frugalVL
tortuous vessel,tortuous vessel in aorta,0.7109375,1,Qwen3-VL-8B-Instruct-frugalVL
tortuous vessel,tortuous vessel in aorta,0.310546875,1,Qwen3-VL-8B-Instruct-frugalVL
tortuous vessel,tortuous vessel in aorta,0.09814453125,0,Qwen3-VL-8B-Instruct-frugalVL
tortuous vessel,tortuous vessel in aorta,0.390625,0,Qwen3-VL-8B-Instruct-frugalVL
tortuous vessel,tortuous vessel in aorta,0.318359375,1,Qwen3-VL-8B-Instruct-frugalVL
osteophyte,osteophyte,0.09423828125,0,Qwen3-VL-8B-Instruct-frugalVL
osteophyte,osteophyte,0.69921875,1,Qwen3-VL-8B-Instruct-frugalVL
osteophyte,osteophyte,0.984375,1,Qwen3-VL-8B-Instruct-frugalVL
normal,normal,0.0157470703125,0,Qwen3-VL-8B-Instruct-frugalVL
degenerative change in thor,degenerative change in thoracic vertebrae,0.142578125,0,Qwen3-VL-8B-Instruct-frugalVL
degenerative change in thor,degenerative change in thoracic vertebrae,0.09765625,0,Qwen3-VL-8B-Instruct-frugalVL
degenerative change in thor,degenerative change in thoracic vertebrae,0.98046875,1,Qwen3-VL-8B-Instruct-frugalVL
degenerative change in thor,degenerative change in thoracic vertebrae,0.828125,1,Qwen3-VL-8B-Instruct-frugalVL
degenerative change in thor,degenerative change in thoracic vertebrae,0.94140625,1,Qwen3-VL-8B-Instruct-frugalVL
degenerative change in thor,degenerative change in thoracic vertebrae,0.78515625,1,Qwen3-VL-8B-Instruct-frugalVL
degenerative change in thor,degenerative change in thoracic vertebrae,0.875,1,Qwen3-VL-8B-Instruct-frugalVL
degenerative change in thor,degenerative change in thoracic vertebrae,0.6953125,0,Qwen3-VL-8B-Instruct-frugalVL
degenerative change in thor,degenerative change in thoracic vertebrae,0.98046875,1,Qwen3-VL-8B-Instruct-frugalVL
degenerative change in thor,degenerative change in thoracic vertebrae,0.87109375,1,Qwen3-VL-8B-Instruct-frugalVL
pulmonary hypoinflation,lung hypoinflation in lung,0.1494140625,0,Qwen3-VL-8B-Instruct-frugalVL
pulmonary hypoinflation,lung hypoinflation in lung,0.12109375,0,Qwen3-VL-8B-Instruct-frugalVL
pulmonary hypoinflation,lung hypoinflation in lung,0.490234375,1,Qwen3-VL-8B-Instruct-frugalVL
pulmonary hypoinflation,lung hypoinflation in lung,0.9921875,1,Qwen3-VL-8B-Instruct-frugalVL
pulmonary hypoinflation,lung hypoinflation in lung,0.12158203125,0,Qwen3-VL-8B-Instruct-frugalVL
pulmonary hypoinflation,lung hypoinflation in lung,0.2109375,0,Qwen3-VL-8B-Instruct-frugalVL
normal,normal,0.0157470703125,0,Qwen3-VL-8B-Instruct-frugalVL
calcinosis,calcinosis,0.11328125,0,Qwen3-VL-8B-Instruct-frugalVL
calcinosis,calcinosis,0.2294921875,0,Qwen3-VL-8B-Instruct-frugalVL
calcinosis,calcinosis,0.2734375,0,Qwen3-VL-8B-Instruct-frugalVL
"indeterminate finding, further evaluation",pulmonary nodule,0.32421875,0,Qwen3-VL-8B-Instruct-frugalVL
"indeterminate finding, further evaluation",pulmonary nodule,0.126953125,0,Qwen3-VL-8B-Instruct-frugalVL
"indeterminate finding, further evaluation",pulmonary nodule,0.93359375,1,Qwen3-VL-8B-Instruct-frugalVL
"indeterminate finding, further evaluation",pulmonary nodule,0.357421875,0,Qwen3-VL-8B-Instruct-frugalVL
"indeterminate finding, further evaluation",pulmonary nodule,1.0,1,Qwen3-VL-8B-Instruct-frugalVL
normal,normal,0.0157470703125,0,Qwen3-VL-8B-Instruct-frugalVL
normal,normal,0.0157470703125,0,Qwen3-VL-8B-Instruct-frugalVL
pulmonary edema,pleural effusion,0.2451171875,0,Qwen3-VL-8B-Instruct-frugalVL
pulmonary edema,pleural effusion,0.2421875,0,Qwen3-VL-8B-Instruct-frugalVL
pulmonary edema,pleural effusion,0.9375,1,Qwen3-VL-8B-Instruct-frugalVL
pulmonary edema,pleural effusion,0.82421875,1,Qwen3-VL-8B-Instruct-frugalVL
intermittent pneumothorax,lung hyperdistention in lung,0.189453125,0,Qwen3-VL-8B-Instruct-frugalVL
intermittent pneumothorax,lung hyperdistention in lung,0.10693359375,0,Qwen3-VL-8B-Instruct-frugalVL
intermittent pneumothorax,lung hyperdistention in lung,0.91015625,0,Qwen3-VL-8B-Instruct-frugalVL
intermittent pneumothorax,lung hyperdistention in lung,0.87109375,1,Qwen3-VL-8B-Instruct-frugalVL
intermittent pneumothorax,lung hyperdistention in lung,0.271484375,0,Qwen3-VL-8B-Instruct-frugalVL
intermittent pneumothorax,lung hyperdistention in lung,0.2001953125,0,Qwen3-VL-8B-Instruct-frugalVL
normal,foreign bodies,0.0157470703125,0,Qwen3-VL-8B-Instruct-frugalVL
normal,foreign bodies,0.11865234375,0,Qwen3-VL-8B-Instruct-frugalVL
normal,normal,0.0157470703125,0,Qwen3-VL-8B-Instruct-frugalVL
calcified granuloma,pulmonary nodule,0.427734375,0,Qwen3-VL-8B-Instruct-frugalVL
calcified granuloma,pulmonary nodule,0.609375,0,Qwen3-VL-8B-Instruct-frugalVL
calcified granuloma,pulmonary nodule,0.236328125,0,Qwen3-VL-8B-Instruct-frugalVL
calcified granuloma,pulmonary nodule,0.99609375,0,Qwen3-VL-8B-Instruct-frugalVL
calcified granuloma,pulmonary nodule,0.11328125,0,Qwen3-VL-8B-Instruct-frugalVL
pulmonary nodule,pneumothorax,0.09619140625,0,Qwen3-VL-8B-Instruct-frugalVL
pulmonary nodule,pneumothorax,0.90625,0,Qwen3-VL-8B-Instruct-frugalVL
pulmonary nodule,pneumothorax,0.984375,1,Qwen3-VL-8B-Instruct-frugalVL
pulmonary nodule,pneumothorax,0.68359375,0,Qwen3-VL-8B-Instruct-frugalVL
pulmonary nodule,pneumothorax,1.0,1,Qwen3-VL-8B-Instruct-frugalVL
pulmonary nodule,pneumothorax,0.99609375,1,Qwen3-VL-8B-Instruct-frugalVL
"fractures, bone",lucency in clavicle right,0.09521484375,0,Qwen3-VL-8B-Instruct-frugalVL
"fractures, bone",lucency in clavicle right,0.79296875,0,Qwen3-VL-8B-Instruct-frugalVL
"fractures, bone",lucency in clavicle right,0.177734375,0,Qwen3-VL-8B-Instruct-frugalVL
"fractures, bone",lucency in clavicle right,0.7578125,0,Qwen3-VL-8B-Instruct-frugalVL
"fractures, bone",lucency in clavicle right,0.1767578125,0,Qwen3-VL-8B-Instruct-frugalVL
"fractures, bone",lucency in clavicle right,0.9296875,1,Qwen3-VL-8B-Instruct-frugalVL
"fractures, bone",lucency in clavicle right,0.94140625,1,Qwen3-VL-8B-Instruct-frugalVL
"fractures, bone",lucency in clavicle right,0.470703125,0,Qwen3-VL-8B-Instruct-frugalVL
pulmonary fibrosis,"lung diseases, interstitial",0.322265625,0,Qwen3-VL-8B-Instruct-frugalVL
pulmonary fibrosis,"lung diseases, interstitial",0.16796875,0,Qwen3-VL-8B-Instruct-frugalVL
pulmonary fibrosis,"lung diseases, interstitial",0.078125,0,Qwen3-VL-8B-Instruct-frugalVL
pulmonary fibrosis,"lung diseases, interstitial",0.09375,0,Qwen3-VL-8B-Instruct-frugalVL
pulmonary fibrosis,"lung diseases, interstitial",0.1259765625,0,Qwen3-VL-8B-Instruct-frugalVL
pulmonary nodule,bilateral abnormality in nodule,0.09619140625,0,Qwen3-VL-8B-Instruct-frugalVL
pulmonary nodule,bilateral abnormality in nodule,0.09765625,0,Qwen3-VL-8B-Instruct-frugalVL
pulmonary nodule,bilateral abnormality in nodule,0.37109375,0,Qwen3-VL-8B-Instruct-frugalVL
pulmonary nodule,bilateral abnormality in nodule,0.1376953125,0,Qwen3-VL-8B-Instruct-frugalVL
pulmonary nodule,bilateral abnormality in nodule,0.1357421875,0,Qwen3-VL-8B-Instruct-frugalVL
pulmonary nodule,bilateral abnormality in nodule,0.7890625,0,Qwen3-VL-8B-Instruct-frugalVL
pulmonary nodule,bilateral abnormality in nodule,0.51171875,1,Qwen3-VL-8B-Instruct-frugalVL
atherosclerosis,atherosclerosis,0.224609375,0,Qwen3-VL-8B-Instruct-frugalVL
atherosclerosis,atherosclerosis,0.87890625,1,Qwen3-VL-8B-Instruct-frugalVL
atherosclerosis,atherosclerosis,0.7890625,1,Qwen3-VL-8B-Instruct-frugalVL
normal,normal,0.0157470703125,0,Qwen3-VL-8B-Instruct-frugalVL
cardiomegaly,cardiomegaly,0.671875,0,Qwen3-VL-8B-Instruct-frugalVL
cardiomegaly,cardiomegaly,0.734375,0,Qwen3-VL-8B-Instruct-frugalVL
cardiomegaly,cardiomegaly,0.75390625,0,Qwen3-VL-8B-Instruct-frugalVL
cardiomegaly,cardiomegaly,0.94140625,0,Qwen3-VL-8B-Instruct-frugalVL
cardiomegaly,cardiomegaly,0.126953125,0,Qwen3-VL-8B-Instruct-frugalVL
normal,normal,0.0157470703125,0,Qwen3-VL-8B-Instruct-frugalVL
normal,normal,0.0157470703125,0,Qwen3-VL-8B-Instruct-frugalVL
prominent pericardial fat opacity,bilateral abnormality in epicardial fat,0.3359375,0,Qwen3-VL-8B-Instruct-frugalVL
prominent pericardial fat opacity,bilateral abnormality in epicardial fat,0.2265625,0,Qwen3-VL-8B-Instruct-frugalVL
prominent pericardial fat opacity,bilateral abnormality in epicardial fat,0.216796875,0,Qwen3-VL-8B-Instruct-frugalVL
prominent pericardial fat opacity,bilateral abnormality in epicardial fat,0.55859375,1,Qwen3-VL-8B-Instruct-frugalVL
prominent pericardial fat opacity,bilateral abnormality in epicardial fat,0.37890625,1,Qwen3-VL-8B-Instruct-frugalVL
prominent pericardial fat opacity,bilateral abnormality in epicardial fat,0.9140625,0,Qwen3-VL-8B-Instruct-frugalVL
prominent pericardial fat opacity,bilateral abnormality in epicardial fat,1.0,1,Qwen3-VL-8B-Instruct-frugalVL
prominent pericardial fat opacity,bilateral abnormality in epicardial fat,0.98046875,1,Qwen3-VL-8B-Instruct-frugalVL
prominent pericardial fat opacity,bilateral abnormality in epicardial fat,0.76953125,1,Qwen3-VL-8B-Instruct-frugalVL
normal,normal,0.0157470703125,0,Qwen3-VL-8B-Instruct-frugalVL
pulmonary atelectasis,atherosclerosis,0.1787109375,0,Qwen3-VL-8B-Instruct-frugalVL
pulmonary atelectasis,atherosclerosis,0.94140625,1,Qwen3-VL-8B-Instruct-frugalVL
pulmonary atelectasis,atherosclerosis,0.84765625,1,Qwen3-VL-8B-Instruct-frugalVL
calcinosis,calcinosis,0.11328125,0,Qwen3-VL-8B-Instruct-frugalVL
calcinosis,calcinosis,0.2294921875,0,Qwen3-VL-8B-Instruct-frugalVL
calcinosis,calcinosis,0.2734375,0,Qwen3-VL-8B-Instruct-frugalVL
normal,normal,0.0157470703125,0,Qwen3-VL-8B-Instruct-frugalVL
normal,normal,0.0157470703125,0,Qwen3-VL-8B-Instruct-frugalVL
degenerative change in joint,degenerative change in shoulder,0.171875,0,Qwen3-VL-8B-Instruct-frugalVL
degenerative change in joint,degenerative change in shoulder,0.9609375,1,Qwen3-VL-8B-Instruct-frugalVL
degenerative change in joint,degenerative change in shoulder,0.99609375,1,Qwen3-VL-8B-Instruct-frugalVL
degenerative change in joint,degenerative change in shoulder,0.83203125,1,Qwen3-VL-8B-Instruct-frugalVL
degenerative change in joint,degenerative change in shoulder,0.95703125,1,Qwen3-VL-8B-Instruct-frugalVL
degenerative change in joint,degenerative change in shoulder,0.6953125,0,Qwen3-VL-8B-Instruct-frugalVL
pulmonary atelectasis,pulmonary atelectasis,0.1787109375,0,Qwen3-VL-8B-Instruct-frugalVL
pulmonary atelectasis,pulmonary atelectasis,0.9296875,1,Qwen3-VL-8B-Instruct-frugalVL
pulmonary atelectasis,pulmonary atelectasis,0.9921875,1,Qwen3-VL-8B-Instruct-frugalVL
pulmonary atelectasis,pulmonary atelectasis,0.890625,1,Qwen3-VL-8B-Instruct-frugalVL
pulmonary atelectasis,pulmonary atelectasis,1.0,1,Qwen3-VL-8B-Instruct-frugalVL
pulmonary atelectasis,pulmonary atelectasis,0.9375,1,Qwen3-VL-8B-Instruct-frugalVL
hernia,"hernia, hiatal",0.048583984375,0,Qwen3-VL-8B-Instruct-frugalVL
hernia,"hernia, hiatal",0.51953125,0,Qwen3-VL-8B-Instruct-frugalVL
hernia,"hernia, hiatal",0.16796875,0,Qwen3-VL-8B-Instruct-frugalVL
hernia,"hernia, hiatal",0.0869140625,0,Qwen3-VL-8B-Instruct-frugalVL
hernia,"hernia, hiatal",0.56640625,0,Qwen3-VL-8B-Instruct-frugalVL
hernia,"hernia, hiatal",0.8671875,0,Qwen3-VL-8B-Instruct-frugalVL
normal,normal,0.0157470703125,0,Qwen3-VL-8B-Instruct-frugalVL
degenerative change in thor,medical device in spine,0.142578125,0,Qwen3-VL-8B-Instruct-frugalVL
degenerative change in thor,medical device in spine,0.15625,0,Qwen3-VL-8B-Instruct-frugalVL
degenerative change in thor,medical device in spine,0.10888671875,0,Qwen3-VL-8B-Instruct-frugalVL
degenerative change in thor,medical device in spine,0.2255859375,0,Qwen3-VL-8B-Instruct-frugalVL
normal,normal,0.0157470703125,0,Qwen3-VL-8B-Instruct-frugalVL
normal,normal,0.0157470703125,0,Qwen3-VL-8B-Instruct-frugalVL
pulmonary edema,cardiomegaly,0.1376953125,0,Qwen3-VL-8B-Instruct-frugalVL
pulmonary edema,cardiomegaly,0.05322265625,0,Qwen3-VL-8B-Instruct-frugalVL
pulmonary edema,cardiomegaly,0.33203125,1,Qwen3-VL-8B-Instruct-frugalVL
pulmonary edema,cardiomegaly,0.96484375,1,Qwen3-VL-8B-Instruct-frugalVL
pulmonary edema,cardiomegaly,0.984375,1,Qwen3-VL-8B-Instruct-frugalVL
normal,normal,0.0157470703125,0,Qwen3-VL-8B-Instruct-frugalVL
pulmonary atelectasis,granuloma,0.1787109375,0,Qwen3-VL-8B-Instruct-frugalVL
pulmonary atelectasis,granuloma,0.9921875,1,Qwen3-VL-8B-Instruct-frugalVL
pulmonary atelectasis,granuloma,0.7421875,0,Qwen3-VL-8B-Instruct-frugalVL
normal,normal,0.0157470703125,0,Qwen3-VL-8B-Instruct-frugalVL
lung hypoinflation in bi,bilateral abnormality in lung,0.99609375,0,Qwen3-VL-8B-Instruct-frugalVL
lung hypoinflation in bi,bilateral abnormality in lung,0.1728515625,0,Qwen3-VL-8B-Instruct-frugalVL
lung hypoinflation in bi,bilateral abnormality in lung,0.2060546875,0,Qwen3-VL-8B-Instruct-frugalVL
lung hypoinflation in bi,bilateral abnormality in lung,0.2490234375,0,Qwen3-VL-8B-Instruct-frugalVL
lung hypoinflation in bi,bilateral abnormality in lung,0.31640625,0,Qwen3-VL-8B-Instruct-frugalVL
lung hypoinflation in bi,bilateral abnormality in lung,0.2158203125,0,Qwen3-VL-8B-Instruct-frugalVL
normal,normal,0.0157470703125,0,Qwen3-VL-8B-Instruct-frugalVL
normal,normal,0.0157470703125,0,Qwen3-VL-8B-Instruct-frugalVL
calcinosis,calcified granuloma,0.11474609375,0,Qwen3-VL-8B-Instruct-frugalVL
calcinosis,calcified granuloma,0.09521484375,0,Qwen3-VL-8B-Instruct-frugalVL
calcinosis,calcified granuloma,0.2119140625,0,Qwen3-VL-8B-Instruct-frugalVL
calcinosis,calcified granuloma,0.9375,1,Qwen3-VL-8B-Instruct-frugalVL
calcinosis,calcified granuloma,0.61328125,1,Qwen3-VL-8B-Instruct-frugalVL
normal,normal,0.0157470703125,0,Qwen3-VL-8B-Instruct-frugalVL
normal,normal,0.0157470703125,0,Qwen3-VL-8B-Instruct-frugalVL
pulmonary atelectasis,pulmonary atelectasis,0.1787109375,0,Qwen3-VL-8B-Instruct-frugalVL
pulmonary atelectasis,pulmonary atelectasis,0.9296875,1,Qwen3-VL-8B-Instruct-frugalVL
pulmonary atelectasis,pulmonary atelectasis,0.9921875,1,Qwen3-VL-8B-Instruct-frugalVL
pulmonary atelectasis,pulmonary atelectasis,0.890625,1,Qwen3-VL-8B-Instruct-frugalVL
pulmonary atelectasis,pulmonary atelectasis,1.0,1,Qwen3-VL-8B-Instruct-frugalVL
pulmonary atelectasis,pulmonary atelectasis,0.9375,1,Qwen3-VL-8B-Instruct-frugalVL
calcinosis,calcinosis,0.11328125,0,Qwen3-VL-8B-Instruct-frugalVL
calcinosis,calcinosis,0.2294921875,0,Qwen3-VL-8B-Instruct-frugalVL
calcinosis,calcinosis,0.2734375,0,Qwen3-VL-8B-Instruct-frugalVL
osteophyte,degenerative change in spine,0.80859375,0,Qwen3-VL-8B-Instruct-frugalVL
osteophyte,degenerative change in spine,0.059814453125,0,Qwen3-VL-8B-Instruct-frugalVL
osteophyte,degenerative change in spine,0.16796875,0,Qwen3-VL-8B-Instruct-frugalVL
osteophyte,degenerative change in spine,0.3984375,0,Qwen3-VL-8B-Instruct-frugalVL
osteophyte,degenerative change in spine,0.3203125,1,Qwen3-VL-8B-Instruct-frugalVL
osteophyte,degenerative change in spine,0.451171875,0,Qwen3-VL-8B-Instruct-frugalVL
calcinosis,calcinosis,0.11328125,0,Qwen3-VL-8B-Instruct-frugalVL
calcinosis,calcinosis,0.2294921875,0,Qwen3-VL-8B-Instruct-frugalVL
calcinosis,calcinosis,0.2734375,0,Qwen3-VL-8B-Instruct-frugalVL
pulmonary opacity,bilateral abnormality in opacity,0.162109375,0,Qwen3-VL-8B-Instruct-frugalVL
pulmonary opacity,bilateral abnormality in opacity,0.13671875,1,Qwen3-VL-8B-Instruct-frugalVL
pulmonary opacity,bilateral abnormality in opacity,0.265625,0,Qwen3-VL-8B-Instruct-frugalVL
pulmonary opacity,bilateral abnormality in opacity,0.1416015625,1,Qwen3-VL-8B-Instruct-frugalVL
pulmonary opacity,bilateral abnormality in opacity,0.30859375,0,Qwen3-VL-8B-Instruct-frugalVL
pulmonary opacity,bilateral abnormality in opacity,0.76953125,0,Qwen3-VL-8B-Instruct-frugalVL
lung hypoinflation in lung,lung hypoinflation in lung,0.0810546875,0,Qwen3-VL-8B-Instruct-frugalVL
lung hypoinflation in lung,lung hypoinflation in lung,0.1982421875,1,Qwen3-VL-8B-Instruct-frugalVL
lung hypoinflation in lung,lung hypoinflation in lung,0.87890625,1,Qwen3-VL-8B-Instruct-frugalVL
lung hypoinflation in lung,lung hypoinflation in lung,1.0,1,Qwen3-VL-8B-Instruct-frugalVL
lung hypoinflation in lung,lung hypoinflation in lung,0.77734375,1,Qwen3-VL-8B-Instruct-frugalVL
lung hypoinflation in lung,lung hypoinflation in lung,0.75,1,Qwen3-VL-8B-Instruct-frugalVL
normal,normal,0.0157470703125,0,Qwen3-VL-8B-Instruct-frugalVL
normal,normal,0.0157470703125,0,Qwen3-VL-8B-Instruct-frugalVL
normal,normal,0.0157470703125,0,Qwen3-VL-8B-Instruct-frugalVL
degenerative change in spine,degenerative change in spine,0.53125,0,Qwen3-VL-8B-Instruct-frugalVL
degenerative change in spine,degenerative change in spine,0.08251953125,0,Qwen3-VL-8B-Instruct-frugalVL
degenerative change in spine,degenerative change in spine,0.80859375,0,Qwen3-VL-8B-Instruct-frugalVL
degenerative change in spine,degenerative change in spine,0.4296875,1,Qwen3-VL-8B-Instruct-frugalVL
degenerative change in spine,degenerative change in spine,0.91796875,1,Qwen3-VL-8B-Instruct-frugalVL
degenerative change in spine,degenerative change in spine,0.453125,0,Qwen3-VL-8B-Instruct-frugalVL
pleural effusion,calcified granuloma,0.2412109375,0,Qwen3-VL-8B-Instruct-frugalVL
pleural effusion,calcified granuloma,0.7109375,1,Qwen3-VL-8B-Instruct-frugalVL
pleural effusion,calcified granuloma,0.380859375,0,Qwen3-VL-8B-Instruct-frugalVL
pleural effusion,calcified granuloma,0.98828125,1,Qwen3-VL-8B-Instruct-frugalVL
pleural effusion,calcified granuloma,0.58984375,0,Qwen3-VL-8B-Instruct-frugalVL
foreign bodies,foreign bodies,0.166015625,0,Qwen3-VL-8B-Instruct-frugalVL
foreign bodies,foreign bodies,0.310546875,1,Qwen3-VL-8B-Instruct-frugalVL
retraction,"pulmonary disease, chronic obstructive",0.08935546875,0,Qwen3-VL-8B-Instruct-frugalVL
retraction,"pulmonary disease, chronic obstructive",0.314453125,0,Qwen3-VL-8B-Instruct-frugalVL
retraction,"pulmonary disease, chronic obstructive",0.7109375,0,Qwen3-VL-8B-Instruct-frugalVL
retraction,"pulmonary disease, chronic obstructive",0.34375,0,Qwen3-VL-8B-Instruct-frugalVL
retraction,"pulmonary disease, chronic obstructive",0.142578125,0,Qwen3-VL-8B-Instruct-frugalVL
retraction,"pulmonary disease, chronic obstructive",0.08642578125,0,Qwen3-VL-8B-Instruct-frugalVL
retraction,"pulmonary disease, chronic obstructive",0.5625,1,Qwen3-VL-8B-Instruct-frugalVL
retraction,"pulmonary disease, chronic obstructive",0.99609375,1,Qwen3-VL-8B-Instruct-frugalVL
normal,normal,0.0157470703125,0,Qwen3-VL-8B-Instruct-frugalVL
surgical procedure,surgical instruments,0.2197265625,0,Qwen3-VL-8B-Instruct-frugalVL
surgical procedure,surgical instruments,0.50390625,0,Qwen3-VL-8B-Instruct-frugalVL
surgical procedure,surgical instruments,0.130859375,0,Qwen3-VL-8B-Instruct-frugalVL
normal,normal,0.0157470703125,0,Qwen3-VL-8B-Instruct-frugalVL
osteophyte,spondylosis,0.80859375,0,Qwen3-VL-8B-Instruct-frugalVL
osteophyte,spondylosis,0.1298828125,0,Qwen3-VL-8B-Instruct-frugalVL
osteophyte,spondylosis,0.1318359375,0,Qwen3-VL-8B-Instruct-frugalVL
osteophyte,spondylosis,0.828125,1,Qwen3-VL-8B-Instruct-frugalVL
osteophyte,spondylosis,0.984375,1,Qwen3-VL-8B-Instruct-frugalVL
"pulmonary disease, chronic obstruct",lung hyperdistention in lung,1.0,0,Qwen3-VL-8B-Instruct-frugalVL
"pulmonary disease, chronic obstruct",lung hyperdistention in lung,0.6015625,0,Qwen3-VL-8B-Instruct-frugalVL
"pulmonary disease, chronic obstruct",lung hyperdistention in lung,0.86328125,0,Qwen3-VL-8B-Instruct-frugalVL
"pulmonary disease, chronic obstruct",lung hyperdistention in lung,0.875,1,Qwen3-VL-8B-Instruct-frugalVL
"pulmonary disease, chronic obstruct",lung hyperdistention in lung,0.6328125,0,Qwen3-VL-8B-Instruct-frugalVL
"pulmonary disease, chronic obstruct",lung hyperdistention in lung,0.0908203125,0,Qwen3-VL-8B-Instruct-frugalVL
normal,normal,0.0157470703125,0,Qwen3-VL-8B-Instruct-frugalVL
normal,normal,0.0157470703125,0,Qwen3-VL-8B-Instruct-frugalVL
normal,normal,0.0157470703125,0,Qwen3-VL-8B-Instruct-frugalVL
normal,normal,0.0157470703125,0,Qwen3-VL-8B-Instruct-frugalVL
cardiomegaly,pleural effusion,0.1630859375,0,Qwen3-VL-8B-Instruct-frugalVL
cardiomegaly,pleural effusion,0.54296875,1,Qwen3-VL-8B-Instruct-frugalVL
cardiomegaly,pleural effusion,0.9609375,1,Qwen3-VL-8B-Instruct-frugalVL
cardiomegaly,pleural effusion,0.87109375,1,Qwen3-VL-8B-Instruct-frugalVL
degenerative change in disc,scoliosis,0.275390625,0,Qwen3-VL-8B-Instruct-frugalVL
degenerative change in disc,scoliosis,0.94140625,0,Qwen3-VL-8B-Instruct-frugalVL
degenerative change in disc,scoliosis,0.2216796875,0,Qwen3-VL-8B-Instruct-frugalVL
normal,normal,0.0157470703125,0,Qwen3-VL-8B-Instruct-frugalVL
pulmonary atelectasis,calcified granuloma,0.28125,0,Qwen3-VL-8B-Instruct-frugalVL
pulmonary atelectasis,calcified granuloma,0.0556640625,0,Qwen3-VL-8B-Instruct-frugalVL
pulmonary atelectasis,calcified granuloma,0.455078125,0,Qwen3-VL-8B-Instruct-frugalVL
pulmonary atelectasis,calcified granuloma,0.443359375,0,Qwen3-VL-8B-Instruct-frugalVL
pulmonary atelectasis,calcified granuloma,0.98046875,0,Qwen3-VL-8B-Instruct-frugalVL
spine,spondylosis,0.2060546875,0,Qwen3-VL-8B-Instruct-frugalVL
spine,spondylosis,0.103515625,0,Qwen3-VL-8B-Instruct-frugalVL
spine,spondylosis,0.267578125,0,Qwen3-VL-8B-Instruct-frugalVL
spine,spondylosis,1.0,0,Qwen3-VL-8B-Instruct-frugalVL
spine,spondylosis,0.1943359375,0,Qwen3-VL-8B-Instruct-frugalVL
scoliosis,pulmonary atelectasis,1.0,0,Qwen3-VL-8B-Instruct-frugalVL
scoliosis,pulmonary atelectasis,0.109375,0,Qwen3-VL-8B-Instruct-frugalVL
scoliosis,pulmonary atelectasis,0.365234375,1,Qwen3-VL-8B-Instruct-frugalVL
scoliosis,pulmonary atelectasis,0.058349609375,0,Qwen3-VL-8B-Instruct-frugalVL
scoliosis,pulmonary atelectasis,0.404296875,0,Qwen3-VL-8B-Instruct-frugalVL
scoliosis,pulmonary atelectasis,0.63671875,1,Qwen3-VL-8B-Instruct-frugalVL
normal,normal,0.0157470703125,0,Qwen3-VL-8B-Instruct-frugalVL
normal,normal,0.0157470703125,0,Qwen3-VL-8B-Instruct-frugalVL
normal,normal,0.0157470703125,0,Qwen3-VL-8B-Instruct-frugalVL
pulmonary atelectasis,pulmonary atelectasis,0.1787109375,0,Qwen3-VL-8B-Instruct-frugalVL
pulmonary atelectasis,pulmonary atelectasis,0.9296875,1,Qwen3-VL-8B-Instruct-frugalVL
pulmonary atelectasis,pulmonary atelectasis,0.9921875,1,Qwen3-VL-8B-Instruct-frugalVL
pulmonary atelectasis,pulmonary atelectasis,0.890625,1,Qwen3-VL-8B-Instruct-frugalVL
pulmonary atelectasis,pulmonary atelectasis,1.0,1,Qwen3-VL-8B-Instruct-frugalVL
pulmonary atelectasis,pulmonary atelectasis,0.9375,1,Qwen3-VL-8B-Instruct-frugalVL
streaky opacity in opacity,pulmonary atelectasis,0.08154296875,0,Qwen3-VL-8B-Instruct-frugalVL
streaky opacity in opacity,pulmonary atelectasis,0.130859375,1,Qwen3-VL-8B-Instruct-frugalVL
streaky opacity in opacity,pulmonary atelectasis,0.88671875,1,Qwen3-VL-8B-Instruct-frugalVL
streaky opacity in opacity,pulmonary atelectasis,0.353515625,0,Qwen3-VL-8B-Instruct-frugalVL
streaky opacity in opacity,pulmonary atelectasis,0.984375,1,Qwen3-VL-8B-Instruct-frugalVL
streaky opacity in opacity,pulmonary atelectasis,0.984375,1,Qwen3-VL-8B-Instruct-frugalVL
chronic lung disease,lung hyperdistention in lung,0.5546875,0,Qwen3-VL-8B-Instruct-frugalVL
chronic lung disease,lung hyperdistention in lung,0.349609375,0,Qwen3-VL-8B-Instruct-frugalVL
chronic lung disease,lung hyperdistention in lung,0.396484375,0,Qwen3-VL-8B-Instruct-frugalVL
chronic lung disease,lung hyperdistention in lung,0.8984375,0,Qwen3-VL-8B-Instruct-frugalVL
chronic lung disease,lung hyperdistention in lung,0.75390625,0,Qwen3-VL-8B-Instruct-frugalVL
chronic lung disease,lung hyperdistention in lung,0.27734375,0,Qwen3-VL-8B-Instruct-frugalVL
pulmonary atelectasis,pneumonia,0.1787109375,0,Qwen3-VL-8B-Instruct-frugalVL
pulmonary atelectasis,pneumonia,0.9375,0,Qwen3-VL-8B-Instruct-frugalVL
pulmonary atelectasis,pneumonia,0.98828125,1,Qwen3-VL-8B-Instruct-frugalVL
pulmonary atelectasis,pneumonia,0.67578125,1,Qwen3-VL-8B-Instruct-frugalVL
degenerative change in thor,pulmonary atelectasis,0.142578125,0,Qwen3-VL-8B-Instruct-frugalVL
degenerative change in thor,pulmonary atelectasis,0.09521484375,0,Qwen3-VL-8B-Instruct-frugalVL
degenerative change in thor,pulmonary atelectasis,0.287109375,0,Qwen3-VL-8B-Instruct-frugalVL
degenerative change in thor,pulmonary atelectasis,0.10498046875,0,Qwen3-VL-8B-Instruct-frugalVL
degenerative change in thor,pulmonary atelectasis,0.98046875,1,Qwen3-VL-8B-Instruct-frugalVL
degenerative change in thor,pulmonary atelectasis,0.96875,1,Qwen3-VL-8B-Instruct-frugalVL
scoliosis,scoliosis,1.0,0,Qwen3-VL-8B-Instruct-frugalVL
scoliosis,scoliosis,0.25390625,0,Qwen3-VL-8B-Instruct-frugalVL
scoliosis,scoliosis,0.4375,1,Qwen3-VL-8B-Instruct-frugalVL
degenerative change in spine,degenerative change in shoulder,0.53125,0,Qwen3-VL-8B-Instruct-frugalVL
degenerative change in spine,degenerative change in shoulder,0.08251953125,0,Qwen3-VL-8B-Instruct-frugalVL
degenerative change in spine,degenerative change in shoulder,0.80859375,0,Qwen3-VL-8B-Instruct-frugalVL
degenerative change in spine,degenerative change in shoulder,0.4296875,1,Qwen3-VL-8B-Instruct-frugalVL
degenerative change in spine,degenerative change in shoulder,0.91796875,1,Qwen3-VL-8B-Instruct-frugalVL
degenerative change in spine,degenerative change in shoulder,0.453125,0,Qwen3-VL-8B-Instruct-frugalVL
bilateral abnormality in airspace,blunted costophrenic angle in costophrenic angle,0.216796875,0,Qwen3-VL-8B-Instruct-frugalVL
bilateral abnormality in airspace,blunted costophrenic angle in costophrenic angle,0.5625,0,Qwen3-VL-8B-Instruct-frugalVL
bilateral abnormality in airspace,blunted costophrenic angle in costophrenic angle,0.35546875,1,Qwen3-VL-8B-Instruct-frugalVL
bilateral abnormality in airspace,blunted costophrenic angle in costophrenic angle,0.98046875,1,Qwen3-VL-8B-Instruct-frugalVL
bilateral abnormality in airspace,blunted costophrenic angle in costophrenic angle,1.0,1,Qwen3-VL-8B-Instruct-frugalVL
bilateral abnormality in airspace,blunted costophrenic angle in costophrenic angle,0.99609375,1,Qwen3-VL-8B-Instruct-frugalVL
bilateral abnormality in airspace,blunted costophrenic angle in costophrenic angle,0.388671875,0,Qwen3-VL-8B-Instruct-frugalVL
bilateral abnormality in airspace,blunted costophrenic angle in costophrenic angle,0.15625,0,Qwen3-VL-8B-Instruct-frugalVL
bilateral abnormality in airspace,blunted costophrenic angle in costophrenic angle,0.7109375,0,Qwen3-VL-8B-Instruct-frugalVL
bilateral abnormality in airspace,blunted costophrenic angle in costophrenic angle,0.92578125,1,Qwen3-VL-8B-Instruct-frugalVL
bilateral abnormality in airspace,blunted costophrenic angle in costophrenic angle,0.98828125,1,Qwen3-VL-8B-Instruct-frugalVL
bilateral abnormality in airspace,blunted costophrenic angle in costophrenic angle,0.953125,1,Qwen3-VL-8B-Instruct-frugalVL
bilateral abnormality in airspace,blunted costophrenic angle in costophrenic angle,0.52734375,0,Qwen3-VL-8B-Instruct-frugalVL
blister,blister,0.197265625,0,Qwen3-VL-8B-Instruct-frugalVL
blister,blister,0.9609375,1,Qwen3-VL-8B-Instruct-frugalVL
normal,normal,0.0157470703125,0,Qwen3-VL-8B-Instruct-frugalVL
calcified granuloma,granuloma,0.8984375,0,Qwen3-VL-8B-Instruct-frugalVL
calcified granuloma,granuloma,0.107421875,0,Qwen3-VL-8B-Instruct-frugalVL
calcified granuloma,granuloma,0.9765625,0,Qwen3-VL-8B-Instruct-frugalVL
normal,normal,0.0157470703125,0,Qwen3-VL-8B-Instruct-frugalVL
normal,normal,0.0157470703125,0,Qwen3-VL-8B-Instruct-frugalVL
normal,normal,0.0157470703125,0,Qwen3-VL-8B-Instruct-frugalVL
surgical instruments,surgical instruments,0.2314453125,0,Qwen3-VL-8B-Instruct-frugalVL
surgical instruments,surgical instruments,0.1435546875,1,Qwen3-VL-8B-Instruct-frugalVL
surgical instruments,surgical instruments,0.56640625,1,Qwen3-VL-8B-Instruct-frugalVL
chronic diaphragmatic hernia,pulmonary atelectasis,0.228515625,0,Qwen3-VL-8B-Instruct-frugalVL
chronic diaphragmatic hernia,pulmonary atelectasis,0.90625,0,Qwen3-VL-8B-Instruct-frugalVL
chronic diaphragmatic hernia,pulmonary atelectasis,0.2333984375,0,Qwen3-VL-8B-Instruct-frugalVL
chronic diaphragmatic hernia,pulmonary atelectasis,0.90234375,0,Qwen3-VL-8B-Instruct-frugalVL
chronic diaphragmatic hernia,pulmonary atelectasis,0.94921875,0,Qwen3-VL-8B-Instruct-frugalVL
chronic diaphragmatic hernia,pulmonary atelectasis,0.181640625,0,Qwen3-VL-8B-Instruct-frugalVL
pulmonary atelectasis,pulmonary atelectasis,0.1787109375,0,Qwen3-VL-8B-Instruct-frugalVL
pulmonary atelectasis,pulmonary atelectasis,0.9296875,1,Qwen3-VL-8B-Instruct-frugalVL
pulmonary atelectasis,pulmonary atelectasis,0.9921875,1,Qwen3-VL-8B-Instruct-frugalVL
pulmonary atelectasis,pulmonary atelectasis,0.890625,1,Qwen3-VL-8B-Instruct-frugalVL
pulmonary atelectasis,pulmonary atelectasis,1.0,1,Qwen3-VL-8B-Instruct-frugalVL
pulmonary atelectasis,pulmonary atelectasis,0.9375,1,Qwen3-VL-8B-Instruct-frugalVL
cardiomegaly,cardiomegaly,0.671875,0,Qwen3-VL-8B-Instruct-frugalVL
cardiomegaly,cardiomegaly,0.734375,0,Qwen3-VL-8B-Instruct-frugalVL
cardiomegaly,cardiomegaly,0.75390625,0,Qwen3-VL-8B-Instruct-frugalVL
cardiomegaly,cardiomegaly,0.94140625,0,Qwen3-VL-8B-Instruct-frugalVL
cardiomegaly,cardiomegaly,0.126953125,0,Qwen3-VL-8B-Instruct-frugalVL
normal,normal,0.0157470703125,0,Qwen3-VL-8B-Instruct-frugalVL
normal,normal,0.0157470703125,0,Qwen3-VL-8B-Instruct-frugalVL
normal,pectus carinatum,0.0157470703125,0,Qwen3-VL-8B-Instruct-frugalVL
normal,pectus carinatum,0.173828125,0,Qwen3-VL-8B-Instruct-frugalVL
normal,pectus carinatum,0.10986328125,0,Qwen3-VL-8B-Instruct-frugalVL
normal,pectus carinatum,0.033203125,0,Qwen3-VL-8B-Instruct-frugalVL
normal,pectus carinatum,0.068359375,1,Qwen3-VL-8B-Instruct-frugalVL
cardiomegaly,cardiomegaly,0.671875,0,Qwen3-VL-8B-Instruct-frugalVL
cardiomegaly,cardiomegaly,0.734375,0,Qwen3-VL-8B-Instruct-frugalVL
cardiomegaly,cardiomegaly,0.75390625,0,Qwen3-VL-8B-Instruct-frugalVL
cardiomegaly,cardiomegaly,0.94140625,0,Qwen3-VL-8B-Instruct-frugalVL
cardiomegaly,cardiomegaly,0.126953125,0,Qwen3-VL-8B-Instruct-frugalVL
scarring,cicatrix,0.1728515625,0,Qwen3-VL-8B-Instruct-frugalVL
scarring,cicatrix,0.3984375,0,Qwen3-VL-8B-Instruct-frugalVL
scarring,cicatrix,0.08984375,0,Qwen3-VL-8B-Instruct-frugalVL
scarring,cicatrix,0.1728515625,0,Qwen3-VL-8B-Instruct-frugalVL
scarring,cicatrix,0.3984375,0,Qwen3-VL-8B-Instruct-frugalVL
scarring,cicatrix,0.08984375,0,Qwen3-VL-8B-Instruct-frugalVL
scarring,cicatrix,0.1728515625,0,Qwen3-VL-8B-Instruct-frugalVL
scarring,cicatrix,0.3984375,0,Qwen3-VL-8B-Instruct-frugalVL
scarring,cicatrix,0.08984375,0,Qwen3-VL-8B-Instruct-frugalVL
normal,normal,0.0157470703125,0,Qwen3-VL-8B-Instruct-frugalVL
cardiomegaly,cardiomegaly,0.671875,0,Qwen3-VL-8B-Instruct-frugalVL
cardiomegaly,cardiomegaly,0.734375,0,Qwen3-VL-8B-Instruct-frugalVL
cardiomegaly,cardiomegaly,0.75390625,0,Qwen3-VL-8B-Instruct-frugalVL
cardiomegaly,cardiomegaly,0.94140625,0,Qwen3-VL-8B-Instruct-frugalVL
cardiomegaly,cardiomegaly,0.126953125,0,Qwen3-VL-8B-Instruct-frugalVL
normal,normal,0.0157470703125,0,Qwen3-VL-8B-Instruct-frugalVL
atherosclerosis,atherosclerosis,0.224609375,0,Qwen3-VL-8B-Instruct-frugalVL
atherosclerosis,atherosclerosis,0.87890625,1,Qwen3-VL-8B-Instruct-frugalVL
atherosclerosis,atherosclerosis,0.7890625,1,Qwen3-VL-8B-Instruct-frugalVL
calcinosis,calcinosis,0.11328125,0,Qwen3-VL-8B-Instruct-frugalVL
calcinosis,calcinosis,0.2294921875,0,Qwen3-VL-8B-Instruct-frugalVL
calcinosis,calcinosis,0.2734375,0,Qwen3-VL-8B-Instruct-frugalVL
normal,normal,0.0157470703125,0,Qwen3-VL-8B-Instruct-frugalVL
calcified granuloma,calcified granuloma,0.8984375,0,Qwen3-VL-8B-Instruct-frugalVL
calcified granuloma,calcified granuloma,0.21875,0,Qwen3-VL-8B-Instruct-frugalVL
calcified granuloma,calcified granuloma,0.3984375,0,Qwen3-VL-8B-Instruct-frugalVL
calcified granuloma,calcified granuloma,0.314453125,0,Qwen3-VL-8B-Instruct-frugalVL
calcified granuloma,calcified granuloma,1.0,0,Qwen3-VL-8B-Instruct-frugalVL
calcinosis,calcinosis,0.11328125,0,Qwen3-VL-8B-Instruct-frugalVL
calcinosis,calcinosis,0.2294921875,0,Qwen3-VL-8B-Instruct-frugalVL
calcinosis,calcinosis,0.2734375,0,Qwen3-VL-8B-Instruct-frugalVL
normal,normal,0.0157470703125,0,Qwen3-VL-8B-Instruct-frugalVL
blunted costophrenic angle,blunted costophrenic angle in costophrenic angle,0.1484375,0,Qwen3-VL-8B-Instruct-frugalVL
blunted costophrenic angle,blunted costophrenic angle in costophrenic angle,1.0,1,Qwen3-VL-8B-Instruct-frugalVL
blunted costophrenic angle,blunted costophrenic angle in costophrenic angle,0.93359375,1,Qwen3-VL-8B-Instruct-frugalVL
blunted costophrenic angle,blunted costophrenic angle in costophrenic angle,0.99609375,1,Qwen3-VL-8B-Instruct-frugalVL
blunted costophrenic angle,blunted costophrenic angle in costophrenic angle,1.0,1,Qwen3-VL-8B-Instruct-frugalVL
blunted costophrenic angle,blunted costophrenic angle in costophrenic angle,1.0,1,Qwen3-VL-8B-Instruct-frugalVL
blunted costophrenic angle,blunted costophrenic angle in costophrenic angle,0.99609375,1,Qwen3-VL-8B-Instruct-frugalVL
blunted costophrenic angle,blunted costophrenic angle in costophrenic angle,0.423828125,0,Qwen3-VL-8B-Instruct-frugalVL
blunted costophrenic angle,blunted costophrenic angle in costophrenic angle,0.271484375,0,Qwen3-VL-8B-Instruct-frugalVL
blunted costophrenic angle,blunted costophrenic angle in costophrenic angle,0.953125,1,Qwen3-VL-8B-Instruct-frugalVL
blunted costophrenic angle,blunted costophrenic angle in costophrenic angle,0.97265625,1,Qwen3-VL-8B-Instruct-frugalVL
blunted costophrenic angle,blunted costophrenic angle in costophrenic angle,0.9921875,1,Qwen3-VL-8B-Instruct-frugalVL
blunted costophrenic angle,blunted costophrenic angle in costophrenic angle,0.7578125,1,Qwen3-VL-8B-Instruct-frugalVL
calcinosis,calcinosis,0.11328125,0,Qwen3-VL-8B-Instruct-frugalVL
calcinosis,calcinosis,0.2294921875,0,Qwen3-VL-8B-Instruct-frugalVL
calcinosis,calcinosis,0.2734375,0,Qwen3-VL-8B-Instruct-frugalVL
normal,normal,0.0157470703125,0,Qwen3-VL-8B-Instruct-frugalVL
normal,normal,0.0157470703125,0,Qwen3-VL-8B-Instruct-frugalVL
pleural effusion,pleural effusion,0.2412109375,0,Qwen3-VL-8B-Instruct-frugalVL
pleural effusion,pleural effusion,0.953125,1,Qwen3-VL-8B-Instruct-frugalVL
pleural effusion,pleural effusion,0.9765625,1,Qwen3-VL-8B-Instruct-frugalVL
pleural effusion,pleural effusion,0.921875,1,Qwen3-VL-8B-Instruct-frugalVL
calcinosis,calcinosis,0.11328125,0,Qwen3-VL-8B-Instruct-frugalVL
calcinosis,calcinosis,0.2294921875,0,Qwen3-VL-8B-Instruct-frugalVL
calcinosis,calcinosis,0.2734375,0,Qwen3-VL-8B-Instruct-frugalVL
normal,normal,0.0157470703125,0,Qwen3-VL-8B-Instruct-frugalVL
pulmonary atelectasis,patchy opacity in opacity,0.1787109375,0,Qwen3-VL-8B-Instruct-frugalVL
pulmonary atelectasis,patchy opacity in opacity,0.92578125,1,Qwen3-VL-8B-Instruct-frugalVL
pulmonary atelectasis,patchy opacity in opacity,0.2470703125,0,Qwen3-VL-8B-Instruct-frugalVL
pulmonary atelectasis,patchy opacity in opacity,0.125,1,Qwen3-VL-8B-Instruct-frugalVL
pulmonary atelectasis,patchy opacity in opacity,0.416015625,0,Qwen3-VL-8B-Instruct-frugalVL
scoliosis,scoliosis,1.0,0,Qwen3-VL-8B-Instruct-frugalVL
scoliosis,scoliosis,0.25390625,0,Qwen3-VL-8B-Instruct-frugalVL
scoliosis,scoliosis,0.4375,1,Qwen3-VL-8B-Instruct-frugalVL
normal,normal,0.0157470703125,0,Qwen3-VL-8B-Instruct-frugalVL
normal,normal,0.0157470703125,0,Qwen3-VL-8B-Instruct-frugalVL
normal,normal,0.0157470703125,0,Qwen3-VL-8B-Instruct-frugalVL
lung hypoinflation in lung,lung hypoinflation in lung,0.0810546875,0,Qwen3-VL-8B-Instruct-frugalVL
lung hypoinflation in lung,lung hypoinflation in lung,0.1982421875,1,Qwen3-VL-8B-Instruct-frugalVL
lung hypoinflation in lung,lung hypoinflation in lung,0.87890625,1,Qwen3-VL-8B-Instruct-frugalVL
lung hypoinflation in lung,lung hypoinflation in lung,1.0,1,Qwen3-VL-8B-Instruct-frugalVL
lung hypoinflation in lung,lung hypoinflation in lung,0.77734375,1,Qwen3-VL-8B-Instruct-frugalVL
lung hypoinflation in lung,lung hypoinflation in lung,0.75,1,Qwen3-VL-8B-Instruct-frugalVL
spine,spondylosis,0.2060546875,0,Qwen3-VL-8B-Instruct-frugalVL
spine,spondylosis,0.103515625,0,Qwen3-VL-8B-Instruct-frugalVL
spine,spondylosis,0.267578125,0,Qwen3-VL-8B-Instruct-frugalVL
spine,spondylosis,1.0,0,Qwen3-VL-8B-Instruct-frugalVL
spine,spondylosis,0.1943359375,0,Qwen3-VL-8B-Instruct-frugalVL
normal,normal,0.0157470703125,0,Qwen3-VL-8B-Instruct-frugalVL
normal,normal,0.0157470703125,0,Qwen3-VL-8B-Instruct-frugalVL
normal,normal,0.0157470703125,0,Qwen3-VL-8B-Instruct-frugalVL
pulmonary atelectasis,pleural effusion,0.1787109375,0,Qwen3-VL-8B-Instruct-frugalVL
pulmonary atelectasis,pleural effusion,0.74609375,1,Qwen3-VL-8B-Instruct-frugalVL
pulmonary atelectasis,pleural effusion,0.984375,1,Qwen3-VL-8B-Instruct-frugalVL
pulmonary atelectasis,pleural effusion,0.94921875,1,Qwen3-VL-8B-Instruct-frugalVL
normal,normal,0.0157470703125,0,Qwen3-VL-8B-Instruct-frugalVL
surgical instruments,surgical instruments,0.2314453125,0,Qwen3-VL-8B-Instruct-frugalVL
surgical instruments,surgical instruments,0.1435546875,1,Qwen3-VL-8B-Instruct-frugalVL
surgical instruments,surgical instruments,0.56640625,1,Qwen3-VL-8B-Instruct-frugalVL
degenerative change,degenerative change in thoracic vertebrae,0.2158203125,0,Qwen3-VL-8B-Instruct-frugalVL
degenerative change,degenerative change in thoracic vertebrae,0.61328125,0,Qwen3-VL-8B-Instruct-frugalVL
degenerative change,degenerative change in thoracic vertebrae,0.55859375,0,Qwen3-VL-8B-Instruct-frugalVL
degenerative change,degenerative change in thoracic vertebrae,0.27734375,0,Qwen3-VL-8B-Instruct-frugalVL
degenerative change,degenerative change in thoracic vertebrae,0.62109375,0,Qwen3-VL-8B-Instruct-frugalVL
degenerative change,degenerative change in thoracic vertebrae,0.88671875,0,Qwen3-VL-8B-Instruct-frugalVL
degenerative change,degenerative change in thoracic vertebrae,0.80078125,0,Qwen3-VL-8B-Instruct-frugalVL
degenerative change,degenerative change in thoracic vertebrae,0.8828125,0,Qwen3-VL-8B-Instruct-frugalVL
degenerative change,degenerative change in thoracic vertebrae,0.796875,0,Qwen3-VL-8B-Instruct-frugalVL
degenerative change,degenerative change in thoracic vertebrae,0.28125,0,Qwen3-VL-8B-Instruct-frugalVL
normal,normal,0.0157470703125,0,Qwen3-VL-8B-Instruct-frugalVL
deformity,"fractures, bone",0.193359375,0,Qwen3-VL-8B-Instruct-frugalVL
deformity,"fractures, bone",0.1796875,1,Qwen3-VL-8B-Instruct-frugalVL
deformity,"fractures, bone",0.77734375,0,Qwen3-VL-8B-Instruct-frugalVL
deformity,"fractures, bone",0.08984375,0,Qwen3-VL-8B-Instruct-frugalVL
deformity,"fractures, bone",0.05224609375,0,Qwen3-VL-8B-Instruct-frugalVL
normal,normal,0.0157470703125,0,Qwen3-VL-8B-Instruct-frugalVL
lucent media in lungs,"lung, hyperlucent",0.1923828125,0,Qwen3-VL-8B-Instruct-frugalVL
lucent media in lungs,"lung, hyperlucent",0.07861328125,0,Qwen3-VL-8B-Instruct-frugalVL
lucent media in lungs,"lung, hyperlucent",0.05419921875,0,Qwen3-VL-8B-Instruct-frugalVL
lucent media in lungs,"lung, hyperlucent",0.041259765625,0,Qwen3-VL-8B-Instruct-frugalVL
atherosclerosis,atherosclerosis,0.224609375,0,Qwen3-VL-8B-Instruct-frugalVL
atherosclerosis,atherosclerosis,0.87890625,1,Qwen3-VL-8B-Instruct-frugalVL
atherosclerosis,atherosclerosis,0.7890625,1,Qwen3-VL-8B-Instruct-frugalVL
normal,normal,0.0157470703125,0,Qwen3-VL-8B-Instruct-frugalVL
lung hypoinflation in lung,lung hypoinflation in lung,0.0810546875,0,Qwen3-VL-8B-Instruct-frugalVL
lung hypoinflation in lung,lung hypoinflation in lung,0.1982421875,1,Qwen3-VL-8B-Instruct-frugalVL
lung hypoinflation in lung,lung hypoinflation in lung,0.87890625,1,Qwen3-VL-8B-Instruct-frugalVL
lung hypoinflation in lung,lung hypoinflation in lung,1.0,1,Qwen3-VL-8B-Instruct-frugalVL
lung hypoinflation in lung,lung hypoinflation in lung,0.77734375,1,Qwen3-VL-8B-Instruct-frugalVL
lung hypoinflation in lung,lung hypoinflation in lung,0.75,1,Qwen3-VL-8B-Instruct-frugalVL
pleural effusion,blunted costophrenic angle in costophrenic angle,0.2578125,0,Qwen3-VL-8B-Instruct-frugalVL
pleural effusion,blunted costophrenic angle in costophrenic angle,0.201171875,0,Qwen3-VL-8B-Instruct-frugalVL
pleural effusion,blunted costophrenic angle in costophrenic angle,0.490234375,1,Qwen3-VL-8B-Instruct-frugalVL
pleural effusion,blunted costophrenic angle in costophrenic angle,0.953125,1,Qwen3-VL-8B-Instruct-frugalVL
pleural effusion,blunted costophrenic angle in costophrenic angle,1.0,1,Qwen3-VL-8B-Instruct-frugalVL
pleural effusion,blunted costophrenic angle in costophrenic angle,0.99609375,1,Qwen3-VL-8B-Instruct-frugalVL
pleural effusion,blunted costophrenic angle in costophrenic angle,0.302734375,0,Qwen3-VL-8B-Instruct-frugalVL
pleural effusion,blunted costophrenic angle in costophrenic angle,0.1201171875,0,Qwen3-VL-8B-Instruct-frugalVL
pleural effusion,blunted costophrenic angle in costophrenic angle,0.5625,0,Qwen3-VL-8B-Instruct-frugalVL
pleural effusion,blunted costophrenic angle in costophrenic angle,0.8046875,1,Qwen3-VL-8B-Instruct-frugalVL
pleural effusion,blunted costophrenic angle in costophrenic angle,0.9921875,1,Qwen3-VL-8B-Instruct-frugalVL
pleural effusion,blunted costophrenic angle in costophrenic angle,0.98046875,1,Qwen3-VL-8B-Instruct-frugalVL
pleural effusion,blunted costophrenic angle in costophrenic angle,0.283203125,1,Qwen3-VL-8B-Instruct-frugalVL
normal,normal,0.0157470703125,0,Qwen3-VL-8B-Instruct-frugalVL
"fractures, bone fracture",lucency in ribs right posterior,0.484375,0,Qwen3-VL-8B-Instruct-frugalVL
"fractures, bone fracture",lucency in ribs right posterior,0.2470703125,0,Qwen3-VL-8B-Instruct-frugalVL
"fractures, bone fracture",lucency in ribs right posterior,0.6640625,1,Qwen3-VL-8B-Instruct-frugalVL
"fractures, bone fracture",lucency in ribs right posterior,0.77734375,0,Qwen3-VL-8B-Instruct-frugalVL
"fractures, bone fracture",lucency in ribs right posterior,0.26953125,0,Qwen3-VL-8B-Instruct-frugalVL
"fractures, bone fracture",lucency in ribs right posterior,0.412109375,0,Qwen3-VL-8B-Instruct-frugalVL
"fractures, bone fracture",lucency in ribs right posterior,0.53515625,0,Qwen3-VL-8B-Instruct-frugalVL
calcinosis,cardiomegaly,0.125,0,Qwen3-VL-8B-Instruct-frugalVL
calcinosis,cardiomegaly,0.9921875,0,Qwen3-VL-8B-Instruct-frugalVL
calcinosis,cardiomegaly,0.58984375,0,Qwen3-VL-8B-Instruct-frugalVL
calcinosis,cardiomegaly,0.380859375,0,Qwen3-VL-8B-Instruct-frugalVL
calcinosis,cardiomegaly,0.11083984375,0,Qwen3-VL-8B-Instruct-frugalVL
normal,normal,0.0157470703125,0,Qwen3-VL-8B-Instruct-frugalVL
pulmonary nodule,round opacity in opacity,0.044921875,0,Qwen3-VL-8B-Instruct-frugalVL
pulmonary nodule,round opacity in opacity,0.11962890625,0,Qwen3-VL-8B-Instruct-frugalVL
pulmonary nodule,round opacity in opacity,0.1279296875,0,Qwen3-VL-8B-Instruct-frugalVL
pulmonary nodule,round opacity in opacity,0.259765625,0,Qwen3-VL-8B-Instruct-frugalVL
borderline finding in opacity,cardiomegaly,0.400390625,0,Qwen3-VL-8B-Instruct-frugalVL
borderline finding in opacity,cardiomegaly,0.390625,0,Qwen3-VL-8B-Instruct-frugalVL
borderline finding in opacity,cardiomegaly,0.7109375,1,Qwen3-VL-8B-Instruct-frugalVL
borderline finding in opacity,cardiomegaly,0.9765625,1,Qwen3-VL-8B-Instruct-frugalVL
borderline finding in opacity,cardiomegaly,0.546875,1,Qwen3-VL-8B-Instruct-frugalVL
pulmonary atelectasis,lung hypoinflation in lung,0.1787109375,0,Qwen3-VL-8B-Instruct-frugalVL
pulmonary atelectasis,lung hypoinflation in lung,0.126953125,0,Qwen3-VL-8B-Instruct-frugalVL
pulmonary atelectasis,lung hypoinflation in lung,0.94921875,1,Qwen3-VL-8B-Instruct-frugalVL
pulmonary atelectasis,lung hypoinflation in lung,0.921875,1,Qwen3-VL-8B-Instruct-frugalVL
pulmonary atelectasis,lung hypoinflation in lung,0.2197265625,0,Qwen3-VL-8B-Instruct-frugalVL
pulmonary atelectasis,lung hypoinflation in lung,0.2216796875,0,Qwen3-VL-8B-Instruct-frugalVL
normal,normal,0.0157470703125,0,Qwen3-VL-8B-Instruct-frugalVL
pulmonary atelectasis,pulmonary atelectasis,0.1787109375,0,Qwen3-VL-8B-Instruct-frugalVL
pulmonary atelectasis,pulmonary atelectasis,0.9296875,1,Qwen3-VL-8B-Instruct-frugalVL
pulmonary atelectasis,pulmonary atelectasis,0.9921875,1,Qwen3-VL-8B-Instruct-frugalVL
pulmonary atelectasis,pulmonary atelectasis,0.890625,1,Qwen3-VL-8B-Instruct-frugalVL
pulmonary atelectasis,pulmonary atelectasis,1.0,1,Qwen3-VL-8B-Instruct-frugalVL
pulmonary atelectasis,pulmonary atelectasis,0.9375,1,Qwen3-VL-8B-Instruct-frugalVL
normal,normal,0.0157470703125,0,Qwen3-VL-8B-Instruct-frugalVL
normal,normal,0.0157470703125,0,Qwen3-VL-8B-Instruct-frugalVL
degenerative change in spine,degenerative change in spine,0.53125,0,Qwen3-VL-8B-Instruct-frugalVL
degenerative change in spine,degenerative change in spine,0.08251953125,0,Qwen3-VL-8B-Instruct-frugalVL
degenerative change in spine,degenerative change in spine,0.80859375,0,Qwen3-VL-8B-Instruct-frugalVL
degenerative change in spine,degenerative change in spine,0.4296875,1,Qwen3-VL-8B-Instruct-frugalVL
degenerative change in spine,degenerative change in spine,0.91796875,1,Qwen3-VL-8B-Instruct-frugalVL
degenerative change in spine,degenerative change in spine,0.453125,0,Qwen3-VL-8B-Instruct-frugalVL
normal,normal,0.0157470703125,0,Qwen3-VL-8B-Instruct-frugalVL
cardiomegaly,scoliosis,0.1630859375,0,Qwen3-VL-8B-Instruct-frugalVL
cardiomegaly,scoliosis,0.2255859375,0,Qwen3-VL-8B-Instruct-frugalVL
cardiomegaly,scoliosis,0.12255859375,0,Qwen3-VL-8B-Instruct-frugalVL
normal,normal,0.0157470703125,0,Qwen3-VL-8B-Instruct-frugalVL
cardiomegaly,cardiomegaly,0.671875,0,Qwen3-VL-8B-Instruct-frugalVL
cardiomegaly,cardiomegaly,0.734375,0,Qwen3-VL-8B-Instruct-frugalVL
cardiomegaly,cardiomegaly,0.75390625,0,Qwen3-VL-8B-Instruct-frugalVL
cardiomegaly,cardiomegaly,0.94140625,0,Qwen3-VL-8B-Instruct-frugalVL
cardiomegaly,cardiomegaly,0.126953125,0,Qwen3-VL-8B-Instruct-frugalVL
calcinosis,calcinosis,0.11328125,0,Qwen3-VL-8B-Instruct-frugalVL
calcinosis,calcinosis,0.2294921875,0,Qwen3-VL-8B-Instruct-frugalVL
calcinosis,calcinosis,0.2734375,0,Qwen3-VL-8B-Instruct-frugalVL
calcinosis,atherosclerosis,0.302734375,0,Qwen3-VL-8B-Instruct-frugalVL
calcinosis,atherosclerosis,0.95703125,1,Qwen3-VL-8B-Instruct-frugalVL
calcinosis,atherosclerosis,0.59375,0,Qwen3-VL-8B-Instruct-frugalVL
normal,normal,0.0157470703125,0,Qwen3-VL-8B-Instruct-frugalVL
normal,normal,0.0157470703125,0,Qwen3-VL-8B-Instruct-frugalVL
normal,normal,0.0157470703125,0,Qwen3-VL-8B-Instruct-frugalVL
normal,normal,0.0157470703125,0,Qwen3-VL-8B-Instruct-frugalVL
granuloma,granuloma,0.5078125,0,Qwen3-VL-8B-Instruct-frugalVL
granuloma,granuloma,0.0673828125,0,Qwen3-VL-8B-Instruct-frugalVL
granuloma,granuloma,0.11083984375,0,Qwen3-VL-8B-Instruct-frugalVL
cardiomegaly,cardiomegaly,0.671875,0,Qwen3-VL-8B-Instruct-frugalVL
cardiomegaly,cardiomegaly,0.734375,0,Qwen3-VL-8B-Instruct-frugalVL
cardiomegaly,cardiomegaly,0.75390625,0,Qwen3-VL-8B-Instruct-frugalVL
cardiomegaly,cardiomegaly,0.94140625,0,Qwen3-VL-8B-Instruct-frugalVL
cardiomegaly,cardiomegaly,0.126953125,0,Qwen3-VL-8B-Instruct-frugalVL
spondylosis,spondylosis,0.8359375,0,Qwen3-VL-8B-Instruct-frugalVL
spondylosis,spondylosis,0.984375,0,Qwen3-VL-8B-Instruct-frugalVL
spondylosis,spondylosis,0.99609375,0,Qwen3-VL-8B-Instruct-frugalVL
spondylosis,spondylosis,0.8046875,0,Qwen3-VL-8B-Instruct-frugalVL
spondylosis,spondylosis,0.1630859375,0,Qwen3-VL-8B-Instruct-frugalVL
hernia,"hernia, hiatal",0.048583984375,0,Qwen3-VL-8B-Instruct-frugalVL
hernia,"hernia, hiatal",0.51953125,0,Qwen3-VL-8B-Instruct-frugalVL
hernia,"hernia, hiatal",0.16796875,0,Qwen3-VL-8B-Instruct-frugalVL
hernia,"hernia, hiatal",0.0869140625,0,Qwen3-VL-8B-Instruct-frugalVL
hernia,"hernia, hiatal",0.56640625,0,Qwen3-VL-8B-Instruct-frugalVL
hernia,"hernia, hiatal",0.8671875,0,Qwen3-VL-8B-Instruct-frugalVL
calcinosis,calcified granuloma,0.11474609375,0,Qwen3-VL-8B-Instruct-frugalVL
calcinosis,calcified granuloma,0.09521484375,0,Qwen3-VL-8B-Instruct-frugalVL
calcinosis,calcified granuloma,0.2119140625,0,Qwen3-VL-8B-Instruct-frugalVL
calcinosis,calcified granuloma,0.9375,1,Qwen3-VL-8B-Instruct-frugalVL
calcinosis,calcified granuloma,0.61328125,1,Qwen3-VL-8B-Instruct-frugalVL
pulmonary opacity,pulmonary opacity,0.162109375,0,Qwen3-VL-8B-Instruct-frugalVL
pulmonary opacity,pulmonary opacity,0.87890625,1,Qwen3-VL-8B-Instruct-frugalVL
pulmonary opacity,pulmonary opacity,0.99609375,1,Qwen3-VL-8B-Instruct-frugalVL
pulmonary opacity,pulmonary opacity,0.7109375,1,Qwen3-VL-8B-Instruct-frugalVL
pulmonary atelectasis,lung hypoinflation in lung,0.1787109375,0,Qwen3-VL-8B-Instruct-frugalVL
pulmonary atelectasis,lung hypoinflation in lung,0.126953125,0,Qwen3-VL-8B-Instruct-frugalVL
pulmonary atelectasis,lung hypoinflation in lung,0.94921875,1,Qwen3-VL-8B-Instruct-frugalVL
pulmonary atelectasis,lung hypoinflation in lung,0.921875,1,Qwen3-VL-8B-Instruct-frugalVL
pulmonary atelectasis,lung hypoinflation in lung,0.2197265625,0,Qwen3-VL-8B-Instruct-frugalVL
pulmonary atelectasis,lung hypoinflation in lung,0.2216796875,0,Qwen3-VL-8B-Instruct-frugalVL
calcified granuloma,calcified granuloma,0.8984375,0,Qwen3-VL-8B-Instruct-frugalVL
calcified granuloma,calcified granuloma,0.21875,0,Qwen3-VL-8B-Instruct-frugalVL
calcified granuloma,calcified granuloma,0.3984375,0,Qwen3-VL-8B-Instruct-frugalVL
calcified granuloma,calcified granuloma,0.314453125,0,Qwen3-VL-8B-Instruct-frugalVL
calcified granuloma,calcified granuloma,1.0,0,Qwen3-VL-8B-Instruct-frugalVL
normal,normal,0.0157470703125,0,Qwen3-VL-8B-Instruct-frugalVL
normal,normal,0.0157470703125,0,Qwen3-VL-8B-Instruct-frugalVL
pleural effusion,cicatrix,0.2412109375,0,Qwen3-VL-8B-Instruct-frugalVL
pleural effusion,cicatrix,0.50390625,0,Qwen3-VL-8B-Instruct-frugalVL
pleural effusion,cicatrix,0.08837890625,0,Qwen3-VL-8B-Instruct-frugalVL
pulmonary atelectasis,cardiomegaly,0.29296875,0,Qwen3-VL-8B-Instruct-frugalVL
pulmonary atelectasis,cardiomegaly,0.2314453125,0,Qwen3-VL-8B-Instruct-frugalVL
pulmonary atelectasis,cardiomegaly,0.65625,1,Qwen3-VL-8B-Instruct-frugalVL
pulmonary atelectasis,cardiomegaly,1.0,1,Qwen3-VL-8B-Instruct-frugalVL
pulmonary atelectasis,cardiomegaly,0.98046875,1,Qwen3-VL-8B-Instruct-frugalVL
lung hyperdistention in lung,lung hyperdistention in lung,0.16796875,0,Qwen3-VL-8B-Instruct-frugalVL
lung hyperdistention in lung,lung hyperdistention in lung,0.10595703125,1,Qwen3-VL-8B-Instruct-frugalVL
lung hyperdistention in lung,lung hyperdistention in lung,0.8359375,1,Qwen3-VL-8B-Instruct-frugalVL
lung hyperdistention in lung,lung hyperdistention in lung,0.99609375,1,Qwen3-VL-8B-Instruct-frugalVL
lung hyperdistention in lung,lung hyperdistention in lung,0.423828125,1,Qwen3-VL-8B-Instruct-frugalVL
lung hyperdistention in lung,lung hyperdistention in lung,0.609375,1,Qwen3-VL-8B-Instruct-frugalVL
atherosclerosis,atherosclerosis,0.224609375,0,Qwen3-VL-8B-Instruct-frugalVL
atherosclerosis,atherosclerosis,0.87890625,1,Qwen3-VL-8B-Instruct-frugalVL
atherosclerosis,atherosclerosis,0.7890625,1,Qwen3-VL-8B-Instruct-frugalVL
normal,normal,0.0157470703125,0,Qwen3-VL-8B-Instruct-frugalVL
scoliosis,scoliosis,1.0,0,Qwen3-VL-8B-Instruct-frugalVL
scoliosis,scoliosis,0.25390625,0,Qwen3-VL-8B-Instruct-frugalVL
scoliosis,scoliosis,0.4375,1,Qwen3-VL-8B-Instruct-frugalVL
arthritis,arthritis,0.333984375,0,Qwen3-VL-8B-Instruct-frugalVL
arthritis,arthritis,0.984375,1,Qwen3-VL-8B-Instruct-frugalVL
degenerative change in thor,degenerative change in thoracic vertebrae,0.142578125,0,Qwen3-VL-8B-Instruct-frugalVL
degenerative change in thor,degenerative change in thoracic vertebrae,0.09765625,0,Qwen3-VL-8B-Instruct-frugalVL
degenerative change in thor,degenerative change in thoracic vertebrae,0.98046875,1,Qwen3-VL-8B-Instruct-frugalVL
degenerative change in thor,degenerative change in thoracic vertebrae,0.828125,1,Qwen3-VL-8B-Instruct-frugalVL
degenerative change in thor,degenerative change in thoracic vertebrae,0.94140625,1,Qwen3-VL-8B-Instruct-frugalVL
degenerative change in thor,degenerative change in thoracic vertebrae,0.78515625,1,Qwen3-VL-8B-Instruct-frugalVL
degenerative change in thor,degenerative change in thoracic vertebrae,0.875,1,Qwen3-VL-8B-Instruct-frugalVL
degenerative change in thor,degenerative change in thoracic vertebrae,0.6953125,0,Qwen3-VL-8B-Instruct-frugalVL
degenerative change in thor,degenerative change in thoracic vertebrae,0.98046875,1,Qwen3-VL-8B-Instruct-frugalVL
degenerative change in thor,degenerative change in thoracic vertebrae,0.87109375,1,Qwen3-VL-8B-Instruct-frugalVL
indeterminate opacity in n,pulmonary nodule,0.5546875,0,Qwen3-VL-8B-Instruct-frugalVL
indeterminate opacity in n,pulmonary nodule,0.1025390625,0,Qwen3-VL-8B-Instruct-frugalVL
indeterminate opacity in n,pulmonary nodule,0.061767578125,0,Qwen3-VL-8B-Instruct-frugalVL
indeterminate opacity in n,pulmonary nodule,0.98828125,0,Qwen3-VL-8B-Instruct-frugalVL
indeterminate opacity in n,pulmonary nodule,0.1943359375,0,Qwen3-VL-8B-Instruct-frugalVL
cardiomegaly,cardiomegaly,0.671875,0,Qwen3-VL-8B-Instruct-frugalVL
cardiomegaly,cardiomegaly,0.734375,0,Qwen3-VL-8B-Instruct-frugalVL
cardiomegaly,cardiomegaly,0.75390625,0,Qwen3-VL-8B-Instruct-frugalVL
cardiomegaly,cardiomegaly,0.94140625,0,Qwen3-VL-8B-Instruct-frugalVL
cardiomegaly,cardiomegaly,0.126953125,0,Qwen3-VL-8B-Instruct-frugalVL
degenerative change in spine,degenerative change in spine,0.53125,0,Qwen3-VL-8B-Instruct-frugalVL
degenerative change in spine,degenerative change in spine,0.08251953125,0,Qwen3-VL-8B-Instruct-frugalVL
degenerative change in spine,degenerative change in spine,0.80859375,0,Qwen3-VL-8B-Instruct-frugalVL
degenerative change in spine,degenerative change in spine,0.4296875,1,Qwen3-VL-8B-Instruct-frugalVL
degenerative change in spine,degenerative change in spine,0.91796875,1,Qwen3-VL-8B-Instruct-frugalVL
degenerative change in spine,degenerative change in spine,0.453125,0,Qwen3-VL-8B-Instruct-frugalVL
normal,normal,0.0157470703125,0,Qwen3-VL-8B-Instruct-frugalVL
cardiomegaly,cardiomegaly,0.671875,0,Qwen3-VL-8B-Instruct-frugalVL
cardiomegaly,cardiomegaly,0.734375,0,Qwen3-VL-8B-Instruct-frugalVL
cardiomegaly,cardiomegaly,0.75390625,0,Qwen3-VL-8B-Instruct-frugalVL
cardiomegaly,cardiomegaly,0.94140625,0,Qwen3-VL-8B-Instruct-frugalVL
cardiomegaly,cardiomegaly,0.126953125,0,Qwen3-VL-8B-Instruct-frugalVL
normal,normal,0.0157470703125,0,Qwen3-VL-8B-Instruct-frugalVL
indeterminate finding diagnosis: ind,calcified granuloma,0.921875,0,Qwen3-VL-8B-Instruct-frugalVL
indeterminate finding diagnosis: ind,calcified granuloma,0.1904296875,0,Qwen3-VL-8B-Instruct-frugalVL
indeterminate finding diagnosis: ind,calcified granuloma,0.66015625,0,Qwen3-VL-8B-Instruct-frugalVL
indeterminate finding diagnosis: ind,calcified granuloma,0.98828125,1,Qwen3-VL-8B-Instruct-frugalVL
indeterminate finding diagnosis: ind,calcified granuloma,0.80078125,1,Qwen3-VL-8B-Instruct-frugalVL
arthritis,arthritis,0.333984375,0,Qwen3-VL-8B-Instruct-frugalVL
arthritis,arthritis,0.984375,1,Qwen3-VL-8B-Instruct-frugalVL
normal,normal,0.0157470703125,0,Qwen3-VL-8B-Instruct-frugalVL
normal,normal,0.0157470703125,0,Qwen3-VL-8B-Instruct-frugalVL
normal,normal,0.0157470703125,0,Qwen3-VL-8B-Instruct-frugalVL
normal,normal,0.0157470703125,0,Qwen3-VL-8B-Instruct-frugalVL
normal,normal,0.0157470703125,0,Qwen3-VL-8B-Instruct-frugalVL
normal,normal,0.0157470703125,0,Qwen3-VL-8B-Instruct-frugalVL
"pulmonary disease, chronic obstruct",chest pain,1.0,0,Qwen3-VL-8B-Instruct-frugalVL
"pulmonary disease, chronic obstruct",chest pain,0.1455078125,0,Qwen3-VL-8B-Instruct-frugalVL
granuloma,scoliosis,0.2294921875,0,Qwen3-VL-8B-Instruct-frugalVL
granuloma,scoliosis,0.053955078125,0,Qwen3-VL-8B-Instruct-frugalVL
granuloma,scoliosis,0.1552734375,0,Qwen3-VL-8B-Instruct-frugalVL
normal,normal,0.0157470703125,0,Qwen3-VL-8B-Instruct-frugalVL
cardiomegaly,cardiomegaly,0.671875,0,Qwen3-VL-8B-Instruct-frugalVL
cardiomegaly,cardiomegaly,0.734375,0,Qwen3-VL-8B-Instruct-frugalVL
cardiomegaly,cardiomegaly,0.75390625,0,Qwen3-VL-8B-Instruct-frugalVL
cardiomegaly,cardiomegaly,0.94140625,0,Qwen3-VL-8B-Instruct-frugalVL
cardiomegaly,cardiomegaly,0.126953125,0,Qwen3-VL-8B-Instruct-frugalVL
normal,normal,0.0157470703125,0,Qwen3-VL-8B-Instruct-frugalVL
normal,normal,0.0157470703125,0,Qwen3-VL-8B-Instruct-frugalVL
pulmonary atelectasis,pulmonary atelectasis,0.1787109375,0,Qwen3-VL-8B-Instruct-frugalVL
pulmonary atelectasis,pulmonary atelectasis,0.9296875,1,Qwen3-VL-8B-Instruct-frugalVL
pulmonary atelectasis,pulmonary atelectasis,0.9921875,1,Qwen3-VL-8B-Instruct-frugalVL
pulmonary atelectasis,pulmonary atelectasis,0.890625,1,Qwen3-VL-8B-Instruct-frugalVL
pulmonary atelectasis,pulmonary atelectasis,1.0,1,Qwen3-VL-8B-Instruct-frugalVL
pulmonary atelectasis,pulmonary atelectasis,0.9375,1,Qwen3-VL-8B-Instruct-frugalVL
surgical procedure,cicatrix,0.1220703125,0,Qwen3-VL-8B-Instruct-frugalVL
surgical procedure,cicatrix,0.2001953125,0,Qwen3-VL-8B-Instruct-frugalVL
surgical procedure,cicatrix,0.052978515625,0,Qwen3-VL-8B-Instruct-frugalVL
normal,normal,0.0157470703125,0,Qwen3-VL-8B-Instruct-frugalVL
atelectasis,pulmonary opacity,0.25,0,Qwen3-VL-8B-Instruct-frugalVL
atelectasis,pulmonary opacity,0.294921875,0,Qwen3-VL-8B-Instruct-frugalVL
atelectasis,pulmonary opacity,0.875,1,Qwen3-VL-8B-Instruct-frugalVL
atelectasis,pulmonary opacity,0.10205078125,0,Qwen3-VL-8B-Instruct-frugalVL
cardiomegaly,cardiomegaly,0.671875,0,Qwen3-VL-8B-Instruct-frugalVL
cardiomegaly,cardiomegaly,0.734375,0,Qwen3-VL-8B-Instruct-frugalVL
cardiomegaly,cardiomegaly,0.75390625,0,Qwen3-VL-8B-Instruct-frugalVL
cardiomegaly,cardiomegaly,0.94140625,0,Qwen3-VL-8B-Instruct-frugalVL
cardiomegaly,cardiomegaly,0.126953125,0,Qwen3-VL-8B-Instruct-frugalVL
pulmonary nodule,airspace disease,0.09619140625,0,Qwen3-VL-8B-Instruct-frugalVL
pulmonary nodule,airspace disease,0.9375,1,Qwen3-VL-8B-Instruct-frugalVL
pulmonary nodule,airspace disease,0.48046875,0,Qwen3-VL-8B-Instruct-frugalVL
pulmonary atelectasis,pulmonary atelectasis,0.1787109375,0,Qwen3-VL-8B-Instruct-frugalVL
pulmonary atelectasis,pulmonary atelectasis,0.9296875,1,Qwen3-VL-8B-Instruct-frugalVL
pulmonary atelectasis,pulmonary atelectasis,0.9921875,1,Qwen3-VL-8B-Instruct-frugalVL
pulmonary atelectasis,pulmonary atelectasis,0.890625,1,Qwen3-VL-8B-Instruct-frugalVL
pulmonary atelectasis,pulmonary atelectasis,1.0,1,Qwen3-VL-8B-Instruct-frugalVL
pulmonary atelectasis,pulmonary atelectasis,0.9375,1,Qwen3-VL-8B-Instruct-frugalVL
normal,normal,0.0157470703125,0,Qwen3-VL-8B-Instruct-frugalVL
cardiomegaly,cardiomegaly,0.671875,0,Qwen3-VL-8B-Instruct-frugalVL
cardiomegaly,cardiomegaly,0.734375,0,Qwen3-VL-8B-Instruct-frugalVL
cardiomegaly,cardiomegaly,0.75390625,0,Qwen3-VL-8B-Instruct-frugalVL
cardiomegaly,cardiomegaly,0.94140625,0,Qwen3-VL-8B-Instruct-frugalVL
cardiomegaly,cardiomegaly,0.126953125,0,Qwen3-VL-8B-Instruct-frugalVL
scoliosis,kyphosis,1.0,0,Qwen3-VL-8B-Instruct-frugalVL
scoliosis,kyphosis,0.09912109375,0,Qwen3-VL-8B-Instruct-frugalVL
scoliosis,kyphosis,0.44921875,0,Qwen3-VL-8B-Instruct-frugalVL
pulmonary atelectasis,pulmonary atelectasis,0.1787109375,0,Qwen3-VL-8B-Instruct-frugalVL
pulmonary atelectasis,pulmonary atelectasis,0.9296875,1,Qwen3-VL-8B-Instruct-frugalVL
pulmonary atelectasis,pulmonary atelectasis,0.9921875,1,Qwen3-VL-8B-Instruct-frugalVL
pulmonary atelectasis,pulmonary atelectasis,0.890625,1,Qwen3-VL-8B-Instruct-frugalVL
pulmonary atelectasis,pulmonary atelectasis,1.0,1,Qwen3-VL-8B-Instruct-frugalVL
pulmonary atelectasis,pulmonary atelectasis,0.9375,1,Qwen3-VL-8B-Instruct-frugalVL
normal,normal,0.0157470703125,0,Qwen3-VL-8B-Instruct-frugalVL
cicatrix,pneumonia,0.2265625,0,Qwen3-VL-8B-Instruct-frugalVL
cicatrix,pneumonia,0.046142578125,0,Qwen3-VL-8B-Instruct-frugalVL
cicatrix,pneumonia,0.80078125,1,Qwen3-VL-8B-Instruct-frugalVL
cicatrix,pneumonia,0.9140625,1,Qwen3-VL-8B-Instruct-frugalVL
pulmonary nodule,pulmonary nodule,0.09619140625,0,Qwen3-VL-8B-Instruct-frugalVL
pulmonary nodule,pulmonary nodule,0.90625,1,Qwen3-VL-8B-Instruct-frugalVL
pulmonary nodule,pulmonary nodule,0.98828125,1,Qwen3-VL-8B-Instruct-frugalVL
pulmonary nodule,pulmonary nodule,0.609375,1,Qwen3-VL-8B-Instruct-frugalVL
pulmonary nodule,pulmonary nodule,1.0,1,Qwen3-VL-8B-Instruct-frugalVL
normal,normal,0.0157470703125,0,Qwen3-VL-8B-Instruct-frugalVL
pulmonary atelectasis,pulmonary atelectasis,0.1787109375,0,Qwen3-VL-8B-Instruct-frugalVL
pulmonary atelectasis,pulmonary atelectasis,0.9296875,1,Qwen3-VL-8B-Instruct-frugalVL
pulmonary atelectasis,pulmonary atelectasis,0.9921875,1,Qwen3-VL-8B-Instruct-frugalVL
pulmonary atelectasis,pulmonary atelectasis,0.890625,1,Qwen3-VL-8B-Instruct-frugalVL
pulmonary atelectasis,pulmonary atelectasis,1.0,1,Qwen3-VL-8B-Instruct-frugalVL
pulmonary atelectasis,pulmonary atelectasis,0.9375,1,Qwen3-VL-8B-Instruct-frugalVL
atherosclerosis,atherosclerosis,0.224609375,0,Qwen3-VL-8B-Instruct-frugalVL
atherosclerosis,atherosclerosis,0.87890625,1,Qwen3-VL-8B-Instruct-frugalVL
atherosclerosis,atherosclerosis,0.7890625,1,Qwen3-VL-8B-Instruct-frugalVL
degenerative change in bone,sclerosis,0.341796875,0,Qwen3-VL-8B-Instruct-frugalVL
degenerative change in bone,sclerosis,0.28125,0,Qwen3-VL-8B-Instruct-frugalVL
pulmonary nodule pul,pneumothorax,0.3359375,0,Qwen3-VL-8B-Instruct-frugalVL
pulmonary nodule pul,pneumothorax,0.328125,0,Qwen3-VL-8B-Instruct-frugalVL
pulmonary nodule pul,pneumothorax,0.8515625,0,Qwen3-VL-8B-Instruct-frugalVL
pulmonary nodule pul,pneumothorax,0.9921875,0,Qwen3-VL-8B-Instruct-frugalVL
pulmonary nodule pul,pneumothorax,0.99609375,0,Qwen3-VL-8B-Instruct-frugalVL
pulmonary nodule pul,pneumothorax,0.1328125,0,Qwen3-VL-8B-Instruct-frugalVL
normal,normal,0.0157470703125,0,Qwen3-VL-8B-Instruct-frugalVL
pulmonary hyperdistention,emphysema,0.2080078125,0,Qwen3-VL-8B-Instruct-frugalVL
pulmonary hyperdistention,emphysema,0.431640625,1,Qwen3-VL-8B-Instruct-frugalVL
pulmonary hyperdistention,emphysema,0.90234375,1,Qwen3-VL-8B-Instruct-frugalVL
pulmonary hyperdistention,emphysema,0.95703125,1,Qwen3-VL-8B-Instruct-frugalVL
lung hypoinflation,lung hypoinflation in lung,0.142578125,0,Qwen3-VL-8B-Instruct-frugalVL
lung hypoinflation,lung hypoinflation in lung,0.388671875,1,Qwen3-VL-8B-Instruct-frugalVL
lung hypoinflation,lung hypoinflation in lung,0.96875,1,Qwen3-VL-8B-Instruct-frugalVL
lung hypoinflation,lung hypoinflation in lung,1.0,1,Qwen3-VL-8B-Instruct-frugalVL
lung hypoinflation,lung hypoinflation in lung,0.181640625,0,Qwen3-VL-8B-Instruct-frugalVL
lung hypoinflation,lung hypoinflation in lung,0.201171875,0,Qwen3-VL-8B-Instruct-frugalVL
normal,normal,0.0157470703125,0,Qwen3-VL-8B-Instruct-frugalVL
normal,normal,0.0157470703125,0,Qwen3-VL-8B-Instruct-frugalVL
lung hypoinflation in lung,lung hypoinflation in lung,0.0810546875,0,Qwen3-VL-8B-Instruct-frugalVL
lung hypoinflation in lung,lung hypoinflation in lung,0.1982421875,1,Qwen3-VL-8B-Instruct-frugalVL
lung hypoinflation in lung,lung hypoinflation in lung,0.87890625,1,Qwen3-VL-8B-Instruct-frugalVL
lung hypoinflation in lung,lung hypoinflation in lung,1.0,1,Qwen3-VL-8B-Instruct-frugalVL
lung hypoinflation in lung,lung hypoinflation in lung,0.77734375,1,Qwen3-VL-8B-Instruct-frugalVL
lung hypoinflation in lung,lung hypoinflation in lung,0.75,1,Qwen3-VL-8B-Instruct-frugalVL
"fractures, bone","fractures, bone",0.421875,0,Qwen3-VL-8B-Instruct-frugalVL
"fractures, bone","fractures, bone",1.0,1,Qwen3-VL-8B-Instruct-frugalVL
"fractures, bone","fractures, bone",0.67578125,1,Qwen3-VL-8B-Instruct-frugalVL
"fractures, bone","fractures, bone",0.69140625,1,Qwen3-VL-8B-Instruct-frugalVL
"fractures, bone","fractures, bone",0.255859375,1,Qwen3-VL-8B-Instruct-frugalVL
normal,normal,0.0157470703125,0,Qwen3-VL-8B-Instruct-frugalVL
cardiomegaly,pulmonary congestion,0.2333984375,0,Qwen3-VL-8B-Instruct-frugalVL
cardiomegaly,pulmonary congestion,0.9609375,0,Qwen3-VL-8B-Instruct-frugalVL
cardiomegaly,pulmonary congestion,0.1611328125,0,Qwen3-VL-8B-Instruct-frugalVL
cardiomegaly,pulmonary congestion,0.1279296875,0,Qwen3-VL-8B-Instruct-frugalVL
normal,normal,0.0157470703125,0,Qwen3-VL-8B-Instruct-frugalVL
degenerative change in spine,degenerative change in spine,0.53125,0,Qwen3-VL-8B-Instruct-frugalVL
degenerative change in spine,degenerative change in spine,0.08251953125,0,Qwen3-VL-8B-Instruct-frugalVL
degenerative change in spine,degenerative change in spine,0.80859375,0,Qwen3-VL-8B-Instruct-frugalVL
degenerative change in spine,degenerative change in spine,0.4296875,1,Qwen3-VL-8B-Instruct-frugalVL
degenerative change in spine,degenerative change in spine,0.91796875,1,Qwen3-VL-8B-Instruct-frugalVL
degenerative change in spine,degenerative change in spine,0.453125,0,Qwen3-VL-8B-Instruct-frugalVL
pulmonary scar,cicatrix,0.396484375,0,Qwen3-VL-8B-Instruct-frugalVL
pulmonary scar,cicatrix,0.0751953125,0,Qwen3-VL-8B-Instruct-frugalVL
pulmonary scar,cicatrix,0.126953125,0,Qwen3-VL-8B-Instruct-frugalVL
normal,normal,0.0157470703125,0,Qwen3-VL-8B-Instruct-frugalVL
normal,normal,0.0157470703125,0,Qwen3-VL-8B-Instruct-frugalVL
scarring,cicatrix,0.1728515625,0,Qwen3-VL-8B-Instruct-frugalVL
scarring,cicatrix,0.3984375,0,Qwen3-VL-8B-Instruct-frugalVL
scarring,cicatrix,0.08984375,0,Qwen3-VL-8B-Instruct-frugalVL
cicatrix,emphysema,0.2265625,0,Qwen3-VL-8B-Instruct-frugalVL
cicatrix,emphysema,0.06689453125,0,Qwen3-VL-8B-Instruct-frugalVL
cicatrix,emphysema,0.8359375,0,Qwen3-VL-8B-Instruct-frugalVL
cicatrix,emphysema,0.9921875,1,Qwen3-VL-8B-Instruct-frugalVL
pulmonary edema,cardiomegaly,0.1376953125,0,Qwen3-VL-8B-Instruct-frugalVL
pulmonary edema,cardiomegaly,0.05322265625,0,Qwen3-VL-8B-Instruct-frugalVL
pulmonary edema,cardiomegaly,0.33203125,1,Qwen3-VL-8B-Instruct-frugalVL
pulmonary edema,cardiomegaly,0.96484375,1,Qwen3-VL-8B-Instruct-frugalVL
pulmonary edema,cardiomegaly,0.984375,1,Qwen3-VL-8B-Instruct-frugalVL
normal,normal,0.0157470703125,0,Qwen3-VL-8B-Instruct-frugalVL
foreign bodies,inserted tube,0.162109375,0,Qwen3-VL-8B-Instruct-frugalVL
foreign bodies,inserted tube,0.75,1,Qwen3-VL-8B-Instruct-frugalVL
foreign bodies,inserted tube,0.5234375,0,Qwen3-VL-8B-Instruct-frugalVL
degenerative change in spine,indwelling catheter,0.197265625,0,Qwen3-VL-8B-Instruct-frugalVL
degenerative change in spine,indwelling catheter,0.1689453125,0,Qwen3-VL-8B-Instruct-frugalVL
degenerative change in spine,indwelling catheter,0.98828125,1,Qwen3-VL-8B-Instruct-frugalVL
degenerative change in spine,indwelling catheter,0.1962890625,0,Qwen3-VL-8B-Instruct-frugalVL
degenerative change in spine,indwelling catheter,0.71484375,1,Qwen3-VL-8B-Instruct-frugalVL
normal,normal,0.0157470703125,0,Qwen3-VL-8B-Instruct-frugalVL
normal,normal,0.0157470703125,0,Qwen3-VL-8B-Instruct-frugalVL
osteophyte,cicatrix,0.80859375,0,Qwen3-VL-8B-Instruct-frugalVL
osteophyte,cicatrix,0.15625,0,Qwen3-VL-8B-Instruct-frugalVL
osteophyte,cicatrix,0.0751953125,0,Qwen3-VL-8B-Instruct-frugalVL
"fractures, bone fragments","fractures, bone",0.9140625,0,Qwen3-VL-8B-Instruct-frugalVL
"fractures, bone fragments","fractures, bone",0.99609375,1,Qwen3-VL-8B-Instruct-frugalVL
"fractures, bone fragments","fractures, bone",0.921875,1,Qwen3-VL-8B-Instruct-frugalVL
"fractures, bone fragments","fractures, bone",0.8203125,1,Qwen3-VL-8B-Instruct-frugalVL
"fractures, bone fragments","fractures, bone",0.71875,1,Qwen3-VL-8B-Instruct-frugalVL
normal,normal,0.0157470703125,0,Qwen3-VL-8B-Instruct-frugalVL
pulmonary atelectasis,pulmonary atelectasis,0.1787109375,0,Qwen3-VL-8B-Instruct-frugalVL
pulmonary atelectasis,pulmonary atelectasis,0.9296875,1,Qwen3-VL-8B-Instruct-frugalVL
pulmonary atelectasis,pulmonary atelectasis,0.9921875,1,Qwen3-VL-8B-Instruct-frugalVL
pulmonary atelectasis,pulmonary atelectasis,0.890625,1,Qwen3-VL-8B-Instruct-frugalVL
pulmonary atelectasis,pulmonary atelectasis,1.0,1,Qwen3-VL-8B-Instruct-frugalVL
pulmonary atelectasis,pulmonary atelectasis,0.9375,1,Qwen3-VL-8B-Instruct-frugalVL
normal,normal,0.0157470703125,0,Qwen3-VL-8B-Instruct-frugalVL
degenerative change in spine,degenerative change in thoracic vertebrae,0.53125,0,Qwen3-VL-8B-Instruct-frugalVL
degenerative change in spine,degenerative change in thoracic vertebrae,0.08251953125,0,Qwen3-VL-8B-Instruct-frugalVL
degenerative change in spine,degenerative change in thoracic vertebrae,0.80859375,0,Qwen3-VL-8B-Instruct-frugalVL
degenerative change in spine,degenerative change in thoracic vertebrae,0.421875,1,Qwen3-VL-8B-Instruct-frugalVL
degenerative change in spine,degenerative change in thoracic vertebrae,0.9140625,1,Qwen3-VL-8B-Instruct-frugalVL
degenerative change in spine,degenerative change in thoracic vertebrae,0.474609375,0,Qwen3-VL-8B-Instruct-frugalVL
degenerative change in spine,degenerative change in thoracic vertebrae,0.91015625,1,Qwen3-VL-8B-Instruct-frugalVL
degenerative change in spine,degenerative change in thoracic vertebrae,0.76171875,0,Qwen3-VL-8B-Instruct-frugalVL
degenerative change in spine,degenerative change in thoracic vertebrae,0.94921875,1,Qwen3-VL-8B-Instruct-frugalVL
degenerative change in spine,degenerative change in thoracic vertebrae,0.77734375,1,Qwen3-VL-8B-Instruct-frugalVL
cardiomegaly,calcified granuloma,0.671875,0,Qwen3-VL-8B-Instruct-frugalVL
cardiomegaly,calcified granuloma,0.35546875,1,Qwen3-VL-8B-Instruct-frugalVL
cardiomegaly,calcified granuloma,0.640625,1,Qwen3-VL-8B-Instruct-frugalVL
cardiomegaly,calcified granuloma,0.9765625,1,Qwen3-VL-8B-Instruct-frugalVL
cardiomegaly,calcified granuloma,0.60546875,1,Qwen3-VL-8B-Instruct-frugalVL
normal,normal,0.0157470703125,0,Qwen3-VL-8B-Instruct-frugalVL
normal,normal,0.0157470703125,0,Qwen3-VL-8B-Instruct-frugalVL
normal,normal,0.0157470703125,0,Qwen3-VL-8B-Instruct-frugalVL
degenerative change in thor,pulmonary atelectasis,0.142578125,0,Qwen3-VL-8B-Instruct-frugalVL
degenerative change in thor,pulmonary atelectasis,0.09521484375,0,Qwen3-VL-8B-Instruct-frugalVL
degenerative change in thor,pulmonary atelectasis,0.287109375,0,Qwen3-VL-8B-Instruct-frugalVL
degenerative change in thor,pulmonary atelectasis,0.10498046875,0,Qwen3-VL-8B-Instruct-frugalVL
degenerative change in thor,pulmonary atelectasis,0.98046875,1,Qwen3-VL-8B-Instruct-frugalVL
degenerative change in thor,pulmonary atelectasis,0.96875,1,Qwen3-VL-8B-Instruct-frugalVL
pleural effusion,pneumothorax,0.2412109375,0,Qwen3-VL-8B-Instruct-frugalVL
pleural effusion,pneumothorax,0.2314453125,0,Qwen3-VL-8B-Instruct-frugalVL
pleural effusion,pneumothorax,0.99609375,1,Qwen3-VL-8B-Instruct-frugalVL
pleural effusion,pneumothorax,0.84765625,1,Qwen3-VL-8B-Instruct-frugalVL
pleural effusion,pneumothorax,1.0,1,Qwen3-VL-8B-Instruct-frugalVL
pleural effusion,pneumothorax,1.0,1,Qwen3-VL-8B-Instruct-frugalVL
normal,normal,0.0157470703125,0,Qwen3-VL-8B-Instruct-frugalVL
cardiomegaly,normal,0.06787109375,0,Qwen3-VL-8B-Instruct-frugalVL
normal,normal,0.0157470703125,0,Qwen3-VL-8B-Instruct-frugalVL
normal,normal,0.0157470703125,0,Qwen3-VL-8B-Instruct-frugalVL
osteophyte,osteophyte,0.09423828125,0,Qwen3-VL-8B-Instruct-frugalVL
osteophyte,osteophyte,0.69921875,1,Qwen3-VL-8B-Instruct-frugalVL
osteophyte,osteophyte,0.984375,1,Qwen3-VL-8B-Instruct-frugalVL
pulmonary edema,pulmonary edema,0.2451171875,0,Qwen3-VL-8B-Instruct-frugalVL
pulmonary edema,pulmonary edema,0.99609375,0,Qwen3-VL-8B-Instruct-frugalVL
pulmonary edema,pulmonary edema,0.953125,0,Qwen3-VL-8B-Instruct-frugalVL
pulmonary edema,pulmonary edema,0.9140625,0,Qwen3-VL-8B-Instruct-frugalVL
pulmonary edema,pulmonary edema,0.2265625,0,Qwen3-VL-8B-Instruct-frugalVL
normal,normal,0.0157470703125,0,Qwen3-VL-8B-Instruct-frugalVL
normal,normal,0.0157470703125,0,Qwen3-VL-8B-Instruct-frugalVL
atherosclerosis,atherosclerosis,0.224609375,0,Qwen3-VL-8B-Instruct-frugalVL
atherosclerosis,atherosclerosis,0.87890625,1,Qwen3-VL-8B-Instruct-frugalVL
atherosclerosis,atherosclerosis,0.7890625,1,Qwen3-VL-8B-Instruct-frugalVL
calcified granuloma,calcified granuloma,0.8984375,0,Qwen3-VL-8B-Instruct-frugalVL
calcified granuloma,calcified granuloma,0.21875,0,Qwen3-VL-8B-Instruct-frugalVL
calcified granuloma,calcified granuloma,0.3984375,0,Qwen3-VL-8B-Instruct-frugalVL
calcified granuloma,calcified granuloma,0.314453125,0,Qwen3-VL-8B-Instruct-frugalVL
calcified granuloma,calcified granuloma,1.0,0,Qwen3-VL-8B-Instruct-frugalVL
normal,normal,0.0157470703125,0,Qwen3-VL-8B-Instruct-frugalVL
normal,normal,0.0157470703125,0,Qwen3-VL-8B-Instruct-frugalVL
normal,normal,0.0157470703125,0,Qwen3-VL-8B-Instruct-frugalVL
arthritis,arthritis,0.333984375,0,Qwen3-VL-8B-Instruct-frugalVL
arthritis,arthritis,0.984375,1,Qwen3-VL-8B-Instruct-frugalVL
calcinosis,round opacity in density,0.302734375,0,Qwen3-VL-8B-Instruct-frugalVL
calcinosis,round opacity in density,0.125,0,Qwen3-VL-8B-Instruct-frugalVL
calcinosis,round opacity in density,0.23828125,1,Qwen3-VL-8B-Instruct-frugalVL
calcinosis,round opacity in density,0.265625,0,Qwen3-VL-8B-Instruct-frugalVL
pulmonary interstitial disease,cardiomegaly,0.154296875,0,Qwen3-VL-8B-Instruct-frugalVL
pulmonary interstitial disease,cardiomegaly,0.71875,1,Qwen3-VL-8B-Instruct-frugalVL
pulmonary interstitial disease,cardiomegaly,0.392578125,0,Qwen3-VL-8B-Instruct-frugalVL
pulmonary interstitial disease,cardiomegaly,1.0,1,Qwen3-VL-8B-Instruct-frugalVL
pulmonary interstitial disease,cardiomegaly,0.99609375,1,Qwen3-VL-8B-Instruct-frugalVL
normal,normal,0.0157470703125,0,Qwen3-VL-8B-Instruct-frugalVL
normal,normal,0.0157470703125,0,Qwen3-VL-8B-Instruct-frugalVL
cardiomegaly,cardiomegaly,0.671875,0,Qwen3-VL-8B-Instruct-frugalVL
cardiomegaly,cardiomegaly,0.734375,0,Qwen3-VL-8B-Instruct-frugalVL
cardiomegaly,cardiomegaly,0.75390625,0,Qwen3-VL-8B-Instruct-frugalVL
cardiomegaly,cardiomegaly,0.94140625,0,Qwen3-VL-8B-Instruct-frugalVL
cardiomegaly,cardiomegaly,0.126953125,0,Qwen3-VL-8B-Instruct-frugalVL
normal,normal,0.0157470703125,0,Qwen3-VL-8B-Instruct-frugalVL
atherosclerosis,atherosclerosis,0.224609375,0,Qwen3-VL-8B-Instruct-frugalVL
atherosclerosis,atherosclerosis,0.87890625,1,Qwen3-VL-8B-Instruct-frugalVL
atherosclerosis,atherosclerosis,0.7890625,1,Qwen3-VL-8B-Instruct-frugalVL
normal,normal,0.0157470703125,0,Qwen3-VL-8B-Instruct-frugalVL
normal,normal,0.0157470703125,0,Qwen3-VL-8B-Instruct-frugalVL
calcinosis,small opacity in calcified granuloma,0.1748046875,0,Qwen3-VL-8B-Instruct-frugalVL
calcinosis,small opacity in calcified granuloma,0.062255859375,0,Qwen3-VL-8B-Instruct-frugalVL
calcinosis,small opacity in calcified granuloma,0.1953125,1,Qwen3-VL-8B-Instruct-frugalVL
calcinosis,small opacity in calcified granuloma,0.267578125,0,Qwen3-VL-8B-Instruct-frugalVL
calcinosis,small opacity in calcified granuloma,0.9921875,1,Qwen3-VL-8B-Instruct-frugalVL
calcinosis,small opacity in calcified granuloma,0.6796875,1,Qwen3-VL-8B-Instruct-frugalVL
calcinosis,small opacity in calcified granuloma,0.99609375,1,Qwen3-VL-8B-Instruct-frugalVL
calcinosis,small opacity in calcified granuloma,0.94140625,1,Qwen3-VL-8B-Instruct-frugalVL
calcinosis,emphysema,0.302734375,0,Qwen3-VL-8B-Instruct-frugalVL
calcinosis,emphysema,0.1728515625,0,Qwen3-VL-8B-Instruct-frugalVL
calcinosis,emphysema,0.67578125,1,Qwen3-VL-8B-Instruct-frugalVL
calcinosis,emphysema,0.9375,1,Qwen3-VL-8B-Instruct-frugalVL
"fractures, bone fractures",pulmonary atelectasis,0.7578125,0,Qwen3-VL-8B-Instruct-frugalVL
"fractures, bone fractures",pulmonary atelectasis,0.1669921875,0,Qwen3-VL-8B-Instruct-frugalVL
"fractures, bone fractures",pulmonary atelectasis,0.60546875,1,Qwen3-VL-8B-Instruct-frugalVL
"fractures, bone fractures",pulmonary atelectasis,0.341796875,0,Qwen3-VL-8B-Instruct-frugalVL
"fractures, bone fractures",pulmonary atelectasis,1.0,1,Qwen3-VL-8B-Instruct-frugalVL
"fractures, bone fractures",pulmonary atelectasis,0.64453125,1,Qwen3-VL-8B-Instruct-frugalVL
normal,normal,0.0157470703125,0,Qwen3-VL-8B-Instruct-frugalVL
normal,normal,0.0157470703125,0,Qwen3-VL-8B-Instruct-frugalVL
scarring,cicatrix,0.1728515625,0,Qwen3-VL-8B-Instruct-frugalVL
scarring,cicatrix,0.3984375,0,Qwen3-VL-8B-Instruct-frugalVL
scarring,cicatrix,0.08984375,0,Qwen3-VL-8B-Instruct-frugalVL
normal,normal,0.0157470703125,0,Qwen3-VL-8B-Instruct-frugalVL
scoliosis,scoliosis,1.0,0,Qwen3-VL-8B-Instruct-frugalVL
scoliosis,scoliosis,0.25390625,0,Qwen3-VL-8B-Instruct-frugalVL
scoliosis,scoliosis,0.4375,1,Qwen3-VL-8B-Instruct-frugalVL
normal,normal,0.0157470703125,0,Qwen3-VL-8B-Instruct-frugalVL
emphysema,bronchitis,0.298828125,0,Qwen3-VL-8B-Instruct-frugalVL
emphysema,bronchitis,0.71484375,1,Qwen3-VL-8B-Instruct-frugalVL
emphysema,bronchitis,0.91015625,0,Qwen3-VL-8B-Instruct-frugalVL
elevated diaphragm,pulmonary atelectasis,0.2451171875,0,Qwen3-VL-8B-Instruct-frugalVL
elevated diaphragm,pulmonary atelectasis,0.9609375,0,Qwen3-VL-8B-Instruct-frugalVL
elevated diaphragm,pulmonary atelectasis,0.06298828125,0,Qwen3-VL-8B-Instruct-frugalVL
elevated diaphragm,pulmonary atelectasis,0.99609375,0,Qwen3-VL-8B-Instruct-frugalVL
elevated diaphragm,pulmonary atelectasis,0.91796875,0,Qwen3-VL-8B-Instruct-frugalVL
elevated diaphragm,pulmonary atelectasis,0.203125,0,Qwen3-VL-8B-Instruct-frugalVL
normal,normal,0.0157470703125,0,Qwen3-VL-8B-Instruct-frugalVL
pulmonary nodule,bilateral abnormality in medical device,0.09619140625,0,Qwen3-VL-8B-Instruct-frugalVL
pulmonary nodule,bilateral abnormality in medical device,0.09765625,0,Qwen3-VL-8B-Instruct-frugalVL
pulmonary nodule,bilateral abnormality in medical device,0.37109375,0,Qwen3-VL-8B-Instruct-frugalVL
pulmonary nodule,bilateral abnormality in medical device,0.1376953125,0,Qwen3-VL-8B-Instruct-frugalVL
pulmonary nodule,bilateral abnormality in medical device,0.1357421875,0,Qwen3-VL-8B-Instruct-frugalVL
pulmonary nodule,bilateral abnormality in medical device,0.7890625,0,Qwen3-VL-8B-Instruct-frugalVL
pulmonary nodule,bilateral abnormality in medical device,0.41796875,0,Qwen3-VL-8B-Instruct-frugalVL
normal,normal,0.0157470703125,0,Qwen3-VL-8B-Instruct-frugalVL
cardiomegaly,normal,0.06787109375,0,Qwen3-VL-8B-Instruct-frugalVL
pulmonary atelectasis,pulmonary atelectasis,0.1787109375,0,Qwen3-VL-8B-Instruct-frugalVL
pulmonary atelectasis,pulmonary atelectasis,0.9296875,1,Qwen3-VL-8B-Instruct-frugalVL
pulmonary atelectasis,pulmonary atelectasis,0.9921875,1,Qwen3-VL-8B-Instruct-frugalVL
pulmonary atelectasis,pulmonary atelectasis,0.890625,1,Qwen3-VL-8B-Instruct-frugalVL
pulmonary atelectasis,pulmonary atelectasis,1.0,1,Qwen3-VL-8B-Instruct-frugalVL
pulmonary atelectasis,pulmonary atelectasis,0.9375,1,Qwen3-VL-8B-Instruct-frugalVL
normal,normal,0.0157470703125,0,Qwen3-VL-8B-Instruct-frugalVL
normal,normal,0.0157470703125,0,Qwen3-VL-8B-Instruct-frugalVL
normal,normal,0.0157470703125,0,Qwen3-VL-8B-Instruct-frugalVL
granuloma,calcified granuloma,0.5078125,0,Qwen3-VL-8B-Instruct-frugalVL
granuloma,calcified granuloma,0.875,0,Qwen3-VL-8B-Instruct-frugalVL
granuloma,calcified granuloma,0.2080078125,0,Qwen3-VL-8B-Instruct-frugalVL
granuloma,calcified granuloma,0.0947265625,0,Qwen3-VL-8B-Instruct-frugalVL
granuloma,calcified granuloma,0.77734375,0,Qwen3-VL-8B-Instruct-frugalVL
normal,normal,0.0157470703125,0,Qwen3-VL-8B-Instruct-frugalVL
osteophyte,osteophyte,0.09423828125,0,Qwen3-VL-8B-Instruct-frugalVL
osteophyte,osteophyte,0.69921875,1,Qwen3-VL-8B-Instruct-frugalVL
osteophyte,osteophyte,0.984375,1,Qwen3-VL-8B-Instruct-frugalVL
"fractures, bone",tortuous vessel in aorta,0.09521484375,0,Qwen3-VL-8B-Instruct-frugalVL
"fractures, bone",tortuous vessel in aorta,0.08251953125,0,Qwen3-VL-8B-Instruct-frugalVL
"fractures, bone",tortuous vessel in aorta,0.87890625,0,Qwen3-VL-8B-Instruct-frugalVL
"fractures, bone",tortuous vessel in aorta,0.2392578125,0,Qwen3-VL-8B-Instruct-frugalVL
"fractures, bone",tortuous vessel in aorta,0.52734375,0,Qwen3-VL-8B-Instruct-frugalVL
"fractures, bone",tortuous vessel in aorta,0.265625,0,Qwen3-VL-8B-Instruct-frugalVL
"fractures, bone",tortuous vessel in aorta,0.80078125,1,Qwen3-VL-8B-Instruct-frugalVL
blunted costophrenic angle,surgical instruments,0.12255859375,0,Qwen3-VL-8B-Instruct-frugalVL
blunted costophrenic angle,surgical instruments,0.12451171875,0,Qwen3-VL-8B-Instruct-frugalVL
blunted costophrenic angle,surgical instruments,0.115234375,0,Qwen3-VL-8B-Instruct-frugalVL
cardiomegaly,calcinosis,0.671875,0,Qwen3-VL-8B-Instruct-frugalVL
cardiomegaly,calcinosis,0.35546875,0,Qwen3-VL-8B-Instruct-frugalVL
cardiomegaly,calcinosis,0.55859375,1,Qwen3-VL-8B-Instruct-frugalVL
fibrosis,cicatrix,0.66796875,0,Qwen3-VL-8B-Instruct-frugalVL
fibrosis,cicatrix,0.03076171875,0,Qwen3-VL-8B-Instruct-frugalVL
fibrosis,cicatrix,0.10791015625,0,Qwen3-VL-8B-Instruct-frugalVL
normal,normal,0.0157470703125,0,Qwen3-VL-8B-Instruct-frugalVL
pulmonary atelectasis,pulmonary atelectasis,0.1787109375,0,Qwen3-VL-8B-Instruct-frugalVL
pulmonary atelectasis,pulmonary atelectasis,0.9296875,1,Qwen3-VL-8B-Instruct-frugalVL
pulmonary atelectasis,pulmonary atelectasis,0.9921875,1,Qwen3-VL-8B-Instruct-frugalVL
pulmonary atelectasis,pulmonary atelectasis,0.890625,1,Qwen3-VL-8B-Instruct-frugalVL
pulmonary atelectasis,pulmonary atelectasis,1.0,1,Qwen3-VL-8B-Instruct-frugalVL
pulmonary atelectasis,pulmonary atelectasis,0.9375,1,Qwen3-VL-8B-Instruct-frugalVL
normal,normal,0.0157470703125,0,Qwen3-VL-8B-Instruct-frugalVL
normal,medical device in thorax,0.0157470703125,0,Qwen3-VL-8B-Instruct-frugalVL
normal,medical device in thorax,0.03955078125,0,Qwen3-VL-8B-Instruct-frugalVL
normal,medical device in thorax,0.046142578125,0,Qwen3-VL-8B-Instruct-frugalVL
normal,medical device in thorax,0.251953125,0,Qwen3-VL-8B-Instruct-frugalVL
normal,medical device in thorax,0.435546875,0,Qwen3-VL-8B-Instruct-frugalVL
normal,normal,0.0157470703125,0,Qwen3-VL-8B-Instruct-frugalVL
normal,normal,0.0157470703125,0,Qwen3-VL-8B-Instruct-frugalVL
surgical procedure,surgical instruments,0.2197265625,0,Qwen3-VL-8B-Instruct-frugalVL
surgical procedure,surgical instruments,0.50390625,0,Qwen3-VL-8B-Instruct-frugalVL
surgical procedure,surgical instruments,0.130859375,0,Qwen3-VL-8B-Instruct-frugalVL
pulmonary hypoinflation,lung hypoinflation in lung,0.1494140625,0,Qwen3-VL-8B-Instruct-frugalVL
pulmonary hypoinflation,lung hypoinflation in lung,0.12109375,0,Qwen3-VL-8B-Instruct-frugalVL
pulmonary hypoinflation,lung hypoinflation in lung,0.490234375,1,Qwen3-VL-8B-Instruct-frugalVL
pulmonary hypoinflation,lung hypoinflation in lung,0.9921875,1,Qwen3-VL-8B-Instruct-frugalVL
pulmonary hypoinflation,lung hypoinflation in lung,0.12158203125,0,Qwen3-VL-8B-Instruct-frugalVL
pulmonary hypoinflation,lung hypoinflation in lung,0.2109375,0,Qwen3-VL-8B-Instruct-frugalVL
spondylosis,spondylosis,0.8359375,0,Qwen3-VL-8B-Instruct-frugalVL
spondylosis,spondylosis,0.984375,0,Qwen3-VL-8B-Instruct-frugalVL
spondylosis,spondylosis,0.99609375,0,Qwen3-VL-8B-Instruct-frugalVL
spondylosis,spondylosis,0.8046875,0,Qwen3-VL-8B-Instruct-frugalVL
spondylosis,spondylosis,0.1630859375,0,Qwen3-VL-8B-Instruct-frugalVL
calcified granuloma,osteophyte,0.201171875,0,Qwen3-VL-8B-Instruct-frugalVL
calcified granuloma,osteophyte,0.26171875,0,Qwen3-VL-8B-Instruct-frugalVL
calcified granuloma,osteophyte,0.953125,1,Qwen3-VL-8B-Instruct-frugalVL
normal,normal,0.0157470703125,0,Qwen3-VL-8B-Instruct-frugalVL
cardiomegaly,cardiomegaly,0.671875,0,Qwen3-VL-8B-Instruct-frugalVL
cardiomegaly,cardiomegaly,0.734375,0,Qwen3-VL-8B-Instruct-frugalVL
cardiomegaly,cardiomegaly,0.75390625,0,Qwen3-VL-8B-Instruct-frugalVL
cardiomegaly,cardiomegaly,0.94140625,0,Qwen3-VL-8B-Instruct-frugalVL
cardiomegaly,cardiomegaly,0.126953125,0,Qwen3-VL-8B-Instruct-frugalVL
calcified granuloma,calcified granuloma,0.8984375,0,Qwen3-VL-8B-Instruct-frugalVL
calcified granuloma,calcified granuloma,0.21875,0,Qwen3-VL-8B-Instruct-frugalVL
calcified granuloma,calcified granuloma,0.3984375,0,Qwen3-VL-8B-Instruct-frugalVL
calcified granuloma,calcified granuloma,0.314453125,0,Qwen3-VL-8B-Instruct-frugalVL
calcified granuloma,calcified granuloma,1.0,0,Qwen3-VL-8B-Instruct-frugalVL
cardiomegaly,cardiomegaly,0.671875,0,Qwen3-VL-8B-Instruct-frugalVL
cardiomegaly,cardiomegaly,0.734375,0,Qwen3-VL-8B-Instruct-frugalVL
cardiomegaly,cardiomegaly,0.75390625,0,Qwen3-VL-8B-Instruct-frugalVL
cardiomegaly,cardiomegaly,0.94140625,0,Qwen3-VL-8B-Instruct-frugalVL
cardiomegaly,cardiomegaly,0.126953125,0,Qwen3-VL-8B-Instruct-frugalVL
normal,normal,0.0157470703125,0,Qwen3-VL-8B-Instruct-frugalVL
pulmonary atelectasis,pulmonary atelectasis,0.1787109375,0,Qwen3-VL-8B-Instruct-frugalVL
pulmonary atelectasis,pulmonary atelectasis,0.9296875,1,Qwen3-VL-8B-Instruct-frugalVL
pulmonary atelectasis,pulmonary atelectasis,0.9921875,1,Qwen3-VL-8B-Instruct-frugalVL
pulmonary atelectasis,pulmonary atelectasis,0.890625,1,Qwen3-VL-8B-Instruct-frugalVL
pulmonary atelectasis,pulmonary atelectasis,1.0,1,Qwen3-VL-8B-Instruct-frugalVL
pulmonary atelectasis,pulmonary atelectasis,0.9375,1,Qwen3-VL-8B-Instruct-frugalVL
scarring,cicatrix,0.1728515625,0,Qwen3-VL-8B-Instruct-frugalVL
scarring,cicatrix,0.3984375,0,Qwen3-VL-8B-Instruct-frugalVL
scarring,cicatrix,0.08984375,0,Qwen3-VL-8B-Instruct-frugalVL
pulmonary inﬁltrate,airspace disease,0.119140625,0,Qwen3-VL-8B-Instruct-frugalVL
pulmonary inﬁltrate,airspace disease,0.54296875,1,Qwen3-VL-8B-Instruct-frugalVL
pulmonary inﬁltrate,airspace disease,0.40234375,0,Qwen3-VL-8B-Instruct-frugalVL
surgical instruments,surgical instruments,0.2314453125,0,Qwen3-VL-8B-Instruct-frugalVL
surgical instruments,surgical instruments,0.1435546875,1,Qwen3-VL-8B-Instruct-frugalVL
surgical instruments,surgical instruments,0.56640625,1,Qwen3-VL-8B-Instruct-frugalVL
normal,normal,0.0157470703125,0,Qwen3-VL-8B-Instruct-frugalVL
normal,normal,0.0157470703125,0,Qwen3-VL-8B-Instruct-frugalVL
normal,normal,0.0157470703125,0,Qwen3-VL-8B-Instruct-frugalVL
normal,normal,0.0157470703125,0,Qwen3-VL-8B-Instruct-frugalVL
"pulmonary disease, chronic obstruct",lung hyperdistention in lung,1.0,0,Qwen3-VL-8B-Instruct-frugalVL
"pulmonary disease, chronic obstruct",lung hyperdistention in lung,0.6015625,0,Qwen3-VL-8B-Instruct-frugalVL
"pulmonary disease, chronic obstruct",lung hyperdistention in lung,0.86328125,0,Qwen3-VL-8B-Instruct-frugalVL
"pulmonary disease, chronic obstruct",lung hyperdistention in lung,0.875,1,Qwen3-VL-8B-Instruct-frugalVL
"pulmonary disease, chronic obstruct",lung hyperdistention in lung,0.6328125,0,Qwen3-VL-8B-Instruct-frugalVL
"pulmonary disease, chronic obstruct",lung hyperdistention in lung,0.0908203125,0,Qwen3-VL-8B-Instruct-frugalVL
normal,normal,0.0157470703125,0,Qwen3-VL-8B-Instruct-frugalVL
normal,normal,0.0157470703125,0,Qwen3-VL-8B-Instruct-frugalVL
normal,pneumonia,0.0157470703125,0,Qwen3-VL-8B-Instruct-frugalVL
normal,pneumonia,0.1220703125,0,Qwen3-VL-8B-Instruct-frugalVL
normal,pneumonia,0.78125,1,Qwen3-VL-8B-Instruct-frugalVL
normal,pneumonia,0.62890625,1,Qwen3-VL-8B-Instruct-frugalVL
degenerative change in thor,calcinosis,0.97265625,0,Qwen3-VL-8B-Instruct-frugalVL
degenerative change in thor,calcinosis,0.8203125,0,Qwen3-VL-8B-Instruct-frugalVL
degenerative change in thor,calcinosis,0.2099609375,0,Qwen3-VL-8B-Instruct-frugalVL
calcinosis,small opacity in calcified granuloma,0.1748046875,0,Qwen3-VL-8B-Instruct-frugalVL
calcinosis,small opacity in calcified granuloma,0.062255859375,0,Qwen3-VL-8B-Instruct-frugalVL
calcinosis,small opacity in calcified granuloma,0.1953125,1,Qwen3-VL-8B-Instruct-frugalVL
calcinosis,small opacity in calcified granuloma,0.267578125,0,Qwen3-VL-8B-Instruct-frugalVL
calcinosis,small opacity in calcified granuloma,0.9921875,1,Qwen3-VL-8B-Instruct-frugalVL
calcinosis,small opacity in calcified granuloma,0.6796875,1,Qwen3-VL-8B-Instruct-frugalVL
calcinosis,small opacity in calcified granuloma,0.99609375,1,Qwen3-VL-8B-Instruct-frugalVL
calcinosis,small opacity in calcified granuloma,0.94140625,1,Qwen3-VL-8B-Instruct-frugalVL
pulmonary atelectasis,pulmonary atelectasis,0.1787109375,0,Qwen3-VL-8B-Instruct-frugalVL
pulmonary atelectasis,pulmonary atelectasis,0.9296875,1,Qwen3-VL-8B-Instruct-frugalVL
pulmonary atelectasis,pulmonary atelectasis,0.9921875,1,Qwen3-VL-8B-Instruct-frugalVL
pulmonary atelectasis,pulmonary atelectasis,0.890625,1,Qwen3-VL-8B-Instruct-frugalVL
pulmonary atelectasis,pulmonary atelectasis,1.0,1,Qwen3-VL-8B-Instruct-frugalVL
pulmonary atelectasis,pulmonary atelectasis,0.9375,1,Qwen3-VL-8B-Instruct-frugalVL
normal,normal,0.0157470703125,0,Qwen3-VL-8B-Instruct-frugalVL
osteoporosis,calcinosis,0.1220703125,0,Qwen3-VL-8B-Instruct-frugalVL
osteoporosis,calcinosis,0.322265625,0,Qwen3-VL-8B-Instruct-frugalVL
osteoporosis,calcinosis,0.078125,0,Qwen3-VL-8B-Instruct-frugalVL
indwelling catheter,indwelling catheter,0.109375,0,Qwen3-VL-8B-Instruct-frugalVL
indwelling catheter,indwelling catheter,0.99609375,1,Qwen3-VL-8B-Instruct-frugalVL
indwelling catheter,indwelling catheter,1.0,1,Qwen3-VL-8B-Instruct-frugalVL
indwelling catheter,indwelling catheter,0.93359375,1,Qwen3-VL-8B-Instruct-frugalVL
indwelling catheter,indwelling catheter,0.96875,1,Qwen3-VL-8B-Instruct-frugalVL
bilateral pulmonary nodule,bilateral abnormality in nodule,0.189453125,0,Qwen3-VL-8B-Instruct-frugalVL
bilateral pulmonary nodule,bilateral abnormality in nodule,0.98046875,1,Qwen3-VL-8B-Instruct-frugalVL
bilateral pulmonary nodule,bilateral abnormality in nodule,0.75,0,Qwen3-VL-8B-Instruct-frugalVL
bilateral pulmonary nodule,bilateral abnormality in nodule,0.419921875,0,Qwen3-VL-8B-Instruct-frugalVL
bilateral pulmonary nodule,bilateral abnormality in nodule,0.16796875,1,Qwen3-VL-8B-Instruct-frugalVL
bilateral pulmonary nodule,bilateral abnormality in nodule,0.66796875,0,Qwen3-VL-8B-Instruct-frugalVL
bilateral pulmonary nodule,bilateral abnormality in nodule,0.796875,1,Qwen3-VL-8B-Instruct-frugalVL
normal,normal,0.0157470703125,0,Qwen3-VL-8B-Instruct-frugalVL
normal,normal,0.0157470703125,0,Qwen3-VL-8B-Instruct-frugalVL
normal,normal,0.0157470703125,0,Qwen3-VL-8B-Instruct-frugalVL
normal,normal,0.0157470703125,0,Qwen3-VL-8B-Instruct-frugalVL
chronic lung disease,bilateral abnormality in markings,0.275390625,0,Qwen3-VL-8B-Instruct-frugalVL
chronic lung disease,bilateral abnormality in markings,0.55859375,0,Qwen3-VL-8B-Instruct-frugalVL
chronic lung disease,bilateral abnormality in markings,0.306640625,0,Qwen3-VL-8B-Instruct-frugalVL
chronic lung disease,bilateral abnormality in markings,0.10400390625,1,Qwen3-VL-8B-Instruct-frugalVL
chronic lung disease,bilateral abnormality in markings,0.1953125,0,Qwen3-VL-8B-Instruct-frugalVL
chronic lung disease,bilateral abnormality in markings,0.54296875,0,Qwen3-VL-8B-Instruct-frugalVL
normal,normal,0.0157470703125,0,Qwen3-VL-8B-Instruct-frugalVL
diaphragm disorder,diaphragmatic eventration,0.150390625,0,Qwen3-VL-8B-Instruct-frugalVL
diaphragm disorder,diaphragmatic eventration,0.96484375,1,Qwen3-VL-8B-Instruct-frugalVL
diaphragm disorder,diaphragmatic eventration,0.953125,0,Qwen3-VL-8B-Instruct-frugalVL
diaphragm disorder,diaphragmatic eventration,0.82421875,0,Qwen3-VL-8B-Instruct-frugalVL
diaphragm disorder,diaphragmatic eventration,0.984375,1,Qwen3-VL-8B-Instruct-frugalVL
normal,normal,0.0157470703125,0,Qwen3-VL-8B-Instruct-frugalVL
normal,normal,0.0157470703125,0,Qwen3-VL-8B-Instruct-frugalVL
normal,normal,0.0157470703125,0,Qwen3-VL-8B-Instruct-frugalVL
calcinosis,calcinosis,0.11328125,0,Qwen3-VL-8B-Instruct-frugalVL
calcinosis,calcinosis,0.2294921875,0,Qwen3-VL-8B-Instruct-frugalVL
calcinosis,calcinosis,0.2734375,0,Qwen3-VL-8B-Instruct-frugalVL
normal,normal,0.0157470703125,0,Qwen3-VL-8B-Instruct-frugalVL
fibrosis,cicatrix,0.66796875,0,Qwen3-VL-8B-Instruct-frugalVL
fibrosis,cicatrix,0.03076171875,0,Qwen3-VL-8B-Instruct-frugalVL
fibrosis,cicatrix,0.10791015625,0,Qwen3-VL-8B-Instruct-frugalVL
cardiomegaly,cardiomegaly,0.671875,0,Qwen3-VL-8B-Instruct-frugalVL
cardiomegaly,cardiomegaly,0.734375,0,Qwen3-VL-8B-Instruct-frugalVL
cardiomegaly,cardiomegaly,0.75390625,0,Qwen3-VL-8B-Instruct-frugalVL
cardiomegaly,cardiomegaly,0.94140625,0,Qwen3-VL-8B-Instruct-frugalVL
cardiomegaly,cardiomegaly,0.126953125,0,Qwen3-VL-8B-Instruct-frugalVL
normal,normal,0.0157470703125,0,Qwen3-VL-8B-Instruct-frugalVL
normal,normal,0.0157470703125,0,Qwen3-VL-8B-Instruct-frugalVL
normal,normal,0.0157470703125,0,Qwen3-VL-8B-Instruct-frugalVL
normal,normal,0.0157470703125,0,Qwen3-VL-8B-Instruct-frugalVL
normal,normal,0.0157470703125,0,Qwen3-VL-8B-Instruct-frugalVL
hernia,"hernia, hiatal",0.048583984375,0,Qwen3-VL-8B-Instruct-frugalVL
hernia,"hernia, hiatal",0.51953125,0,Qwen3-VL-8B-Instruct-frugalVL
hernia,"hernia, hiatal",0.16796875,0,Qwen3-VL-8B-Instruct-frugalVL
hernia,"hernia, hiatal",0.0869140625,0,Qwen3-VL-8B-Instruct-frugalVL
hernia,"hernia, hiatal",0.56640625,0,Qwen3-VL-8B-Instruct-frugalVL
hernia,"hernia, hiatal",0.8671875,0,Qwen3-VL-8B-Instruct-frugalVL
normal,normal,0.0157470703125,0,Qwen3-VL-8B-Instruct-frugalVL
normal,normal,0.0157470703125,0,Qwen3-VL-8B-Instruct-frugalVL
normal,normal,0.0157470703125,0,Qwen3-VL-8B-Instruct-frugalVL
lung hypoinflation in lung,lung hypoinflation in lung,0.0810546875,0,Qwen3-VL-8B-Instruct-frugalVL
lung hypoinflation in lung,lung hypoinflation in lung,0.1982421875,1,Qwen3-VL-8B-Instruct-frugalVL
lung hypoinflation in lung,lung hypoinflation in lung,0.87890625,1,Qwen3-VL-8B-Instruct-frugalVL
lung hypoinflation in lung,lung hypoinflation in lung,1.0,1,Qwen3-VL-8B-Instruct-frugalVL
lung hypoinflation in lung,lung hypoinflation in lung,0.77734375,1,Qwen3-VL-8B-Instruct-frugalVL
lung hypoinflation in lung,lung hypoinflation in lung,0.75,1,Qwen3-VL-8B-Instruct-frugalVL
normal,normal,0.0157470703125,0,Qwen3-VL-8B-Instruct-frugalVL
normal,normal,0.0157470703125,0,Qwen3-VL-8B-Instruct-frugalVL
normal,normal,0.0157470703125,0,Qwen3-VL-8B-Instruct-frugalVL
osteochondrosis,degenerative change in spine,0.1318359375,0,Qwen3-VL-8B-Instruct-frugalVL
osteochondrosis,degenerative change in spine,0.8359375,1,Qwen3-VL-8B-Instruct-frugalVL
osteochondrosis,degenerative change in spine,0.57421875,0,Qwen3-VL-8B-Instruct-frugalVL
osteochondrosis,degenerative change in spine,0.390625,0,Qwen3-VL-8B-Instruct-frugalVL
osteochondrosis,degenerative change in spine,0.33984375,1,Qwen3-VL-8B-Instruct-frugalVL
osteochondrosis,degenerative change in spine,0.625,0,Qwen3-VL-8B-Instruct-frugalVL
normal,normal,0.0157470703125,0,Qwen3-VL-8B-Instruct-frugalVL
normal,normal,0.0157470703125,0,Qwen3-VL-8B-Instruct-frugalVL
degenerative change in spine,degenerative change in cervical vertebrae,0.53125,0,Qwen3-VL-8B-Instruct-frugalVL
degenerative change in spine,degenerative change in cervical vertebrae,0.08251953125,0,Qwen3-VL-8B-Instruct-frugalVL
degenerative change in spine,degenerative change in cervical vertebrae,0.80859375,0,Qwen3-VL-8B-Instruct-frugalVL
degenerative change in spine,degenerative change in cervical vertebrae,0.421875,1,Qwen3-VL-8B-Instruct-frugalVL
degenerative change in spine,degenerative change in cervical vertebrae,0.9140625,1,Qwen3-VL-8B-Instruct-frugalVL
degenerative change in spine,degenerative change in cervical vertebrae,0.474609375,0,Qwen3-VL-8B-Instruct-frugalVL
degenerative change in spine,degenerative change in cervical vertebrae,0.58203125,0,Qwen3-VL-8B-Instruct-frugalVL
degenerative change in spine,degenerative change in cervical vertebrae,0.9453125,1,Qwen3-VL-8B-Instruct-frugalVL
degenerative change in spine,degenerative change in cervical vertebrae,0.82421875,1,Qwen3-VL-8B-Instruct-frugalVL
calcinosis,calcinosis,0.11328125,0,Qwen3-VL-8B-Instruct-frugalVL
calcinosis,calcinosis,0.2294921875,0,Qwen3-VL-8B-Instruct-frugalVL
calcinosis,calcinosis,0.2734375,0,Qwen3-VL-8B-Instruct-frugalVL
bilateral abnormality in density,lung hyperdistention in lung,0.2080078125,0,Qwen3-VL-8B-Instruct-frugalVL
bilateral abnormality in density,lung hyperdistention in lung,0.412109375,0,Qwen3-VL-8B-Instruct-frugalVL
bilateral abnormality in density,lung hyperdistention in lung,0.412109375,0,Qwen3-VL-8B-Instruct-frugalVL
bilateral abnormality in density,lung hyperdistention in lung,0.828125,1,Qwen3-VL-8B-Instruct-frugalVL
bilateral abnormality in density,lung hyperdistention in lung,0.2177734375,0,Qwen3-VL-8B-Instruct-frugalVL
bilateral abnormality in density,lung hyperdistention in lung,0.380859375,0,Qwen3-VL-8B-Instruct-frugalVL
normal,normal,0.0157470703125,0,Qwen3-VL-8B-Instruct-frugalVL
cardiomegaly,cardiomegaly,0.671875,0,Qwen3-VL-8B-Instruct-frugalVL
cardiomegaly,cardiomegaly,0.734375,0,Qwen3-VL-8B-Instruct-frugalVL
cardiomegaly,cardiomegaly,0.75390625,0,Qwen3-VL-8B-Instruct-frugalVL
cardiomegaly,cardiomegaly,0.94140625,0,Qwen3-VL-8B-Instruct-frugalVL
cardiomegaly,cardiomegaly,0.126953125,0,Qwen3-VL-8B-Instruct-frugalVL
degenerative change in thor,degenerative change in thoracic vertebrae,0.142578125,0,Qwen3-VL-8B-Instruct-frugalVL
degenerative change in thor,degenerative change in thoracic vertebrae,0.09765625,0,Qwen3-VL-8B-Instruct-frugalVL
degenerative change in thor,degenerative change in thoracic vertebrae,0.98046875,1,Qwen3-VL-8B-Instruct-frugalVL
degenerative change in thor,degenerative change in thoracic vertebrae,0.828125,1,Qwen3-VL-8B-Instruct-frugalVL
degenerative change in thor,degenerative change in thoracic vertebrae,0.94140625,1,Qwen3-VL-8B-Instruct-frugalVL
degenerative change in thor,degenerative change in thoracic vertebrae,0.78515625,1,Qwen3-VL-8B-Instruct-frugalVL
degenerative change in thor,degenerative change in thoracic vertebrae,0.875,1,Qwen3-VL-8B-Instruct-frugalVL
degenerative change in thor,degenerative change in thoracic vertebrae,0.6953125,0,Qwen3-VL-8B-Instruct-frugalVL
degenerative change in thor,degenerative change in thoracic vertebrae,0.98046875,1,Qwen3-VL-8B-Instruct-frugalVL
degenerative change in thor,degenerative change in thoracic vertebrae,0.87109375,1,Qwen3-VL-8B-Instruct-frugalVL
normal,normal,0.0157470703125,0,Qwen3-VL-8B-Instruct-frugalVL
normal,normal,0.0157470703125,0,Qwen3-VL-8B-Instruct-frugalVL
calcinosis,calcinosis,0.11328125,0,Qwen3-VL-8B-Instruct-frugalVL
calcinosis,calcinosis,0.2294921875,0,Qwen3-VL-8B-Instruct-frugalVL
calcinosis,calcinosis,0.2734375,0,Qwen3-VL-8B-Instruct-frugalVL
cicatrix,cicatrix,0.2265625,0,Qwen3-VL-8B-Instruct-frugalVL
cicatrix,cicatrix,0.84765625,1,Qwen3-VL-8B-Instruct-frugalVL
cicatrix,cicatrix,0.921875,1,Qwen3-VL-8B-Instruct-frugalVL
pulmonary abnormality pul,normal,0.625,0,Qwen3-VL-8B-Instruct-frugalVL
aortic aneurysm,normal,0.18359375,0,Qwen3-VL-8B-Instruct-frugalVL
pulmonary nodule,granuloma,0.09619140625,0,Qwen3-VL-8B-Instruct-frugalVL
pulmonary nodule,granuloma,0.94921875,1,Qwen3-VL-8B-Instruct-frugalVL
pulmonary nodule,granuloma,0.54296875,0,Qwen3-VL-8B-Instruct-frugalVL
normal,normal,0.0157470703125,0,Qwen3-VL-8B-Instruct-frugalVL
normal,normal,0.0157470703125,0,Qwen3-VL-8B-Instruct-frugalVL
normal,normal,0.0157470703125,0,Qwen3-VL-8B-Instruct-frugalVL
calcinosis,bilateral abnormality in calcified granuloma,0.3046875,0,Qwen3-VL-8B-Instruct-frugalVL
calcinosis,bilateral abnormality in calcified granuloma,0.0986328125,0,Qwen3-VL-8B-Instruct-frugalVL
calcinosis,bilateral abnormality in calcified granuloma,0.10595703125,0,Qwen3-VL-8B-Instruct-frugalVL
calcinosis,bilateral abnormality in calcified granuloma,0.296875,1,Qwen3-VL-8B-Instruct-frugalVL
calcinosis,bilateral abnormality in calcified granuloma,0.251953125,0,Qwen3-VL-8B-Instruct-frugalVL
calcinosis,bilateral abnormality in calcified granuloma,0.427734375,0,Qwen3-VL-8B-Instruct-frugalVL
calcinosis,bilateral abnormality in calcified granuloma,0.486328125,0,Qwen3-VL-8B-Instruct-frugalVL
calcinosis,bilateral abnormality in calcified granuloma,0.26953125,0,Qwen3-VL-8B-Instruct-frugalVL
calcinosis,bilateral abnormality in calcified granuloma,0.98828125,1,Qwen3-VL-8B-Instruct-frugalVL
calcinosis,bilateral abnormality in calcified granuloma,0.6015625,1,Qwen3-VL-8B-Instruct-frugalVL
degenerative change in thor,degenerative change in thoracic vertebrae,0.142578125,0,Qwen3-VL-8B-Instruct-frugalVL
degenerative change in thor,degenerative change in thoracic vertebrae,0.09765625,0,Qwen3-VL-8B-Instruct-frugalVL
degenerative change in thor,degenerative change in thoracic vertebrae,0.98046875,1,Qwen3-VL-8B-Instruct-frugalVL
degenerative change in thor,degenerative change in thoracic vertebrae,0.828125,1,Qwen3-VL-8B-Instruct-frugalVL
degenerative change in thor,degenerative change in thoracic vertebrae,0.94140625,1,Qwen3-VL-8B-Instruct-frugalVL
degenerative change in thor,degenerative change in thoracic vertebrae,0.78515625,1,Qwen3-VL-8B-Instruct-frugalVL
degenerative change in thor,degenerative change in thoracic vertebrae,0.875,1,Qwen3-VL-8B-Instruct-frugalVL
degenerative change in thor,degenerative change in thoracic vertebrae,0.6953125,0,Qwen3-VL-8B-Instruct-frugalVL
degenerative change in thor,degenerative change in thoracic vertebrae,0.98046875,1,Qwen3-VL-8B-Instruct-frugalVL
degenerative change in thor,degenerative change in thoracic vertebrae,0.87109375,1,Qwen3-VL-8B-Instruct-frugalVL
prominent finding in medi,prominent finding in mediastinum,0.251953125,0,Qwen3-VL-8B-Instruct-frugalVL
prominent finding in medi,prominent finding in mediastinum,0.71484375,0,Qwen3-VL-8B-Instruct-frugalVL
prominent finding in medi,prominent finding in mediastinum,0.97265625,0,Qwen3-VL-8B-Instruct-frugalVL
prominent finding in medi,prominent finding in mediastinum,0.515625,0,Qwen3-VL-8B-Instruct-frugalVL
prominent finding in medi,prominent finding in mediastinum,0.875,0,Qwen3-VL-8B-Instruct-frugalVL
prominent finding in medi,prominent finding in mediastinum,0.384765625,0,Qwen3-VL-8B-Instruct-frugalVL
prominent finding in medi,prominent finding in mediastinum,0.99609375,0,Qwen3-VL-8B-Instruct-frugalVL
prominent finding in medi,prominent finding in mediastinum,0.89453125,0,Qwen3-VL-8B-Instruct-frugalVL
cardiomegaly,cardiomegaly,0.671875,0,Qwen3-VL-8B-Instruct-frugalVL
cardiomegaly,cardiomegaly,0.734375,0,Qwen3-VL-8B-Instruct-frugalVL
cardiomegaly,cardiomegaly,0.75390625,0,Qwen3-VL-8B-Instruct-frugalVL
cardiomegaly,cardiomegaly,0.94140625,0,Qwen3-VL-8B-Instruct-frugalVL
cardiomegaly,cardiomegaly,0.126953125,0,Qwen3-VL-8B-Instruct-frugalVL
normal,normal,0.0157470703125,0,Qwen3-VL-8B-Instruct-frugalVL
normal,normal,0.0157470703125,0,Qwen3-VL-8B-Instruct-frugalVL
elevated diaphragm,pulmonary atelectasis,0.2451171875,0,Qwen3-VL-8B-Instruct-frugalVL
elevated diaphragm,pulmonary atelectasis,0.9609375,0,Qwen3-VL-8B-Instruct-frugalVL
elevated diaphragm,pulmonary atelectasis,0.06298828125,0,Qwen3-VL-8B-Instruct-frugalVL
elevated diaphragm,pulmonary atelectasis,0.99609375,0,Qwen3-VL-8B-Instruct-frugalVL
elevated diaphragm,pulmonary atelectasis,0.91796875,0,Qwen3-VL-8B-Instruct-frugalVL
elevated diaphragm,pulmonary atelectasis,0.203125,0,Qwen3-VL-8B-Instruct-frugalVL
scoliosis,cardiomegaly,1.0,0,Qwen3-VL-8B-Instruct-frugalVL
scoliosis,cardiomegaly,0.12451171875,0,Qwen3-VL-8B-Instruct-frugalVL
scoliosis,cardiomegaly,0.9921875,0,Qwen3-VL-8B-Instruct-frugalVL
scoliosis,cardiomegaly,0.72265625,0,Qwen3-VL-8B-Instruct-frugalVL
scoliosis,cardiomegaly,0.40234375,1,Qwen3-VL-8B-Instruct-frugalVL
calcinosis,calcinosis,0.11328125,0,Qwen3-VL-8B-Instruct-frugalVL
calcinosis,calcinosis,0.2294921875,0,Qwen3-VL-8B-Instruct-frugalVL
calcinosis,calcinosis,0.2734375,0,Qwen3-VL-8B-Instruct-frugalVL
pulmonary hypoinflation,normal,0.1494140625,0,Qwen3-VL-8B-Instruct-frugalVL
normal,normal,0.0157470703125,0,Qwen3-VL-8B-Instruct-frugalVL
normal,normal,0.0157470703125,0,Qwen3-VL-8B-Instruct-frugalVL
cardiomegaly,cardiomegaly,0.671875,0,Qwen3-VL-8B-Instruct-frugalVL
cardiomegaly,cardiomegaly,0.734375,0,Qwen3-VL-8B-Instruct-frugalVL
cardiomegaly,cardiomegaly,0.75390625,0,Qwen3-VL-8B-Instruct-frugalVL
cardiomegaly,cardiomegaly,0.94140625,0,Qwen3-VL-8B-Instruct-frugalVL
cardiomegaly,cardiomegaly,0.126953125,0,Qwen3-VL-8B-Instruct-frugalVL
osteophyte,osteophyte,0.09423828125,0,Qwen3-VL-8B-Instruct-frugalVL
osteophyte,osteophyte,0.69921875,1,Qwen3-VL-8B-Instruct-frugalVL
osteophyte,osteophyte,0.984375,1,Qwen3-VL-8B-Instruct-frugalVL
normal,normal,0.0157470703125,0,Qwen3-VL-8B-Instruct-frugalVL
cardiomegaly,atherosclerosis,0.1552734375,0,Qwen3-VL-8B-Instruct-frugalVL
cardiomegaly,atherosclerosis,0.984375,1,Qwen3-VL-8B-Instruct-frugalVL
cardiomegaly,atherosclerosis,0.64453125,1,Qwen3-VL-8B-Instruct-frugalVL
pleural effusion,cardiomegaly,0.2412109375,0,Qwen3-VL-8B-Instruct-frugalVL
pleural effusion,cardiomegaly,0.58203125,0,Qwen3-VL-8B-Instruct-frugalVL
pleural effusion,cardiomegaly,0.93359375,1,Qwen3-VL-8B-Instruct-frugalVL
pleural effusion,cardiomegaly,1.0,1,Qwen3-VL-8B-Instruct-frugalVL
pleural effusion,cardiomegaly,0.98046875,1,Qwen3-VL-8B-Instruct-frugalVL
osteopenia,cardiomegaly,0.0439453125,0,Qwen3-VL-8B-Instruct-frugalVL
osteopenia,cardiomegaly,0.294921875,0,Qwen3-VL-8B-Instruct-frugalVL
osteopenia,cardiomegaly,0.59375,0,Qwen3-VL-8B-Instruct-frugalVL
osteopenia,cardiomegaly,0.93359375,0,Qwen3-VL-8B-Instruct-frugalVL
osteopenia,cardiomegaly,0.1552734375,0,Qwen3-VL-8B-Instruct-frugalVL
normal,normal,0.0157470703125,0,Qwen3-VL-8B-Instruct-frugalVL
cardiomegaly,cardiomegaly,0.671875,0,Qwen3-VL-8B-Instruct-frugalVL
cardiomegaly,cardiomegaly,0.734375,0,Qwen3-VL-8B-Instruct-frugalVL
cardiomegaly,cardiomegaly,0.75390625,0,Qwen3-VL-8B-Instruct-frugalVL
cardiomegaly,cardiomegaly,0.94140625,0,Qwen3-VL-8B-Instruct-frugalVL
cardiomegaly,cardiomegaly,0.126953125,0,Qwen3-VL-8B-Instruct-frugalVL
normal,normal,0.0157470703125,0,Qwen3-VL-8B-Instruct-frugalVL
normal,normal,0.0157470703125,0,Qwen3-VL-8B-Instruct-frugalVL
pulmonary nodule,calcified granuloma,0.09619140625,0,Qwen3-VL-8B-Instruct-frugalVL
pulmonary nodule,calcified granuloma,0.5703125,0,Qwen3-VL-8B-Instruct-frugalVL
pulmonary nodule,calcified granuloma,0.76171875,1,Qwen3-VL-8B-Instruct-frugalVL
pulmonary nodule,calcified granuloma,1.0,1,Qwen3-VL-8B-Instruct-frugalVL
pulmonary nodule,calcified granuloma,0.94140625,1,Qwen3-VL-8B-Instruct-frugalVL
pulmonary atelectasis,pulmonary opacity,0.1787109375,0,Qwen3-VL-8B-Instruct-frugalVL
pulmonary atelectasis,pulmonary opacity,0.9375,1,Qwen3-VL-8B-Instruct-frugalVL
pulmonary atelectasis,pulmonary opacity,0.9921875,1,Qwen3-VL-8B-Instruct-frugalVL
pulmonary atelectasis,pulmonary opacity,0.89453125,0,Qwen3-VL-8B-Instruct-frugalVL
normal,normal,0.0157470703125,0,Qwen3-VL-8B-Instruct-frugalVL
spondylosis,spondylosis,0.8359375,0,Qwen3-VL-8B-Instruct-frugalVL
spondylosis,spondylosis,0.984375,0,Qwen3-VL-8B-Instruct-frugalVL
spondylosis,spondylosis,0.99609375,0,Qwen3-VL-8B-Instruct-frugalVL
spondylosis,spondylosis,0.8046875,0,Qwen3-VL-8B-Instruct-frugalVL
spondylosis,spondylosis,0.1630859375,0,Qwen3-VL-8B-Instruct-frugalVL
normal,normal,0.0157470703125,0,Qwen3-VL-8B-Instruct-frugalVL
pleural effusion,pleural effusion,0.2412109375,0,Qwen3-VL-8B-Instruct-frugalVL
pleural effusion,pleural effusion,0.953125,1,Qwen3-VL-8B-Instruct-frugalVL
pleural effusion,pleural effusion,0.9765625,1,Qwen3-VL-8B-Instruct-frugalVL
pleural effusion,pleural effusion,0.921875,1,Qwen3-VL-8B-Instruct-frugalVL
normal,normal,0.0157470703125,0,Qwen3-VL-8B-Instruct-frugalVL
pulmonary atelectasis,bilateral abnormality in lung,0.1787109375,0,Qwen3-VL-8B-Instruct-frugalVL
pulmonary atelectasis,bilateral abnormality in lung,0.259765625,0,Qwen3-VL-8B-Instruct-frugalVL
pulmonary atelectasis,bilateral abnormality in lung,0.205078125,0,Qwen3-VL-8B-Instruct-frugalVL
pulmonary atelectasis,bilateral abnormality in lung,0.337890625,0,Qwen3-VL-8B-Instruct-frugalVL
pulmonary atelectasis,bilateral abnormality in lung,0.267578125,0,Qwen3-VL-8B-Instruct-frugalVL
pulmonary atelectasis,bilateral abnormality in lung,0.640625,0,Qwen3-VL-8B-Instruct-frugalVL
pulmonary atelectasis,pulmonary atelectasis,0.1787109375,0,Qwen3-VL-8B-Instruct-frugalVL
pulmonary atelectasis,pulmonary atelectasis,0.9296875,1,Qwen3-VL-8B-Instruct-frugalVL
pulmonary atelectasis,pulmonary atelectasis,0.9921875,1,Qwen3-VL-8B-Instruct-frugalVL
pulmonary atelectasis,pulmonary atelectasis,0.890625,1,Qwen3-VL-8B-Instruct-frugalVL
pulmonary atelectasis,pulmonary atelectasis,1.0,1,Qwen3-VL-8B-Instruct-frugalVL
pulmonary atelectasis,pulmonary atelectasis,0.9375,1,Qwen3-VL-8B-Instruct-frugalVL
normal,normal,0.0157470703125,0,Qwen3-VL-8B-Instruct-frugalVL
osteophyte,normal,0.8125,0,Qwen3-VL-8B-Instruct-frugalVL
pulmonary atelectasis,hydropneumothorax,0.28125,0,Qwen3-VL-8B-Instruct-frugalVL
pulmonary atelectasis,hydropneumothorax,0.119140625,0,Qwen3-VL-8B-Instruct-frugalVL
pulmonary atelectasis,hydropneumothorax,0.15625,0,Qwen3-VL-8B-Instruct-frugalVL
pulmonary atelectasis,hydropneumothorax,0.4921875,0,Qwen3-VL-8B-Instruct-frugalVL
pulmonary atelectasis,hydropneumothorax,0.83984375,0,Qwen3-VL-8B-Instruct-frugalVL
pulmonary atelectasis,hydropneumothorax,0.953125,0,Qwen3-VL-8B-Instruct-frugalVL
pulmonary atelectasis,hydropneumothorax,1.0,0,Qwen3-VL-8B-Instruct-frugalVL
pulmonary edema,pulmonary edema,0.2451171875,0,Qwen3-VL-8B-Instruct-frugalVL
pulmonary edema,pulmonary edema,0.99609375,0,Qwen3-VL-8B-Instruct-frugalVL
pulmonary edema,pulmonary edema,0.953125,0,Qwen3-VL-8B-Instruct-frugalVL
pulmonary edema,pulmonary edema,0.9140625,0,Qwen3-VL-8B-Instruct-frugalVL
pulmonary edema,pulmonary edema,0.2265625,0,Qwen3-VL-8B-Instruct-frugalVL
degenerative change in thor,degenerative change in thoracic vertebrae,0.142578125,0,Qwen3-VL-8B-Instruct-frugalVL
degenerative change in thor,degenerative change in thoracic vertebrae,0.09765625,0,Qwen3-VL-8B-Instruct-frugalVL
degenerative change in thor,degenerative change in thoracic vertebrae,0.98046875,1,Qwen3-VL-8B-Instruct-frugalVL
degenerative change in thor,degenerative change in thoracic vertebrae,0.828125,1,Qwen3-VL-8B-Instruct-frugalVL
degenerative change in thor,degenerative change in thoracic vertebrae,0.94140625,1,Qwen3-VL-8B-Instruct-frugalVL
degenerative change in thor,degenerative change in thoracic vertebrae,0.78515625,1,Qwen3-VL-8B-Instruct-frugalVL
degenerative change in thor,degenerative change in thoracic vertebrae,0.875,1,Qwen3-VL-8B-Instruct-frugalVL
degenerative change in thor,degenerative change in thoracic vertebrae,0.6953125,0,Qwen3-VL-8B-Instruct-frugalVL
degenerative change in thor,degenerative change in thoracic vertebrae,0.98046875,1,Qwen3-VL-8B-Instruct-frugalVL
degenerative change in thor,degenerative change in thoracic vertebrae,0.87109375,1,Qwen3-VL-8B-Instruct-frugalVL
pulmonary atelectasis,patchy opacity in opacity,0.1787109375,0,Qwen3-VL-8B-Instruct-frugalVL
pulmonary atelectasis,patchy opacity in opacity,0.92578125,1,Qwen3-VL-8B-Instruct-frugalVL
pulmonary atelectasis,patchy opacity in opacity,0.2470703125,0,Qwen3-VL-8B-Instruct-frugalVL
pulmonary atelectasis,patchy opacity in opacity,0.125,1,Qwen3-VL-8B-Instruct-frugalVL
pulmonary atelectasis,patchy opacity in opacity,0.416015625,0,Qwen3-VL-8B-Instruct-frugalVL
decal,calcinosis,0.09765625,0,Qwen3-VL-8B-Instruct-frugalVL
decal,calcinosis,0.09521484375,0,Qwen3-VL-8B-Instruct-frugalVL
decal,calcinosis,0.0294189453125,0,Qwen3-VL-8B-Instruct-frugalVL
degenerative change in thor,degenerative change in thoracic vertebrae,0.142578125,0,Qwen3-VL-8B-Instruct-frugalVL
degenerative change in thor,degenerative change in thoracic vertebrae,0.09765625,0,Qwen3-VL-8B-Instruct-frugalVL
degenerative change in thor,degenerative change in thoracic vertebrae,0.98046875,1,Qwen3-VL-8B-Instruct-frugalVL
degenerative change in thor,degenerative change in thoracic vertebrae,0.828125,1,Qwen3-VL-8B-Instruct-frugalVL
degenerative change in thor,degenerative change in thoracic vertebrae,0.94140625,1,Qwen3-VL-8B-Instruct-frugalVL
degenerative change in thor,degenerative change in thoracic vertebrae,0.78515625,1,Qwen3-VL-8B-Instruct-frugalVL
degenerative change in thor,degenerative change in thoracic vertebrae,0.875,1,Qwen3-VL-8B-Instruct-frugalVL
degenerative change in thor,degenerative change in thoracic vertebrae,0.6953125,0,Qwen3-VL-8B-Instruct-frugalVL
degenerative change in thor,degenerative change in thoracic vertebrae,0.98046875,1,Qwen3-VL-8B-Instruct-frugalVL
degenerative change in thor,degenerative change in thoracic vertebrae,0.87109375,1,Qwen3-VL-8B-Instruct-frugalVL
normal,normal,0.0157470703125,0,Qwen3-VL-8B-Instruct-frugalVL
surgical procedure,cicatrix,0.1220703125,0,Qwen3-VL-8B-Instruct-frugalVL
surgical procedure,cicatrix,0.2001953125,0,Qwen3-VL-8B-Instruct-frugalVL
surgical procedure,cicatrix,0.052978515625,0,Qwen3-VL-8B-Instruct-frugalVL
spine,spondylosis,0.2060546875,0,Qwen3-VL-8B-Instruct-frugalVL
spine,spondylosis,0.103515625,0,Qwen3-VL-8B-Instruct-frugalVL
spine,spondylosis,0.267578125,0,Qwen3-VL-8B-Instruct-frugalVL
spine,spondylosis,1.0,0,Qwen3-VL-8B-Instruct-frugalVL
spine,spondylosis,0.1943359375,0,Qwen3-VL-8B-Instruct-frugalVL
diaphragmatic eventration,diaphragmatic eventration,0.30859375,0,Qwen3-VL-8B-Instruct-frugalVL
diaphragmatic eventration,diaphragmatic eventration,0.95703125,1,Qwen3-VL-8B-Instruct-frugalVL
diaphragmatic eventration,diaphragmatic eventration,0.97265625,1,Qwen3-VL-8B-Instruct-frugalVL
diaphragmatic eventration,diaphragmatic eventration,0.859375,1,Qwen3-VL-8B-Instruct-frugalVL
diaphragmatic eventration,diaphragmatic eventration,0.94140625,1,Qwen3-VL-8B-Instruct-frugalVL
"pulmonary disease, chronic obstruct",lung hyperdistention in lung,1.0,0,Qwen3-VL-8B-Instruct-frugalVL
"pulmonary disease, chronic obstruct",lung hyperdistention in lung,0.6015625,0,Qwen3-VL-8B-Instruct-frugalVL
"pulmonary disease, chronic obstruct",lung hyperdistention in lung,0.86328125,0,Qwen3-VL-8B-Instruct-frugalVL
"pulmonary disease, chronic obstruct",lung hyperdistention in lung,0.875,1,Qwen3-VL-8B-Instruct-frugalVL
"pulmonary disease, chronic obstruct",lung hyperdistention in lung,0.6328125,0,Qwen3-VL-8B-Instruct-frugalVL
"pulmonary disease, chronic obstruct",lung hyperdistention in lung,0.0908203125,0,Qwen3-VL-8B-Instruct-frugalVL
normal,normal,0.0157470703125,0,Qwen3-VL-8B-Instruct-frugalVL
normal,normal,0.0157470703125,0,Qwen3-VL-8B-Instruct-frugalVL
cardiomegaly,cardiomegaly,0.671875,0,Qwen3-VL-8B-Instruct-frugalVL
cardiomegaly,cardiomegaly,0.734375,0,Qwen3-VL-8B-Instruct-frugalVL
cardiomegaly,cardiomegaly,0.75390625,0,Qwen3-VL-8B-Instruct-frugalVL
cardiomegaly,cardiomegaly,0.94140625,0,Qwen3-VL-8B-Instruct-frugalVL
cardiomegaly,cardiomegaly,0.126953125,0,Qwen3-VL-8B-Instruct-frugalVL
"pulmonary disease, chronic obstruct",lung hyperdistention in lung,1.0,0,Qwen3-VL-8B-Instruct-frugalVL
"pulmonary disease, chronic obstruct",lung hyperdistention in lung,0.6015625,0,Qwen3-VL-8B-Instruct-frugalVL
"pulmonary disease, chronic obstruct",lung hyperdistention in lung,0.86328125,0,Qwen3-VL-8B-Instruct-frugalVL
"pulmonary disease, chronic obstruct",lung hyperdistention in lung,0.875,1,Qwen3-VL-8B-Instruct-frugalVL
"pulmonary disease, chronic obstruct",lung hyperdistention in lung,0.6328125,0,Qwen3-VL-8B-Instruct-frugalVL
"pulmonary disease, chronic obstruct",lung hyperdistention in lung,0.0908203125,0,Qwen3-VL-8B-Instruct-frugalVL
normal,normal,0.0157470703125,0,Qwen3-VL-8B-Instruct-frugalVL
cardiomegaly,normal,0.06787109375,0,Qwen3-VL-8B-Instruct-frugalVL
normal,normal,0.0157470703125,0,Qwen3-VL-8B-Instruct-frugalVL
calcinosis,scoliosis,0.1748046875,0,Qwen3-VL-8B-Instruct-frugalVL
calcinosis,scoliosis,0.67578125,0,Qwen3-VL-8B-Instruct-frugalVL
calcinosis,scoliosis,0.2109375,0,Qwen3-VL-8B-Instruct-frugalVL
cardiomegaly,surgical instruments,0.1630859375,0,Qwen3-VL-8B-Instruct-frugalVL
cardiomegaly,surgical instruments,0.2041015625,0,Qwen3-VL-8B-Instruct-frugalVL
cardiomegaly,surgical instruments,0.146484375,0,Qwen3-VL-8B-Instruct-frugalVL
osteophyte,osteophyte,0.09423828125,0,Qwen3-VL-8B-Instruct-frugalVL
osteophyte,osteophyte,0.69921875,1,Qwen3-VL-8B-Instruct-frugalVL
osteophyte,osteophyte,0.984375,1,Qwen3-VL-8B-Instruct-frugalVL
calcinosis,calcinosis,0.11328125,0,Qwen3-VL-8B-Instruct-frugalVL
calcinosis,calcinosis,0.2294921875,0,Qwen3-VL-8B-Instruct-frugalVL
calcinosis,calcinosis,0.2734375,0,Qwen3-VL-8B-Instruct-frugalVL
surgical instruments,surgical instruments,0.2314453125,0,Qwen3-VL-8B-Instruct-frugalVL
surgical instruments,surgical instruments,0.1435546875,1,Qwen3-VL-8B-Instruct-frugalVL
surgical instruments,surgical instruments,0.56640625,1,Qwen3-VL-8B-Instruct-frugalVL
pulmonary emphysema,pulmonary emphysema,0.09619140625,0,Qwen3-VL-8B-Instruct-frugalVL
pulmonary emphysema,pulmonary emphysema,0.99609375,0,Qwen3-VL-8B-Instruct-frugalVL
pulmonary emphysema,pulmonary emphysema,0.953125,0,Qwen3-VL-8B-Instruct-frugalVL
pulmonary emphysema,pulmonary emphysema,0.98828125,0,Qwen3-VL-8B-Instruct-frugalVL
pulmonary emphysema,pulmonary emphysema,0.99609375,0,Qwen3-VL-8B-Instruct-frugalVL
pulmonary emphysema,pulmonary emphysema,0.765625,0,Qwen3-VL-8B-Instruct-frugalVL
pulmonary emphysema,pulmonary emphysema,0.1650390625,0,Qwen3-VL-8B-Instruct-frugalVL
pulmonary nodule,pulmonary nodule,0.09619140625,0,Qwen3-VL-8B-Instruct-frugalVL
pulmonary nodule,pulmonary nodule,0.90625,1,Qwen3-VL-8B-Instruct-frugalVL
pulmonary nodule,pulmonary nodule,0.98828125,1,Qwen3-VL-8B-Instruct-frugalVL
pulmonary nodule,pulmonary nodule,0.609375,1,Qwen3-VL-8B-Instruct-frugalVL
pulmonary nodule,pulmonary nodule,1.0,1,Qwen3-VL-8B-Instruct-frugalVL
normal,normal,0.0157470703125,0,Qwen3-VL-8B-Instruct-frugalVL
small opacity in n,small opacity in nodule,0.2021484375,0,Qwen3-VL-8B-Instruct-frugalVL
small opacity in n,small opacity in nodule,0.0859375,0,Qwen3-VL-8B-Instruct-frugalVL
small opacity in n,small opacity in nodule,0.37109375,1,Qwen3-VL-8B-Instruct-frugalVL
small opacity in n,small opacity in nodule,0.48046875,1,Qwen3-VL-8B-Instruct-frugalVL
small opacity in n,small opacity in nodule,0.640625,0,Qwen3-VL-8B-Instruct-frugalVL
prominent interstitial opacity c,cysts,0.1083984375,0,Qwen3-VL-8B-Instruct-frugalVL
prominent interstitial opacity c,cysts,0.1787109375,0,Qwen3-VL-8B-Instruct-frugalVL
"fractures, bone fragments","fractures, bone",0.9140625,0,Qwen3-VL-8B-Instruct-frugalVL
"fractures, bone fragments","fractures, bone",0.99609375,1,Qwen3-VL-8B-Instruct-frugalVL
"fractures, bone fragments","fractures, bone",0.921875,1,Qwen3-VL-8B-Instruct-frugalVL
"fractures, bone fragments","fractures, bone",0.8203125,1,Qwen3-VL-8B-Instruct-frugalVL
"fractures, bone fragments","fractures, bone",0.71875,1,Qwen3-VL-8B-Instruct-frugalVL
diaphragmatic eventration,diaphragmatic eventration,0.30859375,0,Qwen3-VL-8B-Instruct-frugalVL
diaphragmatic eventration,diaphragmatic eventration,0.95703125,1,Qwen3-VL-8B-Instruct-frugalVL
diaphragmatic eventration,diaphragmatic eventration,0.97265625,1,Qwen3-VL-8B-Instruct-frugalVL
diaphragmatic eventration,diaphragmatic eventration,0.859375,1,Qwen3-VL-8B-Instruct-frugalVL
diaphragmatic eventration,diaphragmatic eventration,0.94140625,1,Qwen3-VL-8B-Instruct-frugalVL
normal,normal,0.0157470703125,0,Qwen3-VL-8B-Instruct-frugalVL
degenerative change,degenerative change in thoracic vertebrae,0.2158203125,0,Qwen3-VL-8B-Instruct-frugalVL
degenerative change,degenerative change in thoracic vertebrae,0.61328125,0,Qwen3-VL-8B-Instruct-frugalVL
degenerative change,degenerative change in thoracic vertebrae,0.55859375,0,Qwen3-VL-8B-Instruct-frugalVL
degenerative change,degenerative change in thoracic vertebrae,0.27734375,0,Qwen3-VL-8B-Instruct-frugalVL
degenerative change,degenerative change in thoracic vertebrae,0.62109375,0,Qwen3-VL-8B-Instruct-frugalVL
degenerative change,degenerative change in thoracic vertebrae,0.88671875,0,Qwen3-VL-8B-Instruct-frugalVL
degenerative change,degenerative change in thoracic vertebrae,0.80078125,0,Qwen3-VL-8B-Instruct-frugalVL
degenerative change,degenerative change in thoracic vertebrae,0.8828125,0,Qwen3-VL-8B-Instruct-frugalVL
degenerative change,degenerative change in thoracic vertebrae,0.796875,0,Qwen3-VL-8B-Instruct-frugalVL
degenerative change,degenerative change in thoracic vertebrae,0.28125,0,Qwen3-VL-8B-Instruct-frugalVL
scarring,cicatrix,0.1728515625,0,Qwen3-VL-8B-Instruct-frugalVL
scarring,cicatrix,0.3984375,0,Qwen3-VL-8B-Instruct-frugalVL
scarring,cicatrix,0.08984375,0,Qwen3-VL-8B-Instruct-frugalVL
cardiomegaly,implanted medical device,0.1630859375,0,Qwen3-VL-8B-Instruct-frugalVL
cardiomegaly,implanted medical device,0.80078125,0,Qwen3-VL-8B-Instruct-frugalVL
cardiomegaly,implanted medical device,0.208984375,0,Qwen3-VL-8B-Instruct-frugalVL
cardiomegaly,implanted medical device,0.63671875,1,Qwen3-VL-8B-Instruct-frugalVL
normal,normal,0.0157470703125,0,Qwen3-VL-8B-Instruct-frugalVL
chronic lung disease,emphysema,0.275390625,0,Qwen3-VL-8B-Instruct-frugalVL
chronic lung disease,emphysema,0.57421875,1,Qwen3-VL-8B-Instruct-frugalVL
chronic lung disease,emphysema,0.94921875,1,Qwen3-VL-8B-Instruct-frugalVL
chronic lung disease,emphysema,0.94140625,1,Qwen3-VL-8B-Instruct-frugalVL
normal,normal,0.0157470703125,0,Qwen3-VL-8B-Instruct-frugalVL
degenerative change in spine,arthritis,0.197265625,0,Qwen3-VL-8B-Instruct-frugalVL
degenerative change in spine,arthritis,0.046142578125,0,Qwen3-VL-8B-Instruct-frugalVL
pulmonary edema,cardiomegaly,0.1376953125,0,Qwen3-VL-8B-Instruct-frugalVL
pulmonary edema,cardiomegaly,0.05322265625,0,Qwen3-VL-8B-Instruct-frugalVL
pulmonary edema,cardiomegaly,0.33203125,1,Qwen3-VL-8B-Instruct-frugalVL
pulmonary edema,cardiomegaly,0.96484375,1,Qwen3-VL-8B-Instruct-frugalVL
pulmonary edema,cardiomegaly,0.984375,1,Qwen3-VL-8B-Instruct-frugalVL
normal,normal,0.0157470703125,0,Qwen3-VL-8B-Instruct-frugalVL
diaphragmatic eventration,diaphragmatic eventration,0.30859375,0,Qwen3-VL-8B-Instruct-frugalVL
diaphragmatic eventration,diaphragmatic eventration,0.95703125,1,Qwen3-VL-8B-Instruct-frugalVL
diaphragmatic eventration,diaphragmatic eventration,0.97265625,1,Qwen3-VL-8B-Instruct-frugalVL
diaphragmatic eventration,diaphragmatic eventration,0.859375,1,Qwen3-VL-8B-Instruct-frugalVL
diaphragmatic eventration,diaphragmatic eventration,0.94140625,1,Qwen3-VL-8B-Instruct-frugalVL
pulmonary consolidation,pneumonia,0.15625,0,Qwen3-VL-8B-Instruct-frugalVL
pulmonary consolidation,pneumonia,0.91796875,0,Qwen3-VL-8B-Instruct-frugalVL
pulmonary consolidation,pneumonia,0.99609375,1,Qwen3-VL-8B-Instruct-frugalVL
pulmonary consolidation,pneumonia,0.77734375,1,Qwen3-VL-8B-Instruct-frugalVL
normal,normal,0.0157470703125,0,Qwen3-VL-8B-Instruct-frugalVL
pleural effusion,pleural effusion,0.2412109375,0,Qwen3-VL-8B-Instruct-frugalVL
pleural effusion,pleural effusion,0.953125,1,Qwen3-VL-8B-Instruct-frugalVL
pleural effusion,pleural effusion,0.9765625,1,Qwen3-VL-8B-Instruct-frugalVL
pleural effusion,pleural effusion,0.921875,1,Qwen3-VL-8B-Instruct-frugalVL
"fractures, bone fragments","fractures, bone",0.9140625,0,Qwen3-VL-8B-Instruct-frugalVL
"fractures, bone fragments","fractures, bone",0.99609375,1,Qwen3-VL-8B-Instruct-frugalVL
"fractures, bone fragments","fractures, bone",0.921875,1,Qwen3-VL-8B-Instruct-frugalVL
"fractures, bone fragments","fractures, bone",0.8203125,1,Qwen3-VL-8B-Instruct-frugalVL
"fractures, bone fragments","fractures, bone",0.71875,1,Qwen3-VL-8B-Instruct-frugalVL
normal,medical device in thorax,0.0157470703125,0,Qwen3-VL-8B-Instruct-frugalVL
normal,medical device in thorax,0.03955078125,0,Qwen3-VL-8B-Instruct-frugalVL
normal,medical device in thorax,0.046142578125,0,Qwen3-VL-8B-Instruct-frugalVL
normal,medical device in thorax,0.251953125,0,Qwen3-VL-8B-Instruct-frugalVL
normal,medical device in thorax,0.435546875,0,Qwen3-VL-8B-Instruct-frugalVL
tortuous vessel,tortuous vessel in aorta,0.15234375,0,Qwen3-VL-8B-Instruct-frugalVL
tortuous vessel,tortuous vessel in aorta,0.13671875,0,Qwen3-VL-8B-Instruct-frugalVL
tortuous vessel,tortuous vessel in aorta,0.7109375,1,Qwen3-VL-8B-Instruct-frugalVL
tortuous vessel,tortuous vessel in aorta,0.310546875,1,Qwen3-VL-8B-Instruct-frugalVL
tortuous vessel,tortuous vessel in aorta,0.09814453125,0,Qwen3-VL-8B-Instruct-frugalVL
tortuous vessel,tortuous vessel in aorta,0.390625,0,Qwen3-VL-8B-Instruct-frugalVL
tortuous vessel,tortuous vessel in aorta,0.318359375,1,Qwen3-VL-8B-Instruct-frugalVL
calcinosis,calcinosis,0.11328125,0,Qwen3-VL-8B-Instruct-frugalVL
calcinosis,calcinosis,0.2294921875,0,Qwen3-VL-8B-Instruct-frugalVL
calcinosis,calcinosis,0.2734375,0,Qwen3-VL-8B-Instruct-frugalVL
degenerative change in thor,degenerative change in thoracic vertebrae,0.142578125,0,Qwen3-VL-8B-Instruct-frugalVL
degenerative change in thor,degenerative change in thoracic vertebrae,0.09765625,0,Qwen3-VL-8B-Instruct-frugalVL
degenerative change in thor,degenerative change in thoracic vertebrae,0.98046875,1,Qwen3-VL-8B-Instruct-frugalVL
degenerative change in thor,degenerative change in thoracic vertebrae,0.828125,1,Qwen3-VL-8B-Instruct-frugalVL
degenerative change in thor,degenerative change in thoracic vertebrae,0.94140625,1,Qwen3-VL-8B-Instruct-frugalVL
degenerative change in thor,degenerative change in thoracic vertebrae,0.78515625,1,Qwen3-VL-8B-Instruct-frugalVL
degenerative change in thor,degenerative change in thoracic vertebrae,0.875,1,Qwen3-VL-8B-Instruct-frugalVL
degenerative change in thor,degenerative change in thoracic vertebrae,0.6953125,0,Qwen3-VL-8B-Instruct-frugalVL
degenerative change in thor,degenerative change in thoracic vertebrae,0.98046875,1,Qwen3-VL-8B-Instruct-frugalVL
degenerative change in thor,degenerative change in thoracic vertebrae,0.87109375,1,Qwen3-VL-8B-Instruct-frugalVL
pulmonary interstitial disease,spondylosis,0.158203125,0,Qwen3-VL-8B-Instruct-frugalVL
pulmonary interstitial disease,spondylosis,0.3671875,0,Qwen3-VL-8B-Instruct-frugalVL
pulmonary interstitial disease,spondylosis,0.55078125,0,Qwen3-VL-8B-Instruct-frugalVL
pulmonary interstitial disease,spondylosis,0.97265625,0,Qwen3-VL-8B-Instruct-frugalVL
pulmonary interstitial disease,spondylosis,0.12060546875,0,Qwen3-VL-8B-Instruct-frugalVL
degenerative change in thor,degenerative change in thoracic vertebrae,0.142578125,0,Qwen3-VL-8B-Instruct-frugalVL
degenerative change in thor,degenerative change in thoracic vertebrae,0.09765625,0,Qwen3-VL-8B-Instruct-frugalVL
degenerative change in thor,degenerative change in thoracic vertebrae,0.98046875,1,Qwen3-VL-8B-Instruct-frugalVL
degenerative change in thor,degenerative change in thoracic vertebrae,0.828125,1,Qwen3-VL-8B-Instruct-frugalVL
degenerative change in thor,degenerative change in thoracic vertebrae,0.94140625,1,Qwen3-VL-8B-Instruct-frugalVL
degenerative change in thor,degenerative change in thoracic vertebrae,0.78515625,1,Qwen3-VL-8B-Instruct-frugalVL
degenerative change in thor,degenerative change in thoracic vertebrae,0.875,1,Qwen3-VL-8B-Instruct-frugalVL
degenerative change in thor,degenerative change in thoracic vertebrae,0.6953125,0,Qwen3-VL-8B-Instruct-frugalVL
degenerative change in thor,degenerative change in thoracic vertebrae,0.98046875,1,Qwen3-VL-8B-Instruct-frugalVL
degenerative change in thor,degenerative change in thoracic vertebrae,0.87109375,1,Qwen3-VL-8B-Instruct-frugalVL
streaky opacity in lung,streaky opacity in opacity,0.2421875,0,Qwen3-VL-8B-Instruct-frugalVL
streaky opacity in lung,streaky opacity in opacity,0.173828125,0,Qwen3-VL-8B-Instruct-frugalVL
streaky opacity in lung,streaky opacity in opacity,0.99609375,1,Qwen3-VL-8B-Instruct-frugalVL
streaky opacity in lung,streaky opacity in opacity,0.86328125,1,Qwen3-VL-8B-Instruct-frugalVL
streaky opacity in lung,streaky opacity in opacity,0.84765625,1,Qwen3-VL-8B-Instruct-frugalVL
streaky opacity in lung,streaky opacity in opacity,0.703125,0,Qwen3-VL-8B-Instruct-frugalVL
calcinosis,calcified granuloma,0.11474609375,0,Qwen3-VL-8B-Instruct-frugalVL
calcinosis,calcified granuloma,0.09521484375,0,Qwen3-VL-8B-Instruct-frugalVL
calcinosis,calcified granuloma,0.2119140625,0,Qwen3-VL-8B-Instruct-frugalVL
calcinosis,calcified granuloma,0.9375,1,Qwen3-VL-8B-Instruct-frugalVL
calcinosis,calcified granuloma,0.61328125,1,Qwen3-VL-8B-Instruct-frugalVL
pulmonary atelectasis,pulmonary atelectasis,0.1787109375,0,Qwen3-VL-8B-Instruct-frugalVL
pulmonary atelectasis,pulmonary atelectasis,0.9296875,1,Qwen3-VL-8B-Instruct-frugalVL
pulmonary atelectasis,pulmonary atelectasis,0.9921875,1,Qwen3-VL-8B-Instruct-frugalVL
pulmonary atelectasis,pulmonary atelectasis,0.890625,1,Qwen3-VL-8B-Instruct-frugalVL
pulmonary atelectasis,pulmonary atelectasis,1.0,1,Qwen3-VL-8B-Instruct-frugalVL
pulmonary atelectasis,pulmonary atelectasis,0.9375,1,Qwen3-VL-8B-Instruct-frugalVL
normal,normal,0.0157470703125,0,Qwen3-VL-8B-Instruct-frugalVL
scoliosis,scoliosis,1.0,0,Qwen3-VL-8B-Instruct-frugalVL
scoliosis,scoliosis,0.25390625,0,Qwen3-VL-8B-Instruct-frugalVL
scoliosis,scoliosis,0.4375,1,Qwen3-VL-8B-Instruct-frugalVL
lung hypoinflation in lung,lung hypoinflation in lung,0.0810546875,0,Qwen3-VL-8B-Instruct-frugalVL
lung hypoinflation in lung,lung hypoinflation in lung,0.1982421875,1,Qwen3-VL-8B-Instruct-frugalVL
lung hypoinflation in lung,lung hypoinflation in lung,0.87890625,1,Qwen3-VL-8B-Instruct-frugalVL
lung hypoinflation in lung,lung hypoinflation in lung,1.0,1,Qwen3-VL-8B-Instruct-frugalVL
lung hypoinflation in lung,lung hypoinflation in lung,0.77734375,1,Qwen3-VL-8B-Instruct-frugalVL
lung hypoinflation in lung,lung hypoinflation in lung,0.75,1,Qwen3-VL-8B-Instruct-frugalVL
normal,normal,0.0157470703125,0,Qwen3-VL-8B-Instruct-frugalVL
cardiomegaly,cardiomegaly,0.671875,0,Qwen3-VL-8B-Instruct-frugalVL
cardiomegaly,cardiomegaly,0.734375,0,Qwen3-VL-8B-Instruct-frugalVL
cardiomegaly,cardiomegaly,0.75390625,0,Qwen3-VL-8B-Instruct-frugalVL
cardiomegaly,cardiomegaly,0.94140625,0,Qwen3-VL-8B-Instruct-frugalVL
cardiomegaly,cardiomegaly,0.126953125,0,Qwen3-VL-8B-Instruct-frugalVL
normal,normal,0.0157470703125,0,Qwen3-VL-8B-Instruct-frugalVL
normal,normal,0.0157470703125,0,Qwen3-VL-8B-Instruct-frugalVL
cicatrix,streaky opacity in opacity,0.2265625,0,Qwen3-VL-8B-Instruct-frugalVL
cicatrix,streaky opacity in opacity,0.10009765625,0,Qwen3-VL-8B-Instruct-frugalVL
cicatrix,streaky opacity in opacity,0.11474609375,0,Qwen3-VL-8B-Instruct-frugalVL
cicatrix,streaky opacity in opacity,0.0654296875,0,Qwen3-VL-8B-Instruct-frugalVL
cicatrix,streaky opacity in opacity,0.1591796875,0,Qwen3-VL-8B-Instruct-frugalVL
cicatrix,streaky opacity in opacity,0.259765625,0,Qwen3-VL-8B-Instruct-frugalVL
normal,normal,0.0157470703125,0,Qwen3-VL-8B-Instruct-frugalVL
degenerative change in spine,degenerative change in spine,0.53125,0,Qwen3-VL-8B-Instruct-frugalVL
degenerative change in spine,degenerative change in spine,0.08251953125,0,Qwen3-VL-8B-Instruct-frugalVL
degenerative change in spine,degenerative change in spine,0.80859375,0,Qwen3-VL-8B-Instruct-frugalVL
degenerative change in spine,degenerative change in spine,0.4296875,1,Qwen3-VL-8B-Instruct-frugalVL
degenerative change in spine,degenerative change in spine,0.91796875,1,Qwen3-VL-8B-Instruct-frugalVL
degenerative change in spine,degenerative change in spine,0.453125,0,Qwen3-VL-8B-Instruct-frugalVL
normal,normal,0.0157470703125,0,Qwen3-VL-8B-Instruct-frugalVL
calcinosis,calcinosis,0.11328125,0,Qwen3-VL-8B-Instruct-frugalVL
calcinosis,calcinosis,0.2294921875,0,Qwen3-VL-8B-Instruct-frugalVL
calcinosis,calcinosis,0.2734375,0,Qwen3-VL-8B-Instruct-frugalVL
surgical procedure,surgical instruments,0.2197265625,0,Qwen3-VL-8B-Instruct-frugalVL
surgical procedure,surgical instruments,0.50390625,0,Qwen3-VL-8B-Instruct-frugalVL
surgical procedure,surgical instruments,0.130859375,0,Qwen3-VL-8B-Instruct-frugalVL
osteophyte,granuloma,0.09423828125,0,Qwen3-VL-8B-Instruct-frugalVL
osteophyte,granuloma,0.126953125,0,Qwen3-VL-8B-Instruct-frugalVL
osteophyte,granuloma,0.34765625,0,Qwen3-VL-8B-Instruct-frugalVL
calcinosis,"tortuous vessel in aorta, thoracic",0.1748046875,0,Qwen3-VL-8B-Instruct-frugalVL
calcinosis,"tortuous vessel in aorta, thoracic",0.2431640625,0,Qwen3-VL-8B-Instruct-frugalVL
calcinosis,"tortuous vessel in aorta, thoracic",0.046875,0,Qwen3-VL-8B-Instruct-frugalVL
calcinosis,"tortuous vessel in aorta, thoracic",0.12890625,0,Qwen3-VL-8B-Instruct-frugalVL
calcinosis,"tortuous vessel in aorta, thoracic",0.2265625,0,Qwen3-VL-8B-Instruct-frugalVL
calcinosis,"tortuous vessel in aorta, thoracic",0.57421875,0,Qwen3-VL-8B-Instruct-frugalVL
calcinosis,"tortuous vessel in aorta, thoracic",0.2060546875,0,Qwen3-VL-8B-Instruct-frugalVL
calcinosis,"tortuous vessel in aorta, thoracic",0.060791015625,0,Qwen3-VL-8B-Instruct-frugalVL
calcinosis,"tortuous vessel in aorta, thoracic",0.9375,0,Qwen3-VL-8B-Instruct-frugalVL
calcinosis,"tortuous vessel in aorta, thoracic",0.921875,0,Qwen3-VL-8B-Instruct-frugalVL
normal,normal,0.0157470703125,0,Qwen3-VL-8B-Instruct-frugalVL
normal,normal,0.0157470703125,0,Qwen3-VL-8B-Instruct-frugalVL
"pulmonary disease, chronic obstruct","lung, hyperlucent",1.0,0,Qwen3-VL-8B-Instruct-frugalVL
"pulmonary disease, chronic obstruct","lung, hyperlucent",0.57421875,0,Qwen3-VL-8B-Instruct-frugalVL
"pulmonary disease, chronic obstruct","lung, hyperlucent",0.140625,0,Qwen3-VL-8B-Instruct-frugalVL
"pulmonary disease, chronic obstruct","lung, hyperlucent",0.8828125,0,Qwen3-VL-8B-Instruct-frugalVL
calcinosis,calcinosis,0.11328125,0,Qwen3-VL-8B-Instruct-frugalVL
calcinosis,calcinosis,0.2294921875,0,Qwen3-VL-8B-Instruct-frugalVL
calcinosis,calcinosis,0.2734375,0,Qwen3-VL-8B-Instruct-frugalVL
normal,normal,0.0157470703125,0,Qwen3-VL-8B-Instruct-frugalVL
normal,normal,0.0157470703125,0,Qwen3-VL-8B-Instruct-frugalVL
normal,normal,0.0157470703125,0,Qwen3-VL-8B-Instruct-frugalVL
normal,normal,0.0157470703125,0,Qwen3-VL-8B-Instruct-frugalVL
"pulmonary disease, chronic obstruct","lung, hyperlucent",1.0,0,Qwen3-VL-8B-Instruct-frugalVL
"pulmonary disease, chronic obstruct","lung, hyperlucent",0.57421875,0,Qwen3-VL-8B-Instruct-frugalVL
"pulmonary disease, chronic obstruct","lung, hyperlucent",0.140625,0,Qwen3-VL-8B-Instruct-frugalVL
"pulmonary disease, chronic obstruct","lung, hyperlucent",0.8828125,0,Qwen3-VL-8B-Instruct-frugalVL
normal,normal,0.0157470703125,0,Qwen3-VL-8B-Instruct-frugalVL
calcinosis,calcinosis,0.11328125,0,Qwen3-VL-8B-Instruct-frugalVL
calcinosis,calcinosis,0.2294921875,0,Qwen3-VL-8B-Instruct-frugalVL
calcinosis,calcinosis,0.2734375,0,Qwen3-VL-8B-Instruct-frugalVL
pulmonary emphysema,calcinosis,0.06689453125,0,Qwen3-VL-8B-Instruct-frugalVL
pulmonary emphysema,calcinosis,0.39453125,0,Qwen3-VL-8B-Instruct-frugalVL
pulmonary emphysema,calcinosis,0.404296875,1,Qwen3-VL-8B-Instruct-frugalVL
atherosclerosis,atherosclerosis,0.224609375,0,Qwen3-VL-8B-Instruct-frugalVL
atherosclerosis,atherosclerosis,0.87890625,1,Qwen3-VL-8B-Instruct-frugalVL
atherosclerosis,atherosclerosis,0.7890625,1,Qwen3-VL-8B-Instruct-frugalVL
lucency in lung,"lung, hyperlucent",0.125,0,Qwen3-VL-8B-Instruct-frugalVL
lucency in lung,"lung, hyperlucent",0.12109375,1,Qwen3-VL-8B-Instruct-frugalVL
lucency in lung,"lung, hyperlucent",0.11474609375,0,Qwen3-VL-8B-Instruct-frugalVL
lucency in lung,"lung, hyperlucent",0.765625,0,Qwen3-VL-8B-Instruct-frugalVL
cardiomegaly,cardiomegaly,0.671875,0,Qwen3-VL-8B-Instruct-frugalVL
cardiomegaly,cardiomegaly,0.734375,0,Qwen3-VL-8B-Instruct-frugalVL
cardiomegaly,cardiomegaly,0.75390625,0,Qwen3-VL-8B-Instruct-frugalVL
cardiomegaly,cardiomegaly,0.94140625,0,Qwen3-VL-8B-Instruct-frugalVL
cardiomegaly,cardiomegaly,0.126953125,0,Qwen3-VL-8B-Instruct-frugalVL
normal,normal,0.0157470703125,0,Qwen3-VL-8B-Instruct-frugalVL
lung hypoinflation in em,lung hypoinflation in lung,1.0,0,Qwen3-VL-8B-Instruct-frugalVL
lung hypoinflation in em,lung hypoinflation in lung,0.10400390625,0,Qwen3-VL-8B-Instruct-frugalVL
lung hypoinflation in em,lung hypoinflation in lung,0.41796875,1,Qwen3-VL-8B-Instruct-frugalVL
lung hypoinflation in em,lung hypoinflation in lung,0.98828125,1,Qwen3-VL-8B-Instruct-frugalVL
lung hypoinflation in em,lung hypoinflation in lung,0.52734375,1,Qwen3-VL-8B-Instruct-frugalVL
lung hypoinflation in em,lung hypoinflation in lung,0.96875,0,Qwen3-VL-8B-Instruct-frugalVL
pulmonary atelectasis,cardiomegaly,0.29296875,0,Qwen3-VL-8B-Instruct-frugalVL
pulmonary atelectasis,cardiomegaly,0.2314453125,0,Qwen3-VL-8B-Instruct-frugalVL
pulmonary atelectasis,cardiomegaly,0.65625,1,Qwen3-VL-8B-Instruct-frugalVL
pulmonary atelectasis,cardiomegaly,1.0,1,Qwen3-VL-8B-Instruct-frugalVL
pulmonary atelectasis,cardiomegaly,0.98046875,1,Qwen3-VL-8B-Instruct-frugalVL
normal,normal,0.0157470703125,0,Qwen3-VL-8B-Instruct-frugalVL
normal,normal,0.0157470703125,0,Qwen3-VL-8B-Instruct-frugalVL
normal,normal,0.0157470703125,0,Qwen3-VL-8B-Instruct-frugalVL
normal,normal,0.0157470703125,0,Qwen3-VL-8B-Instruct-frugalVL
cardiomegaly,cardiomegaly,0.671875,0,Qwen3-VL-8B-Instruct-frugalVL
cardiomegaly,cardiomegaly,0.734375,0,Qwen3-VL-8B-Instruct-frugalVL
cardiomegaly,cardiomegaly,0.75390625,0,Qwen3-VL-8B-Instruct-frugalVL
cardiomegaly,cardiomegaly,0.94140625,0,Qwen3-VL-8B-Instruct-frugalVL
cardiomegaly,cardiomegaly,0.126953125,0,Qwen3-VL-8B-Instruct-frugalVL
normal,normal,0.0157470703125,0,Qwen3-VL-8B-Instruct-frugalVL
tortuous vessel in a,"tortuous vessel in aorta, thoracic",0.5390625,0,Qwen3-VL-8B-Instruct-frugalVL
tortuous vessel in a,"tortuous vessel in aorta, thoracic",0.302734375,0,Qwen3-VL-8B-Instruct-frugalVL
tortuous vessel in a,"tortuous vessel in aorta, thoracic",0.47265625,0,Qwen3-VL-8B-Instruct-frugalVL
tortuous vessel in a,"tortuous vessel in aorta, thoracic",0.890625,0,Qwen3-VL-8B-Instruct-frugalVL
tortuous vessel in a,"tortuous vessel in aorta, thoracic",0.466796875,0,Qwen3-VL-8B-Instruct-frugalVL
tortuous vessel in a,"tortuous vessel in aorta, thoracic",0.296875,0,Qwen3-VL-8B-Instruct-frugalVL
tortuous vessel in a,"tortuous vessel in aorta, thoracic",0.2578125,0,Qwen3-VL-8B-Instruct-frugalVL
tortuous vessel in a,"tortuous vessel in aorta, thoracic",0.1337890625,0,Qwen3-VL-8B-Instruct-frugalVL
tortuous vessel in a,"tortuous vessel in aorta, thoracic",0.9453125,0,Qwen3-VL-8B-Instruct-frugalVL
tortuous vessel in a,"tortuous vessel in aorta, thoracic",0.83203125,0,Qwen3-VL-8B-Instruct-frugalVL
calcified granuloma,calcified granuloma,0.8984375,0,Qwen3-VL-8B-Instruct-frugalVL
calcified granuloma,calcified granuloma,0.21875,0,Qwen3-VL-8B-Instruct-frugalVL
calcified granuloma,calcified granuloma,0.3984375,0,Qwen3-VL-8B-Instruct-frugalVL
calcified granuloma,calcified granuloma,0.314453125,0,Qwen3-VL-8B-Instruct-frugalVL
calcified granuloma,calcified granuloma,1.0,0,Qwen3-VL-8B-Instruct-frugalVL
cardiomegaly,cardiomegaly,0.671875,0,Qwen3-VL-8B-Instruct-frugalVL
cardiomegaly,cardiomegaly,0.734375,0,Qwen3-VL-8B-Instruct-frugalVL
cardiomegaly,cardiomegaly,0.75390625,0,Qwen3-VL-8B-Instruct-frugalVL
cardiomegaly,cardiomegaly,0.94140625,0,Qwen3-VL-8B-Instruct-frugalVL
cardiomegaly,cardiomegaly,0.126953125,0,Qwen3-VL-8B-Instruct-frugalVL
normal,normal,0.0157470703125,0,Qwen3-VL-8B-Instruct-frugalVL
hernia,"hernia, hiatal",0.048583984375,0,Qwen3-VL-8B-Instruct-frugalVL
hernia,"hernia, hiatal",0.51953125,0,Qwen3-VL-8B-Instruct-frugalVL
hernia,"hernia, hiatal",0.16796875,0,Qwen3-VL-8B-Instruct-frugalVL
hernia,"hernia, hiatal",0.0869140625,0,Qwen3-VL-8B-Instruct-frugalVL
hernia,"hernia, hiatal",0.56640625,0,Qwen3-VL-8B-Instruct-frugalVL
hernia,"hernia, hiatal",0.8671875,0,Qwen3-VL-8B-Instruct-frugalVL
normal,normal,0.0157470703125,0,Qwen3-VL-8B-Instruct-frugalVL
pulmonary edema,pleural effusion,0.2451171875,0,Qwen3-VL-8B-Instruct-frugalVL
pulmonary edema,pleural effusion,0.2421875,0,Qwen3-VL-8B-Instruct-frugalVL
pulmonary edema,pleural effusion,0.9375,1,Qwen3-VL-8B-Instruct-frugalVL
pulmonary edema,pleural effusion,0.82421875,1,Qwen3-VL-8B-Instruct-frugalVL
pulmonary atelectasis,pulmonary atelectasis,0.1787109375,0,Qwen3-VL-8B-Instruct-frugalVL
pulmonary atelectasis,pulmonary atelectasis,0.9296875,1,Qwen3-VL-8B-Instruct-frugalVL
pulmonary atelectasis,pulmonary atelectasis,0.9921875,1,Qwen3-VL-8B-Instruct-frugalVL
pulmonary atelectasis,pulmonary atelectasis,0.890625,1,Qwen3-VL-8B-Instruct-frugalVL
pulmonary atelectasis,pulmonary atelectasis,1.0,1,Qwen3-VL-8B-Instruct-frugalVL
pulmonary atelectasis,pulmonary atelectasis,0.9375,1,Qwen3-VL-8B-Instruct-frugalVL
normal,normal,0.0157470703125,0,Qwen3-VL-8B-Instruct-frugalVL
tortuous vessel tortuous,diaphragmatic eventration,0.5,0,Qwen3-VL-8B-Instruct-frugalVL
tortuous vessel tortuous,diaphragmatic eventration,0.220703125,0,Qwen3-VL-8B-Instruct-frugalVL
tortuous vessel tortuous,diaphragmatic eventration,0.62890625,0,Qwen3-VL-8B-Instruct-frugalVL
tortuous vessel tortuous,diaphragmatic eventration,0.34375,0,Qwen3-VL-8B-Instruct-frugalVL
tortuous vessel tortuous,diaphragmatic eventration,0.9921875,1,Qwen3-VL-8B-Instruct-frugalVL
osteophyte,osteophyte,0.09423828125,0,Qwen3-VL-8B-Instruct-frugalVL
osteophyte,osteophyte,0.69921875,1,Qwen3-VL-8B-Instruct-frugalVL
osteophyte,osteophyte,0.984375,1,Qwen3-VL-8B-Instruct-frugalVL
atherosclerosis,atherosclerosis,0.224609375,0,Qwen3-VL-8B-Instruct-frugalVL
atherosclerosis,atherosclerosis,0.87890625,1,Qwen3-VL-8B-Instruct-frugalVL
atherosclerosis,atherosclerosis,0.7890625,1,Qwen3-VL-8B-Instruct-frugalVL
atherosclerosis,atherosclerosis,0.224609375,0,Qwen3-VL-8B-Instruct-frugalVL
atherosclerosis,atherosclerosis,0.87890625,1,Qwen3-VL-8B-Instruct-frugalVL
atherosclerosis,atherosclerosis,0.7890625,1,Qwen3-VL-8B-Instruct-frugalVL
streakiness,pleural effusion,0.09619140625,0,Qwen3-VL-8B-Instruct-frugalVL
streakiness,pleural effusion,0.373046875,0,Qwen3-VL-8B-Instruct-frugalVL
streakiness,pleural effusion,0.1337890625,0,Qwen3-VL-8B-Instruct-frugalVL
streakiness,pleural effusion,0.91015625,1,Qwen3-VL-8B-Instruct-frugalVL
osteophyte,granuloma,0.09423828125,0,Qwen3-VL-8B-Instruct-frugalVL
osteophyte,granuloma,0.126953125,0,Qwen3-VL-8B-Instruct-frugalVL
osteophyte,granuloma,0.34765625,0,Qwen3-VL-8B-Instruct-frugalVL
tortuous vessel in a,tortuous vessel in aorta,0.5390625,0,Qwen3-VL-8B-Instruct-frugalVL
tortuous vessel in a,tortuous vessel in aorta,0.3046875,0,Qwen3-VL-8B-Instruct-frugalVL
tortuous vessel in a,tortuous vessel in aorta,0.486328125,0,Qwen3-VL-8B-Instruct-frugalVL
tortuous vessel in a,tortuous vessel in aorta,0.89453125,0,Qwen3-VL-8B-Instruct-frugalVL
tortuous vessel in a,tortuous vessel in aorta,0.455078125,0,Qwen3-VL-8B-Instruct-frugalVL
tortuous vessel in a,tortuous vessel in aorta,0.322265625,0,Qwen3-VL-8B-Instruct-frugalVL
tortuous vessel in a,tortuous vessel in aorta,0.2578125,0,Qwen3-VL-8B-Instruct-frugalVL
cardiomegaly,cardiomegaly,0.671875,0,Qwen3-VL-8B-Instruct-frugalVL
cardiomegaly,cardiomegaly,0.734375,0,Qwen3-VL-8B-Instruct-frugalVL
cardiomegaly,cardiomegaly,0.75390625,0,Qwen3-VL-8B-Instruct-frugalVL
cardiomegaly,cardiomegaly,0.94140625,0,Qwen3-VL-8B-Instruct-frugalVL
cardiomegaly,cardiomegaly,0.126953125,0,Qwen3-VL-8B-Instruct-frugalVL
elevated diaphragm,lung hypoinflation in lung,0.07666015625,0,Qwen3-VL-8B-Instruct-frugalVL
elevated diaphragm,lung hypoinflation in lung,0.09619140625,0,Qwen3-VL-8B-Instruct-frugalVL
elevated diaphragm,lung hypoinflation in lung,0.2890625,0,Qwen3-VL-8B-Instruct-frugalVL
elevated diaphragm,lung hypoinflation in lung,0.35546875,0,Qwen3-VL-8B-Instruct-frugalVL
elevated diaphragm,lung hypoinflation in lung,0.2060546875,0,Qwen3-VL-8B-Instruct-frugalVL
elevated diaphragm,lung hypoinflation in lung,0.1845703125,0,Qwen3-VL-8B-Instruct-frugalVL
osteophyte,osteophyte,0.09423828125,0,Qwen3-VL-8B-Instruct-frugalVL
osteophyte,osteophyte,0.69921875,1,Qwen3-VL-8B-Instruct-frugalVL
osteophyte,osteophyte,0.984375,1,Qwen3-VL-8B-Instruct-frugalVL
pulmonary opacity,pulmonary atelectasis,0.162109375,0,Qwen3-VL-8B-Instruct-frugalVL
pulmonary opacity,pulmonary atelectasis,0.86328125,1,Qwen3-VL-8B-Instruct-frugalVL
pulmonary opacity,pulmonary atelectasis,0.99609375,1,Qwen3-VL-8B-Instruct-frugalVL
pulmonary opacity,pulmonary atelectasis,0.7109375,0,Qwen3-VL-8B-Instruct-frugalVL
pulmonary opacity,pulmonary atelectasis,1.0,1,Qwen3-VL-8B-Instruct-frugalVL
pulmonary opacity,pulmonary atelectasis,0.8125,1,Qwen3-VL-8B-Instruct-frugalVL
normal,normal,0.0157470703125,0,Qwen3-VL-8B-Instruct-frugalVL
fibrosis,atherosclerosis,0.263671875,0,Qwen3-VL-8B-Instruct-frugalVL
fibrosis,atherosclerosis,0.96875,1,Qwen3-VL-8B-Instruct-frugalVL
fibrosis,atherosclerosis,0.75390625,1,Qwen3-VL-8B-Instruct-frugalVL
normal,normal,0.0157470703125,0,Qwen3-VL-8B-Instruct-frugalVL
scoliosis,calcified granuloma,1.0,0,Qwen3-VL-8B-Instruct-frugalVL
scoliosis,calcified granuloma,0.240234375,0,Qwen3-VL-8B-Instruct-frugalVL
scoliosis,calcified granuloma,0.427734375,0,Qwen3-VL-8B-Instruct-frugalVL
scoliosis,calcified granuloma,0.07958984375,0,Qwen3-VL-8B-Instruct-frugalVL
scoliosis,calcified granuloma,0.8046875,0,Qwen3-VL-8B-Instruct-frugalVL
pleural effusion,pleural effusion,0.2412109375,0,Qwen3-VL-8B-Instruct-frugalVL
pleural effusion,pleural effusion,0.953125,1,Qwen3-VL-8B-Instruct-frugalVL
pleural effusion,pleural effusion,0.9765625,1,Qwen3-VL-8B-Instruct-frugalVL
pleural effusion,pleural effusion,0.921875,1,Qwen3-VL-8B-Instruct-frugalVL
normal,normal,0.0157470703125,0,Qwen3-VL-8B-Instruct-frugalVL
normal,normal,0.0157470703125,0,Qwen3-VL-8B-Instruct-frugalVL
cardiomegaly,cystic fibrosis,0.671875,0,Qwen3-VL-8B-Instruct-frugalVL
cardiomegaly,cystic fibrosis,0.796875,0,Qwen3-VL-8B-Instruct-frugalVL
cardiomegaly,cystic fibrosis,0.068359375,0,Qwen3-VL-8B-Instruct-frugalVL
cardiomegaly,cystic fibrosis,0.78515625,0,Qwen3-VL-8B-Instruct-frugalVL
cardiomegaly,cystic fibrosis,0.1787109375,0,Qwen3-VL-8B-Instruct-frugalVL
granuloma,granuloma,0.5078125,0,Qwen3-VL-8B-Instruct-frugalVL
granuloma,granuloma,0.0673828125,0,Qwen3-VL-8B-Instruct-frugalVL
granuloma,granuloma,0.11083984375,0,Qwen3-VL-8B-Instruct-frugalVL
degenerative change in spine,lung hyperdistention in lung,0.859375,0,Qwen3-VL-8B-Instruct-frugalVL
degenerative change in spine,lung hyperdistention in lung,0.169921875,0,Qwen3-VL-8B-Instruct-frugalVL
degenerative change in spine,lung hyperdistention in lung,0.2578125,0,Qwen3-VL-8B-Instruct-frugalVL
degenerative change in spine,lung hyperdistention in lung,0.59375,0,Qwen3-VL-8B-Instruct-frugalVL
degenerative change in spine,lung hyperdistention in lung,0.52734375,0,Qwen3-VL-8B-Instruct-frugalVL
degenerative change in spine,lung hyperdistention in lung,0.2353515625,0,Qwen3-VL-8B-Instruct-frugalVL
chronic lung disease,cicatrix,0.275390625,0,Qwen3-VL-8B-Instruct-frugalVL
chronic lung disease,cicatrix,0.275390625,0,Qwen3-VL-8B-Instruct-frugalVL
chronic lung disease,cicatrix,0.1708984375,0,Qwen3-VL-8B-Instruct-frugalVL
pulmonary nodule,pulmonary nodule,0.09619140625,0,Qwen3-VL-8B-Instruct-frugalVL
pulmonary nodule,pulmonary nodule,0.90625,1,Qwen3-VL-8B-Instruct-frugalVL
pulmonary nodule,pulmonary nodule,0.98828125,1,Qwen3-VL-8B-Instruct-frugalVL
pulmonary nodule,pulmonary nodule,0.609375,1,Qwen3-VL-8B-Instruct-frugalVL
pulmonary nodule,pulmonary nodule,1.0,1,Qwen3-VL-8B-Instruct-frugalVL
normal,normal,0.0157470703125,0,Qwen3-VL-8B-Instruct-frugalVL
